operation_name ,input_dim_0 ,input_dim_1 ,input_dim_2 ,size    ,computation_mean
add            ,          7 ,         71 ,          4 ,   1988 , 1.023
add            ,          3 ,          3 ,          7 ,     63 , 0.9135981
add            ,          9 ,          6 ,          1 ,     54 , 0.8784018
add            ,      24776 ,          1 ,          1 ,  24776 , 1.4136965
add            ,          3 ,          7 ,         32 ,    672 , 0.9661519000000001
add            ,          3 ,         10 ,         36 ,   1080 , 1.0474199
add            ,     114249 ,          1 ,          1 , 114249 , 2.9795268999999998
add            ,        180 ,         14 ,         13 ,  32760 , 1.8980358000000002
add            ,          7 ,         25 ,          2 ,    350 , 0.9950268999999998
add            ,     954530 ,          1 ,          1 , 954530 ,17.786606999999997
add            ,         24 ,          7 ,         14 ,   2352 , 1.1611342
add            ,         12 ,         15 ,          7 ,   1260 , 1.1555895
add            ,         53 ,          6 ,          1 ,    318 , 0.8741246
add            ,          2 ,       5699 ,          1 ,  11398 , 1.5548931
add            ,          8 ,          1 ,          1 ,      8 , 0.8417142
add            ,          2 ,          2 ,          2 ,      8 , 0.8936876000000001
add            ,       6654 ,          1 ,          1 ,   6654 , 1.0713927
add            ,          2 ,       1969 ,          1 ,   3938 , 1.1203035
add            ,          8 ,          2 ,         36 ,    576 , 0.9849731
add            ,         79 ,       1529 ,          1 , 120791 , 3.0894196999999997
add            ,          2 ,          5 ,          3 ,     30 , 0.9323035000000001
add            ,      14210 ,          1 ,          1 ,  14210 , 1.2035715999999999
add            ,         22 ,          1 ,          1 ,     22 , 0.8578749
add            ,          1 ,      23117 ,          1 ,  23117 , 3.5058481
add            ,        647 ,          1 ,          1 ,    647 , 0.8972500999999999
add            ,          4 ,         33 ,       1814 , 239448 , 8.698856999999999
add            ,          3 ,          3 ,          2 ,     18 , 0.9455263999999998
add            ,      35000 ,          1 ,          1 ,  35000 , 1.6081159999999997
add            ,         75 ,          3 ,         10 ,   2250 , 1.0875717
add            ,     778482 ,          1 ,          1 , 778482 ,14.658812800000002
add            ,     138427 ,          1 ,          1 , 138427 , 3.3945712
add            ,          3 ,          2 ,          1 ,      6 , 0.8418749999999999
add            ,         35 ,          1 ,          1 ,     35 , 0.8388213
add            ,      94511 ,          1 ,          1 ,  94511 , 2.6222678
add            ,     107293 ,          1 ,          1 , 107293 , 2.877
add            ,          5 ,          1 ,          1 ,      5 , 0.8382947999999999
add            ,        113 ,         10 ,          1 ,   1130 , 0.9145804000000002
add            ,     750062 ,          1 ,          1 , 750062 ,14.1685802
add            ,          2 ,          4 ,          1 ,      8 , 0.8408301
add            ,     896409 ,          1 ,          1 , 896409 ,16.771999899999997
add            ,          2 ,          6 ,          3 ,     36 , 0.9096786
add            ,         61 ,         48 ,         24 ,  70272 , 3.5747145000000002
add            ,        743 ,        862 ,          1 , 640466 ,12.637848200000002
add            ,          7 ,          5 ,         14 ,    490 , 1.0221250000000002
add            ,          4 ,          7 ,          3 ,     84 , 0.9354466
add            ,         49 ,          3 ,          4 ,    588 , 0.9492767000000001
add            ,          3 ,          5 ,          2 ,     30 , 0.9311517000000002
add            ,        684 ,          1 ,          1 ,    684 , 0.8651696999999998
add            ,          2 ,          1 ,          1 ,      2 , 0.8569821000000001
add            ,          5 ,       1604 ,          1 ,   8020 , 1.2056874000000002
add            ,          2 ,          2 ,          8 ,     32 , 0.8908749
add            ,          1 ,          1 ,          1 ,      1 , 0.0
add            ,        515 ,          7 ,          1 ,   3605 , 1.0235716
add            ,        321 ,          7 ,          2 ,   4494 , 1.273982
add            ,          4 ,         31 ,          3 ,    372 , 0.9885624
add            ,          3 ,          7 ,          1 ,     21 , 0.8860178
add            ,         17 ,          1 ,          1 ,     17 , 0.8526784
add            ,          2 ,        102 ,          3 ,    612 , 0.9091515000000001
add            ,          3 ,         11 ,          2 ,     66 , 0.9524195000000001
add            ,          4 ,          3 ,         39 ,    468 , 0.9545891000000001
add            ,     950967 ,          1 ,          1 , 950967 ,17.7184021
add            ,       3141 ,          1 ,          1 ,   3141 , 0.9954642999999999
add            ,     253831 ,          1 ,          1 , 253831 , 5.523437500000002
add            ,          5 ,        760 ,          4 ,  15200 , 1.3802587
add            ,          1 ,          4 ,          1 ,      4 , 0.8834552999999999
add            ,        136 ,          1 ,          1 ,    136 , 0.8679913000000001
add            ,       6452 ,          1 ,          1 ,   6452 , 1.0881248000000001
add            ,          1 ,       2127 ,          1 ,   2127 , 1.1875359
add            ,          5 ,         11 ,        210 ,  11550 , 1.2800179
add            ,         10 ,          3 ,          2 ,     60 , 0.9462946000000001
add            ,          1 ,       8185 ,          1 ,   8185 , 1.7955713999999996
add            ,         36 ,          1 ,          1 ,     36 , 0.8581431
add            ,          4 ,          4 ,          1 ,     16 , 0.8827143000000002
add            ,          2 ,          5 ,          7 ,     70 , 0.9482856
add            ,        250 ,          1 ,          1 ,    250 , 0.8734377999999999
add            ,         16 ,          7 ,         12 ,   1344 , 1.1111697
add            ,          3 ,          1 ,          1 ,      3 , 0.8525445000000001
add            ,         53 ,          1 ,          1 ,     53 , 0.8540176
add            ,          1 ,       3837 ,          1 ,   3837 , 1.3366610000000003
add            ,        344 ,          1 ,          1 ,    344 , 0.8832854999999998
add            ,          3 ,          2 ,          2 ,     12 , 0.8766966
add            ,       7169 ,          1 ,          1 ,   7169 , 1.0488484999999999
add            ,     264795 ,          1 ,          1 , 264795 , 5.6271518
add            ,       2811 ,          1 ,          1 ,   2811 , 0.9372855
add            ,        410 ,          1 ,          1 ,    410 , 0.846875
add            ,         18 ,          5 ,          3 ,    270 , 1.0520089999999997
add            ,          2 ,          3 ,          2 ,     12 , 0.8802859
add            ,       1303 ,          1 ,          1 ,   1303 , 0.9106873999999999
add            ,        376 ,          1 ,          1 ,    376 , 0.8865445999999999
add            ,       4617 ,          1 ,          1 ,   4617 , 1.064384
add            ,          1 ,         37 ,          1 ,     37 , 0.8730002000000001
add            ,       1684 ,          1 ,          1 ,   1684 , 0.924991
add            ,         16 ,          1 ,          1 ,     16 , 0.8563035000000001
add            ,          8 ,          5 ,         23 ,    920 , 1.0178393
add            ,     421061 ,          1 ,          1 , 421061 , 8.3599912
add            ,        596 ,          1 ,          1 ,    596 , 0.9122676000000001
add            ,          4 ,          1 ,          1 ,      4 , 0.8654287
add            ,          9 ,          2 ,          4 ,     72 , 0.9171248999999999
add            ,         12 ,          1 ,          1 ,     12 , 0.8522768000000001
add            ,          1 ,         11 ,          1 ,     11 , 0.8522856000000001
add            ,          4 ,          7 ,          1 ,     28 , 0.8968481
add            ,          1 ,         72 ,          1 ,     72 , 0.8520091000000001
add            ,      25847 ,          1 ,          1 ,  25847 , 1.4084375
add            ,         52 ,          1 ,          1 ,     52 , 0.8545891000000001
add            ,        108 ,          7 ,         13 ,   9828 , 1.2093037
add            ,          3 ,          3 ,          1 ,      9 , 0.8648747999999999
add            ,         83 ,         10 ,          4 ,   3320 , 1.0923036
add            ,          3 ,          2 ,          3 ,     18 , 0.943268
add            ,        103 ,         83 ,          1 ,   8549 , 1.0971781999999999
add            ,      23644 ,          1 ,          1 ,  23644 , 1.3407320999999999
add            ,          3 ,         12 ,          5 ,    180 , 1.0102679
add            ,         12 ,          4 ,          3 ,    144 , 0.9662947
add            ,       6024 ,          1 ,          1 ,   6024 , 1.0191249999999998
add            ,       8644 ,          1 ,          1 ,   8644 , 1.1358572
add            ,          8 ,          8 ,          3 ,    192 , 0.9473122
add            ,         95 ,          1 ,          1 ,     95 , 0.8521607000000001
add            ,          6 ,          7 ,         11 ,    462 , 1.0297052
add            ,         16 ,          3 ,          4 ,    192 , 0.9665893000000001
add            ,       4075 ,          3 ,          1 ,  12225 , 1.3848568
add            ,         21 ,         13 ,         22 ,   6006 , 1.6894106
add            ,          2 ,        414 ,          1 ,    828 , 0.9388837999999999
add            ,          1 ,       1597 ,          1 ,   1597 , 1.1102679999999998
add            ,        887 ,        877 ,          1 , 777899 ,14.9344108
add            ,         47 ,          3 ,          1 ,    141 , 0.8476785
add            ,          6 ,          1 ,          1 ,      6 , 0.8522767000000002
add            ,        242 ,         12 ,         68 , 197472 , 4.8387234
add            ,     432266 ,          1 ,          1 , 432266 , 8.571276600000001
add            ,      99533 ,          1 ,          1 ,  99533 , 2.7060178
add            ,          1 ,       2566 ,          1 ,   2566 , 1.2371519
add            ,       2162 ,         16 ,         15 , 518880 ,10.1486875
add            ,         24 ,          3 ,        213 ,  15336 , 1.2713033999999999
add            ,       2238 ,        241 ,          1 , 539358 ,11.1082855
add            ,          4 ,       2153 ,          1 ,   8612 , 1.1807232
add            ,         19 ,          2 ,          5 ,    190 , 0.9687144
add            ,     116284 ,          1 ,          1 , 116284 , 3.0580002000000004
add            ,         13 ,          1 ,          1 ,     13 , 0.852402
add            ,        786 ,          1 ,          1 ,    786 , 0.8645890999999999
add            ,        134 ,        350 ,          1 ,  46900 , 1.9215446
add            ,          5 ,         24 ,         20 ,   2400 , 1.2042949
add            ,          7 ,      12813 ,          1 ,  89691 , 2.7127141
add            ,     338311 ,          1 ,          1 , 338311 , 6.864428799999999
add            ,          4 ,         15 ,          5 ,    300 , 1.0391252
add            ,      79109 ,          1 ,          1 ,  79109 , 2.3193036
add            ,          1 ,         14 ,          1 ,     14 , 0.8534374999999998
add            ,         63 ,          7 ,          2 ,    882 , 0.9855357
add            ,         28 ,          1 ,          1 ,     28 , 0.8575894000000002
add            ,         11 ,          1 ,          1 ,     11 , 0.8672769
add            ,         23 ,          1 ,          1 ,     23 , 0.8529912000000002
add            ,          3 ,         14 ,         10 ,    420 , 1.098875
add            ,          9 ,          2 ,          3 ,     54 , 0.9451249
add            ,          5 ,          2 ,         43 ,    430 , 0.9771429000000001
add            ,         71 ,          4 ,          7 ,   1988 , 0.9998481
add            ,        101 ,          2 ,          1 ,    202 , 0.8522771
add            ,         39 ,          1 ,          1 ,     39 , 0.8526786
add            ,         10 ,          5 ,          2 ,    100 , 0.9877054
add            ,         86 ,          1 ,          1 ,     86 , 0.8650092
add            ,          3 ,         55 ,          3 ,    495 , 0.9327055
add            ,        343 ,          1 ,          1 ,    343 , 0.8808484999999999
add            ,          6 ,          7 ,          8 ,    336 , 1.0255447
add            ,        449 ,          1 ,          1 ,    449 , 0.9067141000000001
add            ,      19022 ,          1 ,          1 ,  19022 , 1.2774465000000002
add            ,         11 ,          5 ,         11 ,    605 , 1.1274284999999997
add            ,       1454 ,          1 ,          1 ,   1454 , 0.9225535
add            ,          7 ,          7 ,          6 ,    294 , 1.0120089
add            ,          7 ,         32 ,         40 ,   8960 , 1.427
add            ,        152 ,       4558 ,          1 , 692816 ,13.309598500000002
add            ,         26 ,        142 ,         13 ,  47996 , 2.8655625
add            ,      25503 ,          1 ,          1 ,  25503 , 1.3917232
add            ,        187 ,        145 ,          1 ,  27115 , 1.6684376999999997
add            ,        316 ,          4 ,          6 ,   7584 , 1.171027
add            ,         23 ,          3 ,          1 ,     69 , 0.8635534999999999
add            ,       4631 ,          1 ,          1 ,   4631 , 1.1010176
add            ,          9 ,         11 ,          5 ,    495 , 1.0944194999999999
add            ,         24 ,          1 ,          1 ,     24 , 0.8521429000000001
add            ,          7 ,          1 ,          1 ,      7 , 0.8521163000000002
add            ,     154873 ,          1 ,          1 , 154873 , 3.6455269
add            ,         97 ,        431 ,          1 ,  41807 , 1.8410003
add            ,         55 ,          5 ,          1 ,    275 , 0.8637323
add            ,     568781 ,          1 ,          1 , 568781 ,10.9527144
add            ,         23 ,          7 ,          4 ,    644 , 0.9978747
add            ,          1 ,          2 ,          1 ,      2 , 0.8528841
add            ,     669000 ,          1 ,          1 , 669000 ,12.8005714
add            ,          8 ,          2 ,          2 ,     32 , 0.9024642
add            ,      63050 ,          1 ,          1 ,  63050 , 2.0754288
add            ,          1 ,         43 ,          1 ,     43 , 0.854875
add            ,      88299 ,          1 ,          1 ,  88299 , 2.4851517999999997
add            ,     165584 ,          2 ,          1 , 331168 ,18.933437399999995
add            ,        157 ,         15 ,          1 ,   2355 , 0.9630000000000001
add            ,          3 ,         23 ,          1 ,     69 , 0.8778124999999999
add            ,         14 ,          4 ,         73 ,   4088 , 1.1668216
add            ,         13 ,        292 ,          1 ,   3796 , 1.0498660999999998
add            ,        335 ,         55 ,          1 ,  18425 , 1.3468394000000001
add            ,        193 ,         78 ,          1 ,  15054 , 1.3178838999999998
add            ,        466 ,          1 ,          1 ,    466 , 0.8888213
add            ,          3 ,          6 ,          4 ,     72 , 0.9675535999999999
add            ,          5 ,         11 ,          2 ,    110 , 0.971616
add            ,     183896 ,          5 ,          1 , 919480 ,26.772866
add            ,          1 ,     305783 ,          1 , 305783 ,31.7698749
add            ,         57 ,          1 ,          1 ,     57 , 0.8604642
add            ,          3 ,       2939 ,          1 ,   8817 , 1.3044286
add            ,     988850 ,          1 ,          1 , 988850 ,18.4254019
add            ,       2393 ,          1 ,          1 ,   2393 , 0.9743033000000001
add            ,          3 ,          4 ,          4 ,     48 , 0.9505891999999999
add            ,         15 ,        126 ,          1 ,   1890 , 0.9519554000000001
add            ,         30 ,         85 ,         16 ,  40800 , 2.0067232000000006
add            ,          4 ,          2 ,          2 ,     16 , 0.9025715000000002
add            ,          6 ,          2 ,          2 ,     24 , 0.9321427
add            ,         58 ,         38 ,          1 ,   2204 , 1.0300181
add            ,         83 ,        239 ,          1 ,  19837 , 1.3488480999999999
add            ,          2 ,          3 ,          3 ,     18 , 0.9619999
add            ,         42 ,         41 ,          4 ,   6888 , 1.6387145999999997
add            ,         15 ,         28 ,          4 ,   1680 , 1.2022767
add            ,        780 ,          3 ,          3 ,   7020 , 1.2487143
add            ,         27 ,          2 ,          6 ,    324 , 0.9705354999999999
add            ,       1623 ,          1 ,          1 ,   1623 , 0.9221338000000001
add            ,          5 ,          4 ,         25 ,    500 , 1.0231697
add            ,         26 ,          2 ,        896 ,  46592 , 3.4686873999999994
add            ,      18857 ,          1 ,          1 ,  18857 , 1.3169818999999998
add            ,         19 ,          9 ,          6 ,   1026 , 1.0654106
add            ,          1 ,        223 ,          1 ,    223 , 0.8910003
add            ,          3 ,          4 ,          3 ,     36 , 0.9791159999999998
add            ,          5 ,         41 ,         21 ,   4305 , 1.2535627999999999
add            ,         28 ,          9 ,          7 ,   1764 , 1.114857
add            ,       1250 ,          1 ,          1 ,   1250 , 0.9387231
add            ,          1 ,      83344 ,          1 ,  83344 ,10.0571517
add            ,         17 ,         18 ,         10 ,   3060 , 1.4393924999999999
add            ,          5 ,          2 ,         21 ,    210 , 0.9607231
add            ,         38 ,         38 ,          1 ,   1444 , 0.9705893
add            ,          4 ,         18 ,          1 ,     72 , 0.8772768
add            ,      61679 ,          1 ,          1 ,  61679 , 2.0278750000000003
add            ,          5 ,          3 ,          1 ,     15 , 0.8944106000000002
add            ,          2 ,       1174 ,         42 ,  98616 , 6.8784284
add            ,         25 ,         20 ,          1 ,    500 , 0.9609820000000001
add            ,          6 ,          5 ,          5 ,    150 , 1.0278391
add            ,       7746 ,          1 ,          1 ,   7746 , 1.0865624
add            ,      13809 ,          3 ,          1 ,  41427 , 2.6058393000000004
add            ,         10 ,          2 ,          2 ,     40 , 0.8914196000000002
add            ,          6 ,      42173 ,          1 , 253038 , 6.944866099999999
add            ,      38542 ,          1 ,          1 ,  38542 , 1.6344196
add            ,     980070 ,          1 ,          1 , 980070 ,18.2235624
add            ,          3 ,         19 ,          1 ,     57 , 0.8791517000000001
add            ,          3 ,        182 ,          1 ,    546 , 0.9225804999999999
add            ,       4897 ,         41 ,          1 , 200777 , 5.206160800000001
add            ,     245815 ,          2 ,          1 , 491630 ,27.6625802
add            ,        538 ,          2 ,          1 ,   1076 , 0.9497054
add            ,     766021 ,          1 ,          1 , 766021 ,14.519428600000001
add            ,        979 ,          1 ,          1 ,    979 , 0.8731517
add            ,        222 ,          1 ,          1 ,    222 , 0.8624106000000001
add            ,          1 ,        212 ,          1 ,    212 , 0.9358571
add            ,          1 ,      90430 ,          1 ,  90430 ,10.8127411
add            ,     111833 ,          5 ,          1 , 559165 ,16.7378749
add            ,          6 ,          3 ,         65 ,   1170 , 0.9689643
add            ,          7 ,         11 ,         18 ,   1386 , 1.155152
add            ,          5 ,          3 ,          2 ,     30 , 0.9285712
add            ,        231 ,          1 ,          1 ,    231 , 0.8625536
add            ,         19 ,        562 ,          1 ,  10678 , 1.2604645
add            ,        141 ,        321 ,          1 ,  45261 , 1.9250178999999998
add            ,         15 ,          1 ,          1 ,     15 , 0.8597143
add            ,      41381 ,          4 ,          5 , 827620 ,25.885017800000004
add            ,      11345 ,          1 ,          1 ,  11345 , 1.1716786000000003
add            ,          3 ,          3 ,          6 ,     54 , 0.9497407000000001
add            ,          2 ,       1403 ,          1 ,   2806 , 1.09625
add            ,          3 ,          2 ,         11 ,     66 , 0.9321339000000002
add            ,          2 ,          2 ,          3 ,     12 , 0.9399998999999999
add            ,          2 ,      16639 ,          1 ,  33278 , 2.7501428000000003
add            ,         65 ,          1 ,          1 ,     65 , 0.8761518
add            ,        161 ,          1 ,          1 ,    161 , 0.8610088000000001
add            ,          2 ,          2 ,          5 ,     20 , 0.8952589000000002
add            ,         61 ,          1 ,          1 ,     61 , 0.8858662
add            ,          7 ,         12 ,         14 ,   1176 , 1.1584196
add            ,       4157 ,          1 ,          1 ,   4157 , 0.9708752999999998
add            ,          2 ,          3 ,          5 ,     30 , 0.9527410000000002
add            ,         48 ,          1 ,          1 ,     48 , 0.8590177999999999
add            ,        656 ,          1 ,          1 ,    656 , 0.8618482000000001
add            ,          3 ,         19 ,         10 ,    570 , 1.0682945
add            ,         15 ,          3 ,          3 ,    135 , 0.9581783000000001
add            ,          1 ,       1867 ,          1 ,   1867 , 1.089134
add            ,          4 ,          2 ,          4 ,     32 , 0.9094375000000001
add            ,     181570 ,          1 ,          1 , 181570 , 4.204303299999999
add            ,          3 ,          2 ,         10 ,     60 , 0.9178663
add            ,          4 ,         35 ,          1 ,    140 , 0.8634284000000001
add            ,       7228 ,          1 ,          1 ,   7228 , 1.0543035
add            ,      38260 ,          1 ,          1 ,  38260 , 1.6011517999999998
add            ,          6 ,         36 ,          4 ,    864 , 0.9855265
add            ,          1 ,     877254 ,          1 , 877254 ,88.979277
add            ,         19 ,          9 ,          1 ,    171 , 0.9174464
add            ,         18 ,          1 ,          1 ,     18 , 0.8651431
add            ,          4 ,        367 ,          1 ,   1468 , 0.9454286
add            ,         79 ,          3 ,          3 ,    711 , 0.9565895
add            ,          4 ,          7 ,          2 ,     56 , 0.9484197
add            ,          8 ,         38 ,          1 ,    304 , 0.8626963
add            ,        255 ,          1 ,          1 ,    255 , 0.8467321999999999
add            ,          1 ,         83 ,          1 ,     83 , 0.8605715
add            ,          6 ,          3 ,          5 ,     90 , 1.0371161
add            ,        219 ,          1 ,          1 ,    219 , 0.8470179999999999
add            ,          2 ,         35 ,          4 ,    280 , 0.9081518
add            ,       2596 ,          1 ,          1 ,   2596 , 0.9728842
add            ,     938757 ,          1 ,          1 , 938757 ,17.5290001
add            ,      25937 ,          1 ,          1 ,  25937 , 1.3562948000000001
add            ,         45 ,         33 ,         10 ,  14850 , 1.8551695
add            ,          2 ,          2 ,          4 ,     16 , 0.9014197000000002
add            ,     708665 ,          1 ,          1 , 708665 ,13.514464099999998
add            ,          5 ,       1561 ,          1 ,   7805 , 1.1812945
add            ,      12716 ,          1 ,          1 ,  12716 , 1.1445894
add            ,         10 ,          2 ,          3 ,     60 , 0.9242765000000001
add            ,          5 ,          2 ,          3 ,     30 , 0.9284374999999999
add            ,     248580 ,          1 ,          1 , 248580 , 5.4152946
add            ,         11 ,         93 ,          1 ,   1023 , 0.9498392000000001
add            ,         19 ,          5 ,         26 ,   2470 , 1.2245446000000002
add            ,          1 ,          5 ,          1 ,      5 , 0.8650000999999999
add            ,          1 ,         97 ,          1 ,     97 , 0.8458569
add            ,       3767 ,          1 ,          1 ,   3767 , 0.9614284
add            ,       8120 ,          1 ,          1 ,   8120 , 1.019866
add            ,          1 ,          3 ,          1 ,      3 , 0.8629911
add            ,      47727 ,          1 ,          1 ,  47727 , 1.7918929
add            ,      87320 ,          1 ,          1 ,  87320 , 2.5024197
add            ,          6 ,          2 ,         12 ,    144 , 0.9973124999999999
add            ,          2 ,          6 ,          1 ,     12 , 0.8771519999999999
add            ,       5917 ,          1 ,          1 ,   5917 , 1.0199911999999998
add            ,         10 ,        368 ,          3 ,  11040 , 1.3888572
add            ,        143 ,          1 ,          1 ,    143 , 0.8672765
add            ,         15 ,          5 ,          1 ,     75 , 0.9049999999999999
add            ,       8969 ,          1 ,          1 ,   8969 , 1.0642592
add            ,         15 ,          2 ,          7 ,    210 , 1.0135533999999997
add            ,       6635 ,          1 ,          1 ,   6635 , 1.075134
add            ,          1 ,      17773 ,          1 ,  17773 , 2.9124374
add            ,       1111 ,          1 ,          1 ,   1111 , 0.9604378000000002
add            ,         48 ,         28 ,          1 ,   1344 , 0.9619104999999999
add            ,          4 ,        110 ,         16 ,   7040 , 1.0315983
add            ,     895537 ,          1 ,          1 , 895537 ,16.7621429
add            ,     993056 ,          1 ,          1 , 993056 ,18.4381786
add            ,        249 ,          1 ,          1 ,    249 , 0.8475801000000001
add            ,          3 ,       3253 ,          1 ,   9759 , 1.3458660999999998
add            ,          3 ,          4 ,          2 ,     24 , 0.9442858000000001
add            ,          2 ,          3 ,          1 ,      6 , 0.8625538
add            ,      85623 ,          1 ,          1 ,  85623 , 2.5212946
add            ,     345752 ,          1 ,          1 , 345752 , 7.095401900000001
add            ,          3 ,          2 ,          6 ,     36 , 0.9298661000000001
add            ,         72 ,          1 ,          1 ,     72 , 0.8457142
add            ,          1 ,         22 ,          1 ,     22 , 0.8457142
add            ,          3 ,         11 ,          1 ,     33 , 0.8632677999999998
add            ,         11 ,         26 ,          1 ,    286 , 0.9462589000000001
add            ,          3 ,         17 ,          1 ,     51 , 0.8654105999999999
add            ,       3386 ,          1 ,          1 ,   3386 , 0.9780002
add            ,          2 ,         66 ,          1 ,    132 , 0.8671073
add            ,         26 ,          9 ,          3 ,    702 , 1.0609996999999998
add            ,      38738 ,          1 ,          1 ,  38738 , 1.6768483000000003
add            ,       9198 ,          1 ,          1 ,   9198 , 1.0635626
add            ,          4 ,          3 ,          2 ,     24 , 0.9106967000000001
add            ,      30244 ,          1 ,          1 ,  30244 , 1.498866
add            ,          7 ,        169 ,          1 ,   1183 , 0.9539911
add            ,     137376 ,          1 ,          1 , 137376 , 3.420410799999999
add            ,          8 ,         71 ,          4 ,   2272 , 1.0335625
add            ,         11 ,        910 ,          1 ,  10010 , 1.2212856
add            ,       1609 ,         45 ,          1 ,  72405 , 2.3325892
add            ,     130778 ,          1 ,          1 , 130778 , 3.2567411
add            ,          5 ,         22 ,          3 ,    330 , 1.0140088999999999
add            ,         18 ,          9 ,         29 ,   4698 , 1.4521429
add            ,          3 ,          3 ,          3 ,     27 , 0.9408481000000002
add            ,          7 ,         20 ,          2 ,    280 , 1.0175266
add            ,          8 ,         41 ,         10 ,   3280 , 1.1062680999999999
add            ,          1 ,       2273 ,          1 ,   2273 , 1.1269823999999997
add            ,          3 ,         34 ,          1 ,    102 , 0.8885717999999999
add            ,     950854 ,          1 ,          1 , 950854 ,17.715446399999998
add            ,         22 ,      17805 ,          1 , 391710 , 8.553580400000001
add            ,        965 ,         24 ,          1 ,  23160 , 1.3968303000000002
add            ,       1651 ,        139 ,          1 , 229489 , 5.209722999999999
add            ,         90 ,          1 ,          1 ,     90 , 0.8457143
add            ,      72720 ,          1 ,          1 ,  72720 , 2.1940088999999996
add            ,       1867 ,         47 ,          1 ,  87749 , 2.5316962
add            ,        277 ,          1 ,          1 ,    277 , 0.8684196
add            ,          4 ,         84 ,          3 ,   1008 , 0.9462679000000002
add            ,          3 ,        160 ,         14 ,   6720 , 1.1614195000000003
add            ,       8057 ,          1 ,          1 ,   8057 , 1.0101606
add            ,          1 ,         19 ,          1 ,     19 , 0.8659908999999999
add            ,      41207 ,          1 ,          1 ,  41207 , 1.7341248
add            ,         25 ,          1 ,          1 ,     25 , 0.8488479999999999
add            ,          1 ,        914 ,          1 ,    914 , 1.0184107999999998
add            ,          5 ,       2031 ,          1 ,  10155 , 1.1894464
add            ,     123209 ,          1 ,          1 , 123209 , 3.1220090000000003
add            ,     630709 ,          1 ,          1 , 630709 ,12.076982099999999
add            ,         20 ,          1 ,          1 ,     20 , 0.8458662
add            ,        803 ,          8 ,          1 ,   6424 , 1.0692946
add            ,      10246 ,          1 ,          1 ,  10246 , 1.1599907999999997
add            ,          3 ,          3 ,         20 ,    180 , 0.9328125
add            ,          2 ,         13 ,          1 ,     26 , 0.852857
add            ,        190 ,          1 ,          1 ,    190 , 0.8475892999999999
add            ,         55 ,          1 ,          1 ,     55 , 0.8575625
add            ,       8269 ,          2 ,          1 ,  16538 , 1.8510178
add            ,         82 ,          5 ,          1 ,    410 , 0.8814287999999999
add            ,      47911 ,          1 ,          1 ,  47911 , 1.7994375999999999
add            ,        186 ,          4 ,          3 ,   2232 , 0.9924377
add            ,       1233 ,          1 ,          1 ,   1233 , 0.9161250000000003
add            ,          1 ,         52 ,          1 ,     52 , 0.8464287
add            ,      94228 ,          4 ,          1 , 376912 ,12.3806963
add            ,          3 ,     332701 ,          1 , 998103 ,34.5278839
add            ,          2 ,          5 ,          2 ,     20 , 0.9023124000000001
add            ,      57675 ,          1 ,          1 ,  57675 , 1.9559732
add            ,         10 ,         16 ,          7 ,   1120 , 1.1348479000000002
add            ,      28948 ,          1 ,          1 ,  28948 , 1.4677140999999998
add            ,        749 ,          1 ,          1 ,    749 , 0.8625534
add            ,     221691 ,          1 ,          1 , 221691 , 4.861009
add            ,       3509 ,          1 ,          1 ,   3509 , 0.9592856000000001
add            ,          1 ,       3683 ,          1 ,   3683 , 1.3554285999999998
add            ,        610 ,          1 ,          1 ,    610 , 0.8719911
add            ,          1 ,     307604 ,          1 , 307604 ,32.046035800000006
add            ,        504 ,          1 ,          1 ,    504 , 0.8941608000000001
add            ,        226 ,          1 ,          1 ,    226 , 0.8894198
add            ,          2 ,          3 ,          4 ,     24 , 0.9107143000000001
add            ,      12108 ,          1 ,          1 ,  12108 , 1.1195804
add            ,          1 ,      53827 ,          1 ,  53827 , 6.7732765
add            ,          4 ,         12 ,          2 ,     96 , 0.9426073
add            ,     730487 ,          1 ,          1 , 730487 ,13.850437499999998
add            ,       2479 ,          1 ,          1 ,   2479 , 1.0054463999999999
add            ,      60673 ,          1 ,          1 ,  60673 , 1.9909999000000003
add            ,          4 ,        492 ,          3 ,   5904 , 1.1321695999999999
add            ,         54 ,          1 ,          1 ,     54 , 0.8478394
add            ,          4 ,         15 ,         31 ,   1860 , 1.2205534000000002
add            ,       2883 ,          1 ,          1 ,   2883 , 1.0498484
add            ,         43 ,          4 ,          3 ,    516 , 0.9648663
add            ,       1436 ,          1 ,          1 ,   1436 , 0.9141340999999998
add            ,     234759 ,          2 ,          1 , 469518 ,26.4385984
add            ,     119006 ,          3 ,          1 , 357018 ,15.2476876
add            ,       7017 ,         11 ,          1 ,  77187 , 2.9177229999999996
add            ,         13 ,          8 ,         50 ,   5200 , 1.1707499
add            ,      24358 ,          1 ,          1 ,  24358 , 1.3655625
add            ,      70208 ,          1 ,          1 ,  70208 , 2.2094018999999996
add            ,          4 ,          5 ,          8 ,    160 , 1.0047590000000002
add            ,       1154 ,          3 ,          1 ,   3462 , 1.0453126999999998
add            ,         56 ,      12216 ,          1 , 684096 ,13.143741000000002
add            ,     170494 ,          1 ,          1 , 170494 , 3.9401429
add            ,      81429 ,          1 ,          1 ,  81429 , 2.362875
add            ,      20475 ,          1 ,          1 ,  20475 , 1.3138751000000002
add            ,        517 ,          1 ,          1 ,    517 , 0.8758570999999999
add            ,          3 ,         11 ,          8 ,    264 , 0.9916963999999998
add            ,          4 ,          4 ,          3 ,     48 , 0.9365536000000001
add            ,         26 ,          1 ,          1 ,     26 , 0.8488479999999999
add            ,         37 ,          2 ,          9 ,    666 , 1.0276249
add            ,       3075 ,          1 ,          1 ,   3075 , 1.0159017
add            ,      80746 ,          1 ,          1 ,  80746 , 2.4177142000000003
add            ,        262 ,        116 ,          1 ,  30392 , 1.5379822
add            ,       6226 ,          1 ,          1 ,   6226 , 1.0459999
add            ,         18 ,       6568 ,          1 , 118224 , 3.7710002000000005
add            ,          2 ,        289 ,          8 ,   4624 , 1.0130001
add            ,      14477 ,          1 ,          1 ,  14477 , 1.2931519999999999
add            ,     178726 ,          1 ,          1 , 178726 , 4.1238661
add            ,         29 ,          2 ,          1 ,     58 , 0.8470091
add            ,         14 ,          6 ,          6 ,    504 , 1.0181605999999999
add            ,         37 ,         30 ,          1 ,   1110 , 0.9787143
add            ,       7129 ,          1 ,          1 ,   7129 , 1.0737142
add            ,          2 ,      65788 ,          1 , 131576 , 8.0915537
add            ,        372 ,          1 ,          1 ,    372 , 0.8627230000000001
add            ,     614109 ,          1 ,          1 , 614109 ,11.8535715
add            ,          5 ,          4 ,          3 ,     60 , 0.9587232000000002
add            ,          3 ,          8 ,          5 ,    120 , 1.0337235
add            ,     244576 ,          1 ,          1 , 244576 , 5.3451429
add            ,         46 ,          1 ,          1 ,     46 , 0.8457143
add            ,     151266 ,          1 ,          1 , 151266 , 3.6335357999999998
add            ,        213 ,          1 ,          1 ,    213 , 0.8564288000000001
add            ,         11 ,          4 ,          2 ,     88 , 0.9473840999999998
add            ,         16 ,          7 ,         17 ,   1904 , 1.2275713
add            ,        133 ,          1 ,          1 ,    133 , 0.8474198999999999
add            ,     526434 ,          1 ,          1 , 526434 ,10.2442858
add            ,          8 ,         47 ,         41 ,  15416 , 1.754857
add            ,         11 ,          3 ,          6 ,    198 , 0.9518391999999999
add            ,     184193 ,          1 ,          1 , 184193 , 4.1618484
add            ,      69558 ,          1 ,          1 ,  69558 , 2.1964107
add            ,          9 ,         78 ,          4 ,   2808 , 1.038991
add            ,      26557 ,          1 ,          1 ,  26557 , 1.4024196999999998
add            ,         10 ,        325 ,          1 ,   3250 , 1.0147412
add            ,          6 ,      60257 ,          1 , 361542 , 9.411553399999999
add            ,       4709 ,          9 ,          1 ,  42381 , 2.3207411999999996
add            ,      28756 ,          1 ,          1 ,  28756 , 1.4860982
add            ,          5 ,          7 ,          6 ,    210 , 0.9722948
add            ,        306 ,          1 ,          1 ,    306 , 0.8758479999999998
add            ,          5 ,          2 ,         18 ,    180 , 0.9390088999999999
add            ,          1 ,         25 ,          1 ,     25 , 0.8457141
add            ,          1 ,     134982 ,          1 , 134982 ,15.581580300000002
add            ,         38 ,        701 ,          1 ,  26638 , 1.5257589
add            ,         59 ,          1 ,          1 ,     59 , 0.8457145
add            ,       3321 ,          9 ,          1 ,  29889 , 1.9018304999999998
add            ,       4442 ,          1 ,          1 ,   4442 , 0.9928303999999999
add            ,         33 ,          1 ,          1 ,     33 , 0.845866
add            ,      38726 ,          1 ,          1 ,  38726 , 1.6045621999999997
add            ,         19 ,          4 ,       1917 , 145692 , 5.589705100000001
add            ,        505 ,          1 ,          1 ,    505 , 0.8921338999999999
add            ,       7749 ,          1 ,          1 ,   7749 , 1.0504285
add            ,       9281 ,          1 ,          1 ,   9281 , 1.1367143
add            ,     157769 ,          1 ,          1 , 157769 , 3.7521606
add            ,          3 ,          2 ,         25 ,    150 , 0.9261247000000001
add            ,      23193 ,          1 ,          1 ,  23193 , 1.3732856999999998
add            ,       1108 ,        127 ,          1 , 140716 , 3.5401426999999996
add            ,        313 ,          1 ,          1 ,    313 , 0.8836962999999999
add            ,         38 ,          9 ,         71 ,  24282 , 1.7835893999999999
add            ,         31 ,          4 ,         35 ,   4340 , 1.4157143
add            ,        645 ,          1 ,          1 ,    645 , 0.9168749999999999
add            ,          5 ,          4 ,         14 ,    280 , 1.0071607000000002
add            ,          2 ,          9 ,          7 ,    126 , 1.0093838
add            ,        123 ,          1 ,          1 ,    123 , 0.8688479999999998
add            ,          1 ,         17 ,          1 ,     17 , 0.8457143
add            ,         13 ,          3 ,          5 ,    195 , 1.0371785
add            ,       2127 ,        158 ,          1 , 336066 , 7.1212857
add            ,         63 ,         29 ,          4 ,   7308 , 1.3622768
add            ,          3 ,         10 ,       9861 , 295830 ,13.0276965
add            ,         71 ,        313 ,          1 ,  22223 , 1.4817322000000002
add            ,       1702 ,        313 ,          1 , 532726 ,11.0794287
add            ,          6 ,       1251 ,         23 , 172638 , 4.2548392999999995
add            ,          5 ,        268 ,          1 ,   1340 , 0.9404017
add            ,          4 ,          4 ,          4 ,     64 , 0.9332410000000001
add            ,     662351 ,          1 ,          1 , 662351 ,12.621035500000001
add            ,        519 ,          1 ,          1 ,    519 , 0.8841695999999999
add            ,     237025 ,          1 ,          1 , 237025 , 5.1723124
add            ,         17 ,          2 ,          4 ,    136 , 0.8859907999999999
add            ,         33 ,          5 ,        418 ,  68970 , 2.7392947
add            ,         19 ,         10 ,         62 ,  11780 , 1.5052768000000003
add            ,          1 ,        379 ,          1 ,    379 , 0.9121609000000002
add            ,         30 ,          4 ,          5 ,    600 , 1.0377143
add            ,         39 ,         60 ,          1 ,   2340 , 0.9987320999999998
add            ,        274 ,          1 ,          1 ,    274 , 0.8798391999999999
add            ,          3 ,         21 ,          1 ,     63 , 0.8634286
add            ,          2 ,          7 ,         88 ,   1232 , 0.9955535999999998
add            ,         44 ,          1 ,          1 ,     44 , 0.8457142
add            ,      12037 ,          4 ,          4 , 192592 , 6.750160600000001
add            ,         92 ,          6 ,         20 ,  11040 , 1.2587053
add            ,      55729 ,          1 ,          1 ,  55729 , 1.9113034999999996
add            ,          1 ,         31 ,          1 ,     31 , 0.873009
add            ,          2 ,         42 ,          3 ,    252 , 0.9322857000000001
add            ,         25 ,          3 ,          1 ,     75 , 0.8644108000000001
add            ,        317 ,          1 ,          1 ,    317 , 0.8786961999999999
add            ,         19 ,         24 ,          1 ,    456 , 0.9477054999999999
add            ,          6 ,        220 ,         12 ,  15840 , 1.3365535999999998
add            ,       7516 ,          1 ,          1 ,   7516 , 1.0388571
add            ,          6 ,        174 ,          7 ,   7308 , 1.1093036
add            ,        194 ,          1 ,          1 ,    194 , 0.8687053
add            ,          4 ,         14 ,          7 ,    392 , 0.9954286
add            ,         24 ,          4 ,          3 ,    288 , 0.9324372000000001
add            ,          3 ,          2 ,         13 ,     78 , 0.9108748
add            ,          7 ,          2 ,         57 ,    798 , 0.9805626000000002
add            ,          8 ,         18 ,       1360 , 195840 , 4.5279908
add            ,          7 ,          3 ,         17 ,    357 , 0.9527144
add            ,          1 ,        173 ,          1 ,    173 , 0.9158395
add            ,     688955 ,          1 ,          1 , 688955 ,13.159696499999999
add            ,       9107 ,          1 ,          1 ,   9107 , 1.0785803
add            ,     392619 ,          1 ,          1 , 392619 , 7.836598
add            ,          5 ,          3 ,          4 ,     60 , 0.9506965
add            ,     310519 ,          1 ,          1 , 310519 , 6.4057142
add            ,      10182 ,          1 ,          1 ,  10182 , 1.1025446
add            ,        511 ,          1 ,          1 ,    511 , 0.8615446
add            ,       1018 ,          1 ,          1 ,   1018 , 0.8858838
add            ,        983 ,          1 ,          1 ,    983 , 0.8651426999999998
add            ,     934000 ,          1 ,          1 , 934000 ,17.4247053
add            ,        329 ,         10 ,         20 ,  65800 , 2.6238571
add            ,     892223 ,          1 ,          1 , 892223 ,16.677535600000002
add            ,       5766 ,          1 ,          1 ,   5766 , 1.0228392
add            ,         73 ,          5 ,          3 ,   1095 , 1.0090087999999997
add            ,         28 ,          4 ,        155 ,  17360 , 1.7928840999999998
add            ,          3 ,          3 ,         26 ,    234 , 0.9452946999999998
add            ,      51238 ,          1 ,          1 ,  51238 , 1.910134
add            ,         10 ,         11 ,        349 ,  38390 , 2.0124372999999998
add            ,      37205 ,          1 ,          1 ,  37205 , 1.6281789
add            ,          3 ,          5 ,         20 ,    300 , 1.0411428
add            ,        152 ,          1 ,          1 ,    152 , 0.8679998999999998
add            ,        484 ,         14 ,         27 , 182952 , 4.8518212
add            ,       1019 ,          1 ,          1 ,   1019 , 0.8821338000000001
add            ,          2 ,          2 ,          1 ,      4 , 0.8470179999999999
add            ,         11 ,        225 ,          1 ,   2475 , 0.9732944
add            ,         10 ,         28 ,        178 ,  49840 , 2.3991607999999998
add            ,          3 ,          2 ,          4 ,     24 , 0.9271341000000002
add            ,          1 ,       4730 ,          1 ,   4730 , 1.4550179
add            ,          2 ,          7 ,          2 ,     28 , 0.9211429000000001
add            ,         14 ,         49 ,         24 ,  16464 , 1.7231247000000003
add            ,          1 ,      65423 ,          1 ,  65423 , 8.041544600000002
add            ,       4911 ,          1 ,          1 ,   4911 , 0.9806875999999999
add            ,        101 ,          1 ,          1 ,    101 , 0.8457141
add            ,          7 ,         35 ,        250 ,  61250 , 2.2243125
add            ,         60 ,          1 ,          1 ,     60 , 0.8494284000000001
add            ,       4667 ,         47 ,          1 , 219349 , 4.9221520000000005
add            ,         27 ,          1 ,          1 ,     27 , 0.8478484
add            ,     559970 ,          1 ,          1 , 559970 ,10.868839399999999
add            ,          3 ,          6 ,          3 ,     54 , 0.9322857000000001
add            ,         51 ,         51 ,         21 ,  54621 , 3.7055628
add            ,        603 ,          1 ,          1 ,    603 , 0.8825892999999999
add            ,         63 ,         14 ,          1 ,    882 , 0.9562770000000003
add            ,       5049 ,          1 ,          1 ,   5049 , 1.016143
add            ,       1391 ,          1 ,          1 ,   1391 , 0.9297321000000001
add            ,        794 ,          1 ,          1 ,    794 , 0.8975716
add            ,        228 ,          1 ,          1 ,    228 , 0.8614379
add            ,        621 ,         53 ,          1 ,  32913 , 1.6204552999999997
add            ,     170715 ,          1 ,          1 , 170715 , 4.0678393
add            ,     218741 ,          1 ,          1 , 218741 , 4.792035500000001
add            ,          2 ,     395886 ,          1 , 791772 ,40.5397323
add            ,          5 ,          4 ,          4 ,     80 , 0.9523035999999999
add            ,          8 ,         10 ,         11 ,    880 , 1.1278839999999999
add            ,      31363 ,          1 ,          1 ,  31363 , 1.5045714
add            ,        547 ,          1 ,          1 ,    547 , 0.8775713999999999
add            ,          1 ,         13 ,          1 ,     13 , 0.8457144
add            ,         75 ,          1 ,          1 ,     75 , 0.8457141
add            ,     623179 ,          1 ,          1 , 623179 ,12.022589399999998
add            ,          2 ,          7 ,          1 ,     14 , 0.8485715
add            ,     690490 ,          1 ,          1 , 690490 ,13.168151899999998
add            ,        483 ,          1 ,          1 ,    483 , 0.8627052000000001
add            ,     977038 ,          1 ,          1 , 977038 ,18.195892800000003
add            ,       1792 ,        166 ,          1 , 297472 , 6.272410800000001
add            ,          3 ,         17 ,         34 ,   1734 , 1.2141606999999999
add            ,       1087 ,          1 ,          1 ,   1087 , 0.9377055000000001
add            ,         15 ,         49 ,         30 ,  22050 , 2.0644735
add            ,          4 ,        338 ,          1 ,   1352 , 0.9547142000000001
add            ,       9485 ,          1 ,          1 ,   9485 , 1.1334373
add            ,          2 ,         19 ,          1 ,     38 , 0.8621158999999998
add            ,         20 ,          7 ,          6 ,    840 , 1.0445623999999998
add            ,     105526 ,          1 ,          1 , 105526 , 2.8270001999999996
add            ,         11 ,          3 ,          1 ,     33 , 0.8835892000000001
add            ,          2 ,          6 ,          2 ,     24 , 0.8979999
add            ,         19 ,      27943 ,          1 , 530917 ,12.8617142
add            ,        229 ,          1 ,          1 ,    229 , 0.8664286000000001
add            ,        155 ,          1 ,          1 ,    155 , 0.8676697000000001
add            ,       2153 ,          5 ,          1 ,  10765 , 1.2508394
add            ,          2 ,      56194 ,          1 , 112388 , 7.034428799999999
add            ,          5 ,          6 ,        174 ,   5220 , 1.1131520000000001
add            ,          6 ,          6 ,         16 ,    576 , 1.0044195999999999
add            ,       1077 ,          1 ,          1 ,   1077 , 0.9208573000000001
add            ,        547 ,         19 ,          1 ,  10393 , 1.2678481000000001
add            ,      15426 ,          5 ,          1 ,  77130 , 3.147875
add            ,        858 ,          1 ,          1 ,    858 , 0.8998752
add            ,        659 ,          1 ,          1 ,    659 , 0.8926785999999998
add            ,         70 ,        553 ,          1 ,  38710 , 1.8097143
add            ,          4 ,          3 ,          6 ,     72 , 0.9656876999999999
add            ,         11 ,          3 ,          3 ,     99 , 0.9462856000000001
add            ,          2 ,          4 ,          3 ,     24 , 0.9308754
add            ,         14 ,          1 ,          1 ,     14 , 0.8625629
add            ,         22 ,          3 ,          1 ,     66 , 0.86342
add            ,          1 ,         86 ,          1 ,     86 , 0.8459909999999999
add            ,         35 ,       6914 ,          1 , 241990 , 5.9327323000000005
add            ,     392113 ,          1 ,          1 , 392113 , 7.968571200000001
add            ,          2 ,          4 ,          2 ,     16 , 0.9108393999999999
add            ,       6090 ,          1 ,          1 ,   6090 , 0.9917232000000002
add            ,          7 ,         23 ,          2 ,    322 , 0.9796786000000001
add            ,      17639 ,          1 ,          1 ,  17639 , 1.2486070999999999
add            ,         78 ,          1 ,          1 ,     78 , 0.8461431000000001
add            ,      13704 ,          1 ,          1 ,  13704 , 1.1909910000000001
add            ,          4 ,          5 ,         41 ,    820 , 1.0270266000000001
add            ,      45009 ,          1 ,          1 ,  45009 , 1.7242768000000002
add            ,          4 ,          8 ,          6 ,    192 , 0.9935447
add            ,     114881 ,          1 ,          1 , 114881 , 2.969857
add            ,       4593 ,          1 ,          1 ,   4593 , 1.0233035
add            ,      27197 ,          1 ,          1 ,  27197 , 1.4239818999999998
add            ,      80215 ,          2 ,          1 , 160430 , 9.6547142
add            ,      55711 ,          1 ,          1 ,  55711 , 1.9385804
add            ,     274345 ,          1 ,          1 , 274345 , 5.8075624
add            ,      66067 ,          1 ,          1 ,  66067 , 2.0917143000000005
add            ,       2707 ,          1 ,          1 ,   2707 , 0.9606782999999999
add            ,         11 ,          3 ,          2 ,     66 , 0.9395894
add            ,         26 ,       1355 ,          1 ,  35230 , 1.7684196000000003
add            ,         42 ,          1 ,          1 ,     42 , 0.8467144
add            ,         35 ,          5 ,          9 ,   1575 , 1.1143124
add            ,          3 ,          9 ,         18 ,    486 , 1.0395982
add            ,     324486 ,          1 ,          1 , 324486 , 6.6855715
add            ,        161 ,          4 ,          1 ,    644 , 0.9021518000000001
add            ,        262 ,          1 ,          1 ,    262 , 0.8630087
add            ,         23 ,       5440 ,          1 , 125120 , 3.407866
add            ,          8 ,          3 ,          2 ,     48 , 0.9310175
add            ,         26 ,         52 ,         33 ,  44616 , 3.3574463999999997
add            ,         29 ,          4 ,          2 ,    232 , 0.9304463999999999
add            ,          3 ,       5455 ,          1 ,  16365 , 1.6092859999999998
add            ,         31 ,          1 ,          1 ,     31 , 0.8611519000000001
add            ,        283 ,          3 ,          1 ,    849 , 0.9425805
add            ,       2033 ,          1 ,          1 ,   2033 , 0.9291248
add            ,     486209 ,          1 ,          1 , 486209 , 9.507999900000002
add            ,         30 ,         24 ,         24 ,  17280 , 2.2784374
add            ,         20 ,         32 ,         12 ,   7680 , 1.6805534999999998
add            ,          6 ,          4 ,         12 ,    288 , 0.9994557000000001
add            ,         50 ,         20 ,          1 ,   1000 , 0.9369998
add            ,         12 ,        779 ,         47 , 439356 ,10.1072856
add            ,         40 ,         31 ,         53 ,  65720 , 3.832982
add            ,          3 ,          8 ,          3 ,     72 , 0.9507411000000001
add            ,         14 ,         30 ,         34 ,  14280 , 1.9408482999999996
add            ,         10 ,          6 ,          3 ,    180 , 1.0055714
add            ,          4 ,          3 ,          3 ,     36 , 0.9355893
add            ,         11 ,          5 ,         37 ,   2035 , 1.1007590999999999
add            ,       6940 ,          1 ,          1 ,   6940 , 1.0411514999999998
add            ,         10 ,          1 ,          1 ,     10 , 0.8462946
add            ,         19 ,          3 ,        414 ,  23598 , 1.6479999999999997
add            ,        267 ,         23 ,          1 ,   6141 , 1.1239822
add            ,         22 ,         49 ,          4 ,   4312 , 1.2552945000000002
add            ,        613 ,          5 ,          1 ,   3065 , 0.9808482999999999
add            ,     115662 ,          1 ,          1 , 115662 , 2.9781604
add            ,       8891 ,          1 ,          1 ,   8891 , 1.1319913
add            ,          2 ,          3 ,          6 ,     36 , 0.9230088000000001
add            ,        264 ,          1 ,          1 ,    264 , 0.862893
add            ,      10823 ,          1 ,          1 ,  10823 , 1.1765713999999998
add            ,         13 ,          3 ,          6 ,    234 , 0.9344377999999999
add            ,          1 ,       1227 ,          1 ,   1227 , 1.0838839
add            ,        156 ,          2 ,          2 ,    624 , 0.9229911000000002
add            ,          1 ,        203 ,          1 ,    203 , 0.9045444999999999
add            ,     248323 ,          1 ,          1 , 248323 , 5.3495893
add            ,          1 ,     205493 ,          1 , 205493 ,23.3154376
add            ,         16 ,          8 ,          2 ,    256 , 1.0063927
add            ,          6 ,        429 ,         22 ,  56628 , 2.3116876
add            ,        239 ,          1 ,          1 ,    239 , 0.8466964000000001
add            ,        362 ,         17 ,          1 ,   6154 , 1.0838302000000002
add            ,        471 ,          6 ,          6 ,  16956 , 1.3291072000000002
add            ,         69 ,      12216 ,          1 , 842904 ,16.5514377
add            ,        266 ,          1 ,          1 ,    266 , 0.8934288
add            ,        748 ,        862 ,          1 , 644776 ,12.6298483
add            ,          1 ,      65556 ,          1 ,  65556 , 8.077883799999999
add            ,      34555 ,          1 ,          1 ,  34555 , 1.5609641
add            ,          3 ,         18 ,         20 ,   1080 , 1.1014465000000002
add            ,          3 ,          2 ,          5 ,     30 , 0.9297231
add            ,          2 ,        182 ,          1 ,    364 , 0.9025803
add            ,          3 ,         31 ,          1 ,     93 , 0.8629912
add            ,      34533 ,          1 ,          1 ,  34533 , 1.5722767000000002
add            ,          1 ,       2542 ,          1 ,   2542 , 1.1531517
add            ,         26 ,       1250 ,          1 ,  32500 , 1.6499821999999997
add            ,          5 ,         29 ,        210 ,  30450 , 1.6580269
add            ,     954498 ,          1 ,          1 , 954498 ,17.8452946
add            ,         31 ,       9978 ,          1 , 309318 , 6.5511517999999995
add            ,      11315 ,          1 ,          1 ,  11315 , 1.1418393000000002
add            ,          4 ,          3 ,         31 ,    372 , 0.9382854999999999
add            ,         11 ,        632 ,          1 ,   6952 , 1.1448661999999998
add            ,          1 ,       2463 ,          1 ,   2463 , 1.1688927999999996
add            ,          2 ,         75 ,          2 ,    300 , 0.8994104
add            ,     253834 ,          1 ,          1 , 253834 , 5.483249900000001
add            ,          1 ,     834503 ,          1 , 834503 ,85.0845713
add            ,          5 ,          2 ,         14 ,    140 , 0.9433033999999998
add            ,          2 ,       5455 ,          1 ,  10910 , 1.5261159000000002
add            ,         14 ,         32 ,         73 ,  32704 , 1.9936786999999996
add            ,         17 ,         18 ,          2 ,    612 , 1.1458483
add            ,       1111 ,         41 ,         23 ,1047673 ,21.1774197
add            ,         13 ,         32 ,         73 ,  30368 , 1.8899553999999998
add            ,          1 ,         12 ,          1 ,     12 , 0.8608570999999999
add            ,         20 ,          3 ,          5 ,    300 , 1.0434196
add            ,         65 ,       2489 ,          1 , 161785 , 4.2156965
add            ,       1677 ,        224 ,          1 , 375648 , 8.109723200000001
add            ,          1 ,        156 ,          1 ,    156 , 0.9117234
add            ,         63 ,         14 ,          4 ,   3528 , 1.150286
add            ,          2 ,       1917 ,          1 ,   3834 , 1.0921341999999998
add            ,          2 ,         32 ,          3 ,    192 , 0.9298753
add            ,         11 ,        910 ,         23 , 230230 , 5.7654375
add            ,       1609 ,         35 ,          1 ,  56315 , 2.2532856
add            ,      20763 ,          1 ,          1 ,  20763 , 1.2978392999999997
add            ,        184 ,          1 ,          1 ,    184 , 0.8711252
add            ,        143 ,         23 ,          1 ,   3289 , 1.0578661
add            ,          2 ,         18 ,         20 ,    720 , 1.1492946
add            ,     690507 ,          1 ,          1 , 690507 ,13.145142900000002
add            ,          2 ,         17 ,         17 ,    578 , 1.1541337
add            ,          2 ,        178 ,          1 ,    356 , 0.8978570999999999
add            ,       8712 ,          1 ,          1 ,   8712 , 1.1514197
add            ,          2 ,         32 ,         73 ,   4672 , 1.0429910999999998
add            ,       1548 ,          1 ,          1 ,   1548 , 0.9220181000000002
add            ,          2 ,         18 ,          2 ,     72 , 0.8985355
add            ,          2 ,         14 ,          9 ,    252 , 1.0140001
add            ,          6 ,          3 ,          2 ,     36 , 0.9838838000000001
add            ,          5 ,        512 ,          5 ,  12800 , 1.2797231999999998
add            ,       5010 ,          1 ,          1 ,   5010 , 0.9711605999999999
add            ,        152 ,       4574 ,          1 , 695248 ,13.321714300000002
add            ,      12645 ,          1 ,          1 ,  12645 , 1.1695626
add            ,     253846 ,          1 ,          1 , 253846 , 5.4114196
add            ,      31339 ,          1 ,          1 ,  31339 , 1.522893
add            ,        984 ,          1 ,          1 ,    984 , 0.9254375999999999
add            ,       1702 ,        225 ,          1 , 382950 , 8.3749908
add            ,       2399 ,          1 ,          1 ,   2399 , 0.9695624000000003
add            ,          8 ,          2 ,          5 ,     80 , 0.9548660999999999
add            ,          7 ,         33 ,          7 ,   1617 , 1.0571608
add            ,         20 ,          3 ,          2 ,    120 , 0.9183123999999999
add            ,        737 ,          1 ,          1 ,    737 , 0.8853036
add            ,         19 ,          1 ,          1 ,     19 , 0.8708482
add            ,      43690 ,         24 ,          1 ,1048560 ,19.4748747
add            ,       7017 ,          5 ,          1 ,  35085 , 1.9274105000000001
add            ,        748 ,        821 ,          1 , 614108 ,12.1670268
add            ,          2 ,          2 ,         20 ,     80 , 0.9168396
add            ,     881935 ,          1 ,          1 , 881935 ,16.5087142
add            ,        613 ,         17 ,          1 ,  10421 , 1.2515714
add            ,       7017 ,          2 ,          1 ,  14034 , 1.6730179999999997
add            ,      31339 ,         14 ,          1 , 438746 , 9.851723
add            ,          2 ,         31 ,          2 ,    124 , 0.9416966
add            ,         30 ,          4 ,         30 ,   3600 , 1.4445711999999997
add            ,       2855 ,          1 ,          1 ,   2855 , 0.9576968000000001
add            ,       1592 ,         35 ,          1 ,  55720 , 2.2528481
add            ,      32695 ,          2 ,          1 ,  65390 , 4.4665713
add            ,          5 ,          2 ,         25 ,    250 , 0.9564377000000001
add            ,       1339 ,          2 ,         12 ,  32136 , 2.7792768000000003
add            ,          1 ,         98 ,          1 ,     98 , 0.8748481
add            ,        184 ,         28 ,          1 ,   5152 , 1.0589730999999998
add            ,       3347 ,          1 ,          1 ,   3347 , 1.0168215
add            ,      14595 ,          1 ,          1 ,  14595 , 1.1776962000000002
add            ,         39 ,          8 ,         11 ,   3432 , 1.1372944
add            ,      31257 ,          1 ,          1 ,  31257 , 1.4719733
add            ,       3330 ,          1 ,          1 ,   3330 , 0.9508568000000001
add            ,         69 ,      12136 ,          1 , 837384 ,16.4727144
add            ,         10 ,         22 ,          1 ,    220 , 0.9334286
add            ,        187 ,        231 ,          1 ,  43197 , 1.8348573000000001
add            ,          9 ,          1 ,          1 ,      9 , 0.8588483
add            ,      65536 ,         16 ,          1 ,1048576 ,19.4481251
add            ,        621 ,         57 ,          1 ,  35397 , 1.6461516999999997
add            ,          2 ,         31 ,          9 ,    558 , 1.0260089000000001
add            ,       1096 ,          1 ,          1 ,   1096 , 0.9095624000000001
add            ,     109614 ,          1 ,          1 , 109614 , 2.8839821
add            ,          5 ,         24 ,          6 ,    720 , 1.003134
add            ,     690557 ,          1 ,          1 , 690557 ,13.202446700000001
add            ,        701 ,        166 ,          9 ,1047294 ,21.500143
add            ,        383 ,         82 ,          1 ,  31406 , 1.6060001999999998
add            ,         94 ,          3 ,          9 ,   2538 , 1.0482945999999997
add            ,         58 ,       2494 ,          1 , 144652 , 3.8448837999999994
add            ,          2 ,         34 ,          1 ,     68 , 0.8787231999999999
add            ,      15426 ,          2 ,          1 ,  30852 , 2.6154373
add            ,         79 ,       1596 ,          1 , 126084 , 3.3311608999999995
add            ,        932 ,          9 ,          2 ,  16776 , 1.9355623999999998
add            ,      25503 ,         17 ,          1 , 433551 ,11.800705599999999
add            ,      25453 ,          1 ,          1 ,  25453 , 1.3880000999999997
add            ,         21 ,      49932 ,          1 ,1048572 ,22.132571300000002
add            ,          1 ,     448641 ,          1 , 448641 ,46.2850088
add            ,          1 ,       2303 ,          1 ,   2303 , 1.1363214000000001
add            ,        644 ,         57 ,          1 ,  36708 , 1.7744463
add            ,         19 ,          4 ,       1900 , 144400 , 5.4835625
add            ,        439 ,          2 ,          1 ,    878 , 0.9101250000000001
add            ,          2 ,         13 ,          9 ,    234 , 1.0048303
add            ,       2836 ,          1 ,          1 ,   2836 , 0.9572591000000001
add            ,          6 ,         13 ,          7 ,    546 , 1.0048211999999999
add            ,         28 ,         12 ,        321 , 107856 , 3.5983750000000008
add            ,          2 ,         49 ,         14 ,   1372 , 1.0580268
add            ,         48 ,          8 ,          5 ,   1920 , 1.0324016999999999
add            ,          5 ,         39 ,          6 ,   1170 , 0.9821698
add            ,     933999 ,          1 ,          1 , 933999 ,17.447259000000003
add            ,         35 ,          5 ,         34 ,   5950 , 1.4698660000000001
add            ,      99577 ,          1 ,          1 ,  99577 , 2.7362857999999997
add            ,          6 ,          4 ,         16 ,    384 , 0.9974553
add            ,         14 ,          6 ,          2 ,    168 , 0.9678393
add            ,      34572 ,          1 ,          1 ,  34572 , 1.5555892999999998
add            ,          2 ,          3 ,         20 ,    120 , 0.9716873999999999
add            ,         26 ,        148 ,         13 ,  50024 , 2.8102501
add            ,          2 ,         45 ,         12 ,   1080 , 1.0552498
add            ,      80791 ,          1 ,          1 ,  80791 , 2.3623214
add            ,     338308 ,          1 ,          1 , 338308 , 6.9651339
add            ,      55701 ,          1 ,          1 ,  55701 , 1.910607
add            ,          2 ,         25 ,          2 ,    100 , 0.8985804
add            ,         26 ,          4 ,          4 ,    416 , 0.9335539
add            ,      80778 ,          1 ,          1 ,  80778 , 2.3774200000000003
add            ,        771 ,        862 ,          1 , 664602 ,13.3529912
add            ,          2 ,         29 ,          9 ,    522 , 1.003732
add            ,         13 ,         26 ,         73 ,  24674 , 1.9307054000000001
add            ,         23 ,        479 ,          3 ,  33051 , 1.549018
add            ,          6 ,         13 ,         31 ,   2418 , 1.1401696000000001
add            ,          8 ,         13 ,         31 ,   3224 , 1.2006071999999999
add            ,        775 ,          1 ,          1 ,    775 , 0.8889822999999998
add            ,         19 ,          2 ,          6 ,    228 , 0.9547232999999998
add            ,          1 ,      83360 ,          1 ,  83360 , 9.9863123
add            ,         10 ,         14 ,         19 ,   2660 , 1.2574196
add            ,     130767 ,          1 ,          1 , 130767 , 3.2109824
add            ,      57329 ,          1 ,          1 ,  57329 , 1.9597144
add            ,          5 ,          2 ,          1 ,     10 , 0.8481344
add            ,          2 ,       7549 ,          1 ,  15098 , 1.7387231999999997
add            ,         51 ,          3 ,          1 ,    153 , 0.8640000999999999
add            ,          2 ,       1825 ,          1 ,   3650 , 1.1085536
add            ,         10 ,      65764 ,          1 , 657640 ,19.4898572
add            ,        193 ,        265 ,          1 ,  51145 , 2.1652768
add            ,         15 ,          8 ,         30 ,   3600 , 1.1772858000000002
add            ,         45 ,         33 ,          2 ,   2970 , 1.391107
add            ,       1592 ,         57 ,          1 ,  90744 , 2.8116785
add            ,     111829 ,          5 ,          1 , 559145 ,16.7528572
add            ,          3 ,         30 ,        114 ,  10260 , 1.1498571999999998
add            ,       2838 ,          1 ,          1 ,   2838 , 0.9285357
add            ,         20 ,      27943 ,          1 , 558860 ,12.8762767
add            ,         19 ,          2 ,       1900 ,  72200 , 5.1052857
add            ,       4999 ,          1 ,          1 ,   4999 , 0.9910000999999999
add            ,        130 ,        321 ,          1 ,  41730 , 1.8741697000000002
add            ,     956301 ,          1 ,          1 , 956301 ,17.8331251
add            ,         38 ,         49 ,         25 ,  46550 , 3.3221072000000005
add            ,         31 ,          3 ,          1 ,     93 , 0.8837144
add            ,          3 ,          2 ,       9861 ,  59166 , 4.248955499999999
add            ,        951 ,          9 ,          2 ,  17118 , 1.9491429
add            ,       1038 ,          1 ,          1 ,   1038 , 0.9254375000000001
add            ,         22 ,         35 ,          1 ,    770 , 0.9428572
add            ,          5 ,         39 ,         28 ,   5460 , 1.3620265
add            ,        531 ,          3 ,          1 ,   1593 , 1.0197233
add            ,        239 ,          2 ,          1 ,    478 , 0.9185625999999999
add            ,          1 ,      29586 ,          1 ,  29586 , 4.179026899999999
add            ,      82771 ,          1 ,          1 ,  82771 , 2.5125623999999998
add            ,          2 ,         11 ,        349 ,   7678 , 1.4108840999999999
add            ,         27 ,         23 ,          6 ,   3726 , 1.2272589
add            ,      85625 ,          1 ,          1 ,  85625 , 2.4502767000000003
add            ,          2 ,         93 ,          1 ,    186 , 0.8470001
add            ,      13809 ,          3 ,         22 , 911394 ,18.4821162
add            ,          2 ,         11 ,         18 ,    396 , 1.0393122
add            ,        527 ,          1 ,          1 ,    527 , 0.864875
add            ,         23 ,       5438 ,          1 , 125074 , 3.3191341000000003
add            ,          7 ,          5 ,          2 ,     70 , 0.9678481
add            ,         18 ,          2 ,          4 ,    144 , 0.8902858
add            ,          2 ,        226 ,          3 ,   1356 , 0.9840356
add            ,          6 ,     121188 ,          1 , 727128 ,18.0494106
add            ,         14 ,          3 ,         65 ,   2730 , 1.0118217
add            ,         10 ,         49 ,         14 ,   6860 , 1.3268483000000002
add            ,     151326 ,          1 ,          1 , 151326 , 3.6812947
add            ,       1704 ,        225 ,          1 , 383400 , 8.367901899999998
add            ,     934004 ,          1 ,          1 , 934004 ,17.4324285
add            ,      54999 ,          2 ,          1 , 109998 , 6.9221518
add            ,         16 ,          3 ,          2 ,     96 , 0.9232766000000001
add            ,         36 ,          3 ,          5 ,    540 , 1.0441608
add            ,          2 ,        761 ,         11 ,  16742 , 1.8412588999999997
add            ,         92 ,          6 ,          2 ,   1104 , 0.9802947999999999
add            ,        636 ,          1 ,          1 ,    636 , 0.9197140000000001
add            ,        263 ,        116 ,          1 ,  30508 , 1.5664108999999997
add            ,         28 ,         24 ,         24 ,  16128 , 2.2297586000000003
add            ,      79130 ,          1 ,          1 ,  79130 , 2.3664552999999997
add            ,          1 ,       7556 ,          1 ,   7556 , 1.7426784999999998
add            ,     114909 ,          1 ,          1 , 114909 , 2.9748392000000003
add            ,        149 ,          1 ,          1 ,    149 , 0.8474196
add            ,     226080 ,          1 ,          1 , 226080 , 4.977142899999999
add            ,          2 ,          8 ,          3 ,     48 , 0.944161
add            ,         22 ,          2 ,          2 ,     88 , 0.8981608
add            ,         20 ,          7 ,         12 ,   1680 , 1.121973
add            ,         23 ,          7 ,          2 ,    322 , 0.9897055
add            ,          3 ,          4 ,         24 ,    288 , 0.9322592000000001
add            ,          8 ,         36 ,         41 ,  11808 , 1.6364106
add            ,     421116 ,          1 ,          1 , 421116 , 8.4410001
add            ,          2 ,         12 ,         14 ,    336 , 1.0955446
add            ,     459967 ,          1 ,          1 , 459967 , 9.0908573
add            ,     950799 ,          1 ,          1 , 950799 ,17.723589300000004
add            ,          4 ,         33 ,       1776 , 234432 , 8.0331429
add            ,        156 ,        323 ,          1 ,  50388 , 2.0195716
add            ,          2 ,          8 ,         12 ,    192 , 0.9188302
add            ,          1 ,       1828 ,          1 ,   1828 , 1.1179999999999999
add            ,          3 ,          3 ,         10 ,     90 , 0.9328838000000002
add            ,        129 ,          4 ,          1 ,    516 , 0.9162681000000001
add            ,          4 ,        482 ,          1 ,   1928 , 0.9505805
add            ,      18886 ,          1 ,          1 ,  18886 , 1.2559732000000001
add            ,         21 ,          2 ,          2 ,     84 , 0.8984463999999999
add            ,          7 ,          2 ,         14 ,    196 , 1.0060981
add            ,         64 ,         20 ,          1 ,   1280 , 1.0034105
add            ,          2 ,         14 ,          2 ,     56 , 0.9295625
add            ,          4 ,          4 ,          2 ,     32 , 0.9225623000000001
add            ,      15086 ,          1 ,          1 ,  15086 , 1.1938838999999999
add            ,          8 ,        138 ,          2 ,   2208 , 1.1135627
add            ,          6 ,        236 ,          2 ,   2832 , 1.0740091
add            ,        283 ,          1 ,          1 ,    283 , 0.9071427999999999
add            ,         15 ,         29 ,          4 ,   1740 , 1.1755628
add            ,          1 ,        155 ,          1 ,    155 , 0.9250001000000001
add            ,          6 ,         18 ,          1 ,    108 , 0.8872948999999999
add            ,          2 ,          6 ,          6 ,     72 , 0.9980087
add            ,         15 ,         29 ,          5 ,   2175 , 1.0939999999999999
add            ,          7 ,          3 ,          1 ,     21 , 0.8704464999999999
add            ,       3682 ,          1 ,          1 ,   3682 , 0.9348749000000002
add            ,        112 ,        313 ,          1 ,  35056 , 1.6458393999999998
add            ,         29 ,          5 ,          3 ,    435 , 1.0163214
add            ,         13 ,        793 ,          1 ,  10309 , 1.1982586999999998
add            ,         15 ,          2 ,          4 ,    120 , 0.9074108000000001
add            ,        497 ,          1 ,          1 ,    497 , 0.863143
add            ,          2 ,          5 ,          8 ,     80 , 0.9391162000000002
add            ,      28976 ,          1 ,          1 ,  28976 , 1.4935804000000001
add            ,          2 ,          2 ,         15 ,     60 , 0.9144197000000001
add            ,         48 ,          2 ,          2 ,    192 , 0.9395445
add            ,     956314 ,          1 ,          1 , 956314 ,17.8552588
add            ,      57343 ,          1 ,          1 ,  57343 , 1.9170177999999995
add            ,          2 ,         51 ,         15 ,   1530 , 1.0901428
add            ,        343 ,         21 ,          1 ,   7203 , 1.1498571
add            ,        242 ,          2 ,          6 ,   2904 , 1.046143
add            ,       9442 ,          1 ,          1 ,   9442 , 1.1281696
add            ,         18 ,         18 ,         53 ,  17172 , 1.9862945000000003
add            ,          6 ,          4 ,          2 ,     48 , 0.9258661
add            ,         35 ,         20 ,         34 ,  23800 , 2.8524108000000004
add            ,       7238 ,          1 ,          1 ,   7238 , 1.0524285
add            ,          3 ,         17 ,          2 ,    102 , 0.9388659
add            ,        398 ,          1 ,          1 ,    398 , 0.863884
add            ,          3 ,          2 ,         48 ,    288 , 0.9311428000000002
add            ,     980095 ,          1 ,          1 , 980095 ,18.2327145
add            ,         10 ,          6 ,          2 ,    120 , 0.9659822
add            ,     109602 ,          1 ,          1 , 109602 , 2.8461249
add            ,        920 ,        877 ,          1 , 806840 ,15.630410799999998
add            ,      34952 ,         30 ,          1 ,1048560 ,20.7680176
add            ,          6 ,          3 ,          1 ,     18 , 0.8725804
add            ,      31361 ,          1 ,          1 ,  31361 , 1.497018
add            ,        918 ,          9 ,          2 ,  16524 , 1.9645626
add            ,         21 ,          2 ,         25 ,   1050 , 1.2394376
add            ,       2643 ,          2 ,          1 ,   5286 , 1.2712676
add            ,          2 ,         16 ,          2 ,     64 , 0.9162676999999999
add            ,     237044 ,          1 ,          1 , 237044 , 5.0914285999999995
add            ,      70208 ,          6 ,          1 , 421248 ,10.939723200000003
add            ,          2 ,         19 ,          2 ,     76 , 0.8991426999999999
add            ,          2 ,         18 ,         15 ,    540 , 1.0934108999999999
add            ,        205 ,          1 ,          1 ,    205 , 0.8691607999999998
add            ,          5 ,          2 ,         47 ,    470 , 0.940973
add            ,         14 ,        841 ,          1 ,  11774 , 1.1785625
add            ,        281 ,          1 ,          1 ,    281 , 0.8808572
add            ,         16 ,          3 ,          5 ,    240 , 1.0138661
add            ,       1530 ,          1 ,          1 ,   1530 , 0.9338393
add            ,      99606 ,          1 ,          1 ,  99606 , 2.7387141999999995
add            ,          9 ,          5 ,          2 ,     90 , 0.9392499000000001
add            ,         13 ,          6 ,         32 ,   2496 , 1.1266159999999998
add            ,          7 ,          4 ,          2 ,     56 , 0.9165711
add            ,          2 ,          4 ,         19 ,    152 , 0.9048482999999999
add            ,          1 ,     416904 ,          1 , 416904 ,43.0474466
add            ,      34540 ,          1 ,          1 ,  34540 , 1.5261341
add            ,         19 ,          2 ,        414 ,  15732 , 2.0186073999999996
add            ,      38749 ,          1 ,          1 ,  38749 , 1.6534464
add            ,          3 ,          3 ,         30 ,    270 , 0.9462769
add            ,       4911 ,         20 ,          1 ,  98220 , 3.0960000000000005
add            ,          5 ,          4 ,          2 ,     40 , 0.9310087000000001
add            ,          7 ,         13 ,          1 ,     91 , 0.8868571999999999
add            ,     526921 ,          1 ,          1 , 526921 ,10.2738215
add            ,          4 ,         27 ,          4 ,    432 , 0.9535537000000002
add            ,         12 ,          2 ,         31 ,    744 , 1.0378482999999998
