dim0,dim1,size,avg_dur(us)
32,32,1024,0.8447720999999999
32,64,2048,0.8549196
32,96,3072,0.8191385
32,128,4096,0.83323645
32,160,5120,0.8456338000000001
32,192,6144,0.8426294999999999
32,224,7168,0.8420894499999999
32,256,8192,0.8532054
32,288,9216,0.8775268
32,320,10240,0.8789778
32,352,11264,0.87136145
32,384,12288,0.8730983
32,416,13312,0.8831652999999999
32,448,14336,0.8834375999999999
32,480,15360,0.88258475
32,512,16384,0.89289305
32,544,17408,0.8994463500000001
32,576,18432,0.9207677999999999
32,608,19456,0.9200713500000001
32,640,20480,0.9229777
32,672,21504,0.90408505
32,704,22528,0.9093704499999999
32,736,23552,0.93143735
32,768,24576,0.92956685
32,800,25600,0.9572856
32,832,26624,0.9367053000000001
32,864,27648,0.93507135
32,896,28672,0.9427945
32,928,29696,0.9420624499999999
32,960,30720,0.94235715
32,992,31744,0.9504910499999999
32,1024,32768,0.95049975
64,32,2048,0.96385275
64,64,4096,0.84321
64,96,6144,0.8443482
64,128,8192,0.848991
64,160,10240,0.9116384999999999
64,192,12288,0.86334365
64,224,14336,0.8731742
64,256,16384,0.87001785
64,288,18432,0.90712475
64,320,20480,0.9175491000000001
64,352,22528,0.9333527500000001
64,384,24576,0.9166024500000001
64,416,26624,0.9425402999999999
64,448,28672,0.93695985
64,480,30720,0.9389108
64,512,32768,0.9407590000000001
64,544,34816,1.0049823
64,576,36864,0.96747765
64,608,38912,0.9957722999999999
64,640,40960,0.9891382
64,672,43008,1.0032142499999999
64,704,45056,1.029576
64,736,47104,1.00358485
64,768,49152,0.9791964500000001
64,800,51200,1.0437992
64,832,53248,1.0219242
64,864,55296,1.02423645
64,896,57344,1.03645535
64,928,59392,1.0860001000000001
64,960,61440,1.06214295
64,992,63488,1.0612232499999998
64,1024,65536,1.05121865
96,32,3072,0.9506562000000001
96,64,6144,0.9782055
96,96,9216,0.8677992
96,128,12288,0.85629475
96,160,15360,0.98016955
96,192,18432,0.91288835
96,224,21504,0.9059644
96,256,24576,0.907067
96,288,27648,0.9730625500000001
96,320,30720,0.94058475
96,352,33792,0.9704376
96,384,36864,0.97084385
96,416,39936,1.0417054000000001
96,448,43008,0.9944195
96,480,46080,0.9998302000000001
96,512,49152,0.9984909999999999
96,544,52224,1.0313345999999999
96,576,55296,1.05006265
96,608,58368,1.0629464
96,640,61440,1.01626315
96,672,64512,1.0588125
96,704,67584,1.0764239999999998
96,736,70656,1.0796518499999999
96,768,73728,1.0626608
96,800,76800,1.1302720499999999
96,832,79872,1.12813385
96,864,82944,1.1124955
96,896,86016,1.1390847499999999
96,928,89088,1.15916505
96,960,92160,1.1639419
96,992,95232,1.13965165
96,1024,98304,1.1559153500000001
128,32,4096,0.94875875
128,64,8192,0.9776341499999999
128,96,12288,1.02098205
128,128,16384,0.8884420000000001
128,160,20480,1.0050669
128,192,24576,0.99122335
128,224,28672,0.9829017999999999
128,256,32768,0.92678115
128,288,36864,0.9229466000000001
128,320,40960,0.9446519
128,352,45056,0.95009345
128,384,49152,1.0000759000000001
128,416,53248,1.09971445
128,448,57344,1.0932053
128,480,61440,1.09590615
128,512,65536,1.03266085
128,544,69632,1.0960269999999999
128,576,73728,1.1127858
128,608,77824,1.1221337500000002
128,640,81920,1.128317
128,672,86016,1.21186165
128,704,90112,1.2225803499999999
128,736,94208,1.2064867
128,768,98304,1.1669197
128,800,102400,1.2505668
128,832,106496,1.2952276999999999
128,864,110592,1.3003527
128,896,114688,1.20694195
128,928,118784,1.3082946
128,960,122880,1.3267634000000001
128,992,126976,1.314165
128,1024,131072,1.2307902
160,32,5120,0.9688838000000001
160,64,10240,1.0064194499999999
160,96,15360,0.8846474499999999
160,128,20480,0.8897856
160,160,25600,0.97892405
160,192,30720,0.9611338500000001
160,224,35840,0.9577946
160,256,40960,0.9559908500000001
160,288,46080,1.0425714000000001
160,320,51200,1.05762035
160,352,56320,1.0508618
160,384,61440,1.0367229999999998
160,416,66560,1.1192811
160,448,71680,1.13256695
160,480,76800,1.108634
160,512,81920,1.09779465
160,544,87040,1.1834954500000001
160,576,92160,1.1863481500000002
160,608,97280,1.16558025
160,640,102400,1.1518614
160,672,107520,1.23771875
160,704,112640,1.2184286
160,736,117760,1.24038385
160,768,122880,1.23019655
160,800,128000,1.3057947
160,832,133120,1.31412055
160,864,138240,1.29828125
160,896,143360,1.2788393
160,928,148480,1.3613572
160,960,153600,1.33084835
160,992,158720,1.37592415
160,1024,163840,1.3307410499999999
192,32,6144,0.9707723500000001
192,64,12288,1.01515625
192,96,18432,0.9359774999999999
192,128,24576,0.9033081000000001
192,160,30720,1.03450445
192,192,36864,1.0080716
192,224,43008,0.9949241000000001
192,256,49152,0.9934241500000001
192,288,55296,1.08477675
192,320,61440,1.0962412499999998
192,352,67584,1.0708749499999999
192,384,73728,1.0663482
192,416,79872,1.1468125
192,448,86016,1.1643617499999999
192,480,92160,1.1862187499999999
192,512,98304,1.1487946
192,544,104448,1.20207585
192,576,110592,1.27084375
192,608,116736,1.2303794
192,640,122880,1.2222678999999999
192,672,129024,1.2906115
192,704,135168,1.2825848499999999
192,736,141312,1.2995801500000002
192,768,147456,1.2677098
192,800,153600,1.3897008
192,832,159744,1.38799105
192,864,165888,1.3731337
192,896,172032,1.3942944000000002
192,928,178176,1.4417098
192,960,184320,1.4310046
192,992,190464,1.42973215
192,1024,196608,1.42116525
224,32,7168,0.98454915
224,64,14336,1.0272812500000001
224,96,21504,1.03185255
224,128,28672,0.9160044
224,160,35840,1.0397812
224,192,43008,1.0561384
224,224,50176,1.0422857
224,256,57344,1.0046248500000001
224,288,64512,1.1918571500000001
224,320,71680,1.1997143
224,352,78848,1.1081162
224,384,86016,1.14095105
224,416,93184,1.2577858000000002
224,448,100352,1.19778125
224,480,107520,1.1887098999999999
224,512,114688,1.1804955
224,544,121856,1.3816518
224,576,129024,1.2875846000000002
224,608,136192,1.27687065
224,640,143360,1.30177225
224,672,150528,1.38923215
224,704,157696,1.35013855
224,736,164864,1.3632991
224,768,172032,1.3734374
224,800,179200,1.4771964
224,832,186368,1.47592845
224,864,193536,1.4926338
224,896,200704,1.46656715
224,928,207872,1.5277186999999999
224,960,215040,1.5492143
224,992,222208,1.5320759499999999
224,1024,229376,1.50820995
256,32,8192,0.98576335
256,64,16384,0.9878124500000001
256,96,24576,1.0324107
256,128,32768,0.9167052
256,160,40960,1.00030805
256,192,49152,1.0655670000000002
256,224,57344,1.0802722
256,256,65536,1.0617990000000002
256,288,73728,1.16032135
256,320,81920,1.1821385
256,352,90112,1.21786595
256,384,98304,1.1530224
256,416,106496,1.2476295
256,448,114688,1.2402367499999998
256,480,122880,1.27124105
256,512,131072,1.2295938
256,544,139264,1.3506339
256,576,147456,1.38835275
256,608,155648,1.4395804
256,640,163840,1.3485001
256,672,172032,1.4344329500000002
256,704,180224,1.4573081
256,736,188416,1.49149105
256,768,196608,1.4417767000000001
256,800,204800,1.5935447
256,832,212992,1.5769912
256,864,221184,1.6410936
256,896,229376,1.5350668500000002
256,928,237568,1.6421875
256,960,245760,1.6999372999999998
256,992,253952,1.6972098
256,1024,262144,1.6375715
288,32,9216,0.98577695
288,64,18432,1.0285042
288,96,27648,0.94049545
288,128,36864,0.9495089999999999
288,160,46080,1.13551795
288,192,55296,1.0793617
288,224,64512,1.05315615
288,256,73728,1.06107585
288,288,82944,1.2132811000000001
288,320,92160,1.1764374
288,352,101376,1.21764295
288,384,110592,1.1684286
288,416,119808,1.3165670500000002
288,448,129024,1.31695975
288,480,138240,1.2934061
288,512,147456,1.28593745
288,544,156672,1.45163845
288,576,165888,1.4383392000000002
288,608,175104,1.3999240499999999
288,640,184320,1.44059825
288,672,193536,1.57928575
288,704,202752,1.5476608
288,736,211968,1.50972325
288,768,221184,1.48981245
288,800,230400,1.64070085
288,832,239616,1.6302992500000002
288,864,248832,1.6554776
288,896,258048,1.6448571
288,928,267264,1.7304643
288,960,276480,1.7368479999999997
288,992,285696,1.75027685
288,1024,294912,1.7195668999999998
320,32,10240,0.9899240499999999
320,64,20480,1.0389911
320,96,30720,1.0783304
320,128,40960,0.9555089000000001
320,160,51200,1.1302011
320,192,61440,1.1638392
320,224,71680,1.09986165
320,256,81920,1.0905849
320,288,92160,1.3853750999999999
320,320,102400,1.2420491
320,352,112640,1.20854025
320,384,122880,1.2198527000000001
320,416,133120,1.4486874
320,448,143360,1.3675848
320,480,153600,1.3452323
320,512,163840,1.3149241
320,544,174080,1.460942
320,576,184320,1.5027232
320,608,194560,1.4536921
320,640,204800,1.4542055
320,672,215040,1.55655375
320,704,225280,1.6165581
320,736,235520,1.5676605499999998
320,768,245760,1.5751338499999998
320,800,256000,1.6967723
320,832,266240,1.7505625000000002
320,864,276480,1.7067945999999998
320,896,286720,1.7120757999999998
320,928,296960,1.876576
320,960,307200,1.8412410000000001
320,992,317440,1.82278555
320,1024,327680,1.8083615000000002
352,32,11264,0.9863616000000001
352,64,22528,1.0376116
352,96,33792,1.08828575
352,128,45056,0.9822054
352,160,56320,1.1237949
352,192,67584,1.1827277500000002
352,224,78848,1.2240801
352,256,90112,1.1037322
352,288,101376,1.35878565
352,320,112640,1.4095670500000002
352,352,123904,1.2938793
352,384,135168,1.2607008
352,416,146432,1.4866294999999998
352,448,157696,1.4817902
352,480,168960,1.43005815
352,512,180224,1.3844108
352,544,191488,1.7678438
352,576,202752,1.7735759500000001
352,608,214016,1.5038705499999998
352,640,225280,1.49421425
352,672,236544,1.7887321
352,704,247808,1.62714735
352,736,259072,1.68407145
352,768,270336,1.62762505
352,800,281600,2.1013706500000002
352,832,292864,1.8144419500000002
352,864,304128,1.7873884
352,896,315392,1.787509
352,928,326656,2.08586615
352,960,337920,1.92953995
352,992,349184,1.91808925
352,1024,360448,1.9042812999999998
384,32,12288,0.99428125
384,64,24576,1.03950905
384,96,36864,1.0664821500000001
384,128,49152,0.9753705500000001
384,160,61440,1.16129025
384,192,73728,1.18780355
384,224,86016,1.17776345
384,256,98304,1.1521560499999999
384,288,110592,1.3432632500000001
384,320,122880,1.40660725
384,352,135168,1.4366472
384,384,147456,1.2874956000000002
384,416,159744,1.46858045
384,448,172032,1.4583705500000002
384,480,184320,1.4698079
384,512,196608,1.4633347
384,544,208896,1.7499105499999998
384,576,221184,1.79392405
384,608,233472,1.7927053999999998
384,640,245760,1.56722765
384,672,258048,1.7818704
384,704,270336,1.75216955
384,736,282624,1.79794205
384,768,294912,1.6875938000000001
384,800,307200,2.10543745
384,832,319488,2.1628483
384,864,331776,2.1295893500000003
384,896,344064,1.88100895
384,928,356352,2.1055001
384,960,368640,2.08492415
384,992,380928,2.08233465
384,1024,393216,1.9730625
416,32,13312,1.0010489
416,64,26624,1.05555355
416,96,39936,1.1170849999999999
416,128,53248,0.98286625
416,160,66560,1.1677634
416,192,79872,1.20137055
416,224,93184,1.1422902000000001
416,256,106496,1.1675179
416,288,119808,1.3722948
416,320,133120,1.32815625
416,352,146432,1.3733661
416,384,159744,1.31535705
416,416,173056,1.5324733
416,448,186368,1.4925715
416,480,199680,1.50279045
416,512,212992,1.51514745
416,544,226304,1.63927235
416,576,239616,1.6440582
416,608,252928,1.66105805
416,640,266240,1.6907187000000001
416,672,279552,1.8029331
416,704,292864,1.84200445
416,736,306176,1.7960314
416,768,319488,1.8224107
416,800,332800,1.9731874999999999
416,832,346112,1.9552901999999999
416,864,359424,1.9935669999999999
416,896,372736,1.9482278000000002
416,928,386048,2.08401335
416,960,399360,2.12557125
416,992,412672,2.1190223
416,1024,425984,2.09129015
448,32,14336,1.00208045
448,64,28672,1.0835758500000001
448,96,43008,1.14362045
448,128,57344,1.01415175
448,160,71680,1.1496564
448,192,86016,1.20206695
448,224,100352,1.2067323
448,256,114688,1.1739732
448,288,129024,1.3975044
448,320,143360,1.4180894499999999
448,352,157696,1.3802098
448,384,172032,1.3690804
448,416,186368,1.5474731
448,448,200704,1.5646830999999999
448,480,215040,1.5432142
448,512,229376,1.5167278
448,544,243712,1.80019645
448,576,258048,1.76935265
448,608,272384,1.7077545
448,640,286720,1.6846428
448,672,301056,1.8690000000000002
448,704,315392,1.9022322500000002
448,736,329728,1.8981428999999999
448,768,344064,1.8367857
448,800,358400,2.02537485
448,832,372736,2.1027901499999997
448,864,387072,2.05249985
448,896,401408,2.08013365
448,928,415744,2.2478036
448,960,430080,2.2454239
448,992,444416,2.1996427
448,1024,458752,2.2045981
480,32,15360,1.0003705999999999
480,64,30720,1.06344195
480,96,46080,1.12299555
480,128,61440,1.0326563
480,160,76800,1.1601162
480,192,92160,1.2005759
480,224,107520,1.24471875
480,256,122880,1.2270134499999998
480,288,138240,1.37291945
480,320,153600,1.40666525
480,352,168960,1.46356255
480,384,184320,1.4012813
480,416,199680,1.5462232500000002
480,448,215040,1.570482
480,480,230400,1.584509
480,512,245760,1.57684365
480,544,261120,1.7762277999999998
480,576,276480,1.8228615000000001
480,608,291840,1.7794911500000001
480,640,307200,1.7614331499999998
480,672,322560,1.93626795
480,704,337920,1.9763438
480,736,353280,1.9552678499999998
480,768,368640,1.9374375000000001
480,800,384000,2.1541383
480,832,399360,2.2031473999999998
480,864,414720,2.14942415
480,896,430080,2.14374105
480,928,445440,2.3442274999999997
480,960,460800,2.2801161
480,992,476160,2.3233348
480,1024,491520,2.299317
512,32,16384,1.02013845
512,64,32768,1.0638527
512,96,49152,1.12151355
512,128,65536,1.02942405
512,160,81920,1.14462945
512,192,98304,1.2136204
512,224,114688,1.25991955
512,256,131072,1.22136175
512,288,147456,1.3686251
512,320,163840,1.40220535
512,352,180224,1.46173655
512,384,196608,1.4278259
512,416,212992,1.53828105
512,448,229376,1.5890536499999999
512,480,245760,1.6777946499999998
512,512,262144,1.6290046
512,544,278528,1.7512142000000002
512,576,294912,1.8397903
512,608,311296,1.87879045
512,640,327680,1.81428115
512,672,344064,1.9311295999999998
512,704,360448,1.9716651500000002
512,736,376832,2.0315759
512,768,393216,2.0029954
512,800,409600,2.181719
512,832,425984,2.1949955500000002
512,864,442368,2.22120085
512,896,458752,2.2159374
512,928,475136,2.3030849499999997
512,960,491520,2.36134815
512,992,507904,2.3819376
512,1024,524288,2.34817385
544,32,17408,1.0150937
544,64,34816,1.08270075
544,96,52224,1.1612276
544,128,69632,1.05532105
544,160,87040,1.2668661499999998
544,192,104448,1.3717589000000001
544,224,121856,1.2978483
544,256,139264,1.23149555
544,288,156672,1.5802410999999998
544,320,174080,1.6485937499999999
544,352,191488,1.4995088
544,384,208896,1.46078135
544,416,226304,1.85421875
544,448,243712,1.7197232
544,480,261120,1.7222901499999999
544,512,278528,1.71186175
544,544,295936,1.9023481
544,576,313344,1.86262945
544,608,330752,1.89443755
544,640,348160,1.87815635
544,672,365568,2.10100445
544,704,382976,2.09863835
544,736,400384,2.08085275
544,768,417792,2.09493295
544,800,435200,2.2714375
544,832,452608,2.2832276
544,864,470016,2.2999242
544,896,487424,2.2693216
544,928,504832,2.539732
544,960,522240,2.5007098500000002
544,992,539648,2.4958661500000003
544,1024,557056,2.48921435
576,32,18432,1.0077232999999999
576,64,36864,1.1163262
576,96,55296,1.14741955
576,128,73728,1.0357767
576,160,92160,1.2580669500000001
576,192,110592,1.33764725
576,224,129024,1.39521885
576,256,147456,1.302433
576,288,165888,1.5664329000000001
576,320,184320,1.6656517000000002
576,352,202752,1.5517454499999999
576,384,221184,1.51436175
576,416,239616,1.8491561
576,448,258048,1.8418661
576,480,276480,1.74934825
576,512,294912,1.7293528999999999
576,544,313344,2.13970095
576,576,331776,1.9535492
576,608,350208,1.9564242
576,640,368640,1.9457992000000002
576,672,387072,2.3414108
576,704,405504,2.16600445
576,736,423936,2.1684196499999997
576,768,442368,2.1649465500000002
576,800,460800,2.74839285
576,832,479232,2.3504955
576,864,497664,2.3871966000000002
576,896,516096,2.3980714
576,928,534528,2.58570995
576,960,552960,2.6242904499999997
576,992,571392,2.5755178
576,1024,589824,2.59156265
608,32,19456,1.01225875
608,64,38912,1.0862948
608,96,58368,1.1992946999999998
608,128,77824,1.0700712
608,160,97280,1.24944205
608,192,116736,1.38083945
608,224,136192,1.3780179000000001
608,256,155648,1.3166518
608,288,175104,1.5603436
608,320,194560,1.6539866499999998
608,352,214016,1.72142865
608,384,233472,1.5440671
608,416,252928,1.8504554
608,448,272384,1.8720936
608,480,291840,1.91879475
608,512,311296,1.7761874
608,544,330752,2.1286518
608,576,350208,2.2235893
608,608,369664,2.0110937
608,640,389120,2.0120492
608,672,408576,2.3712812
608,704,428032,2.3355001
608,736,447488,2.2397009999999997
608,768,466944,2.2037813
608,800,486400,2.7079331
608,832,505856,2.7766204500000002
608,864,525312,2.4365490999999997
608,896,544768,2.41505355
608,928,564224,2.85396875
608,960,583680,2.818049
608,992,603136,2.66457135
608,1024,622592,2.6216473000000002
640,32,20480,1.0143658500000001
640,64,40960,1.0745758
640,96,61440,1.1733885000000002
640,128,81920,1.1001338999999999
640,160,102400,1.26727685
640,192,122880,1.3319107
640,224,143360,1.4144465499999999
640,256,163840,1.3242724000000001
640,288,184320,1.5681428
640,320,204800,1.6193572499999997
640,352,225280,1.6774730999999998
640,384,245760,1.5758617
640,416,266240,1.81167415
640,448,286720,1.8894956
640,480,307200,1.8950804
640,512,327680,1.8084285999999998
640,544,348160,2.11814295
640,576,368640,2.2137812
640,608,389120,2.28652245
640,640,409600,2.03630815
640,672,430080,2.3275669999999997
640,704,450560,2.3400757
640,736,471040,2.3510847999999998
640,768,491520,2.2834867
640,800,512000,2.6556249999999997
640,832,532480,2.7948796
640,864,552960,2.7924284
640,896,573440,2.54699535
640,928,593920,2.8396428499999997
640,960,614400,2.86278995
640,992,634880,2.83451335
640,1024,655360,2.7509107
672,32,21504,1.066125
672,64,43008,1.1312813
672,96,64512,1.2066294499999999
672,128,86016,1.1097679
672,160,107520,1.26630345
672,192,129024,1.38535725
672,224,150528,1.36328125
672,256,172032,1.3480849000000001
672,288,193536,1.6078706
672,320,215040,1.6764821
672,352,236544,1.63826775
672,384,258048,1.6206337999999998
672,416,279552,1.84720105
672,448,301056,1.8892277
672,480,322560,1.9297902
672,512,344064,1.8464911999999998
672,544,365568,2.1836518000000003
672,576,387072,2.1255534999999997
672,608,408576,2.12970085
672,640,430080,2.1369866
672,672,451584,2.36272315
672,704,473088,2.36635695
672,736,494592,2.4182187500000003
672,768,516096,2.3580981999999997
672,800,537600,2.6713571000000003
672,832,559104,2.61672325
672,864,580608,2.6261518
672,896,602112,2.59414735
672,928,623616,2.9202053
672,960,645120,2.853924
672,992,666624,2.85998655
672,1024,688128,2.8667097999999998
704,32,22528,1.02848685
704,64,45056,1.1105090499999999
704,96,67584,1.1945491000000001
704,128,90112,1.1105847
704,160,112640,1.3111919
704,192,135168,1.3515000000000001
704,224,157696,1.38771415
704,256,180224,1.3680761000000001
704,288,202752,1.59020545
704,320,225280,1.6739865999999999
704,352,247808,1.6902900500000002
704,384,270336,1.6882856
704,416,292864,1.8784017
704,448,315392,1.92282595
704,480,337920,1.9462678
704,512,360448,1.905799
704,544,382976,2.2387055499999997
704,576,405504,2.2423126499999997
704,608,428032,2.1854285
704,640,450560,2.1629955
704,672,473088,2.4289822
704,704,495616,2.4588753
704,736,518144,2.49455795
704,768,540672,2.39458935
704,800,563200,2.72743765
704,832,585728,2.7167946499999998
704,864,608256,2.74595975
704,896,630784,2.69255355
704,928,653312,3.0408079
704,960,675840,3.0174284
704,992,698368,3.0007768500000003
704,1024,720896,2.90970085
736,32,23552,1.0284197000000002
736,64,47104,1.1081831
736,96,70656,1.1866071
736,128,94208,1.0997545499999999
736,160,117760,1.24733935
736,192,141312,1.347625
736,224,164864,1.4407632
736,256,188416,1.40287965
736,288,211968,1.5872858
736,320,235520,1.6536295500000002
736,352,259072,1.71871865
736,384,282624,1.6640536999999997
736,416,306176,1.8404867
736,448,329728,1.9447902
736,480,353280,2.0058615
736,512,376832,1.9618571499999997
736,544,400384,2.16099545
736,576,423936,2.2472321
736,608,447488,2.33965625
736,640,471040,2.2473661
736,672,494592,2.4679998000000003
736,704,518144,2.51550005
736,736,541696,2.5014060999999996
736,768,565248,2.47645075
736,800,588800,2.77356685
736,832,612352,2.8309287000000003
736,864,635904,2.8344196
736,896,659456,2.7818703499999997
736,928,683008,3.0464286
736,960,706560,3.0642811500000002
736,992,730112,3.091067
736,1024,753664,3.0324105
768,32,24576,1.0223437
768,64,49152,1.1330536
768,96,73728,1.1979332
768,128,98304,1.1160491499999998
768,160,122880,1.28076775
768,192,147456,1.3561472
768,224,172032,1.3973572
768,256,196608,1.4204508500000002
768,288,221184,1.5712230999999999
768,320,245760,1.6485223999999998
768,352,270336,1.73680355
768,384,294912,1.76770535
768,416,319488,1.8315801999999999
768,448,344064,1.9482588499999998
768,480,368640,2.0131428
768,512,393216,1.99929465
768,544,417792,2.1633614999999997
768,576,442368,2.23041965
768,608,466944,2.33763405
768,640,491520,2.2700801999999998
768,672,516096,2.41929465
768,704,540672,2.529085
768,736,565248,2.60022325
768,768,589824,2.5591786
768,800,614400,2.7610533999999998
768,832,638976,2.79691965
768,864,663552,2.94035705
768,896,688128,2.85315185
768,928,712704,3.05228125
768,960,737280,3.08111615
768,992,761856,3.1381161
768,1024,786432,3.10108915
800,32,25600,1.0328526999999998
800,64,51200,1.1247188
800,96,76800,1.2350668500000002
800,128,102400,1.15860715
800,160,128000,1.37827685
800,192,153600,1.4748613499999998
800,224,179200,1.5591697500000001
800,256,204800,1.4303706
800,288,230400,1.79812945
800,320,256000,1.8820001000000002
800,352,281600,1.82273225
800,384,307200,1.75137045
800,416,332800,2.1587009
800,448,358400,2.2423347500000004
800,480,384000,2.1035224
800,512,409600,2.0564108
800,544,435200,2.5401159
800,576,460800,2.34784835
800,608,486400,2.3705712500000002
800,640,512000,2.3585759
800,672,537600,2.8912188
800,704,563200,2.6953216
800,736,588800,2.67561605
800,768,614400,2.62213835
800,800,640000,2.93964295
800,832,665600,2.98006265
800,864,691200,2.98564285
800,896,716800,2.9480581
800,928,742400,3.27442845
800,960,768000,3.2883525999999996
800,992,793600,3.2967769
800,1024,819200,3.2432323000000003
832,32,26624,1.0376476000000001
832,64,53248,1.18300435
832,96,79872,1.27064295
832,128,106496,1.14991965
832,160,133120,1.3876339
832,192,159744,1.4851518000000001
832,224,186368,1.6097277
832,256,212992,1.45576325
832,288,239616,1.79543295
832,320,266240,1.9031072999999998
832,352,292864,1.9834375999999998
832,384,319488,1.7602099
832,416,346112,2.16906715
832,448,372736,2.2606517
832,480,399360,2.15786605
832,512,425984,2.05922765
832,544,452608,2.54150005
832,576,479232,2.67536175
832,608,505856,2.39906705
832,640,532480,2.4058705500000004
832,672,559104,2.8928035000000003
832,704,585728,2.9246564499999996
832,736,612352,2.765183
832,768,638976,2.75797325
832,800,665600,3.30679015
832,832,692224,3.0503661
832,864,718848,3.0677277
832,896,745472,3.0207855500000003
832,928,772096,3.5835043499999997
832,960,798720,3.3818573499999998
832,992,825344,3.3446429
832,1024,851968,3.3037187500000003
864,32,27648,1.0417813
864,64,55296,1.1253617
864,96,82944,1.2297724
864,128,110592,1.1576429
864,160,138240,1.37605805
864,192,165888,1.51550005
864,224,193536,1.56585265
864,256,221184,1.48101345
864,288,248832,1.7820581
864,320,276480,1.88173635
864,352,304128,1.9905445
864,384,331776,1.8549107
864,416,359424,2.1353617
864,448,387072,2.2364686
864,480,414720,2.2810088
864,512,442368,2.1112589
864,544,470016,2.57335715
864,576,497664,2.6233751
864,608,525312,2.7243751499999997
864,640,552960,2.46971435
864,672,580608,2.86962955
864,704,608256,2.9003751
864,736,635904,2.9384241500000003
864,768,663552,2.73336145
864,800,691200,3.3430759500000002
864,832,718848,3.4195669000000004
864,864,746496,3.16855355
864,896,774144,3.11722315
864,928,801792,3.59957135
864,960,829440,3.6166384999999996
864,992,857088,3.4762052500000005
864,1024,884736,3.39849555
896,32,28672,1.0465669
896,64,57344,1.1344106
896,96,86016,1.24091495
896,128,114688,1.2255089
896,160,143360,1.3566117
896,192,172032,1.46241075
896,224,200704,1.5874285499999998
896,256,229376,1.5244018000000001
896,288,258048,1.78984375
896,320,286720,1.8987989500000002
896,352,315392,1.96620515
896,384,344064,1.882134
896,416,372736,2.1681428499999997
896,448,401408,2.2467677000000004
896,480,430080,2.25969635
896,512,458752,2.2083661
896,544,487424,2.5245715
896,576,516096,2.6542054
896,608,544768,2.7084864499999997
896,640,573440,2.5345179
896,672,602112,2.88262495
896,704,630784,2.9382856
896,736,659456,2.9540492
896,768,688128,2.88056695
896,800,716800,3.2763793999999997
896,832,745472,3.4042724
896,864,774144,3.4711561000000004
896,896,802816,3.17284365
896,928,831488,3.6125982
896,960,860160,3.6054328499999997
896,992,888832,3.62452665
896,1024,917504,3.5139107000000003
928,32,29696,1.05326775
928,64,59392,1.1383393
928,96,89088,1.26927215
928,128,118784,1.23734825
928,160,148480,1.3876160499999999
928,192,178176,1.5071698
928,224,207872,1.56241515
928,256,237568,1.54471
928,288,267264,1.8329152
928,320,296960,1.94756695
928,352,326656,1.9187857000000001
928,384,356352,1.89072325
928,416,386048,2.1675443999999997
928,448,415744,2.2832186500000002
928,480,445440,2.29931695
928,512,475136,2.24202245
928,544,504832,2.5948482999999998
928,576,534528,2.6861517
928,608,564224,2.61562495
928,640,593920,2.58737045
928,672,623616,2.9815804
928,704,653312,2.9202725000000003
928,736,683008,2.9454196
928,768,712704,2.8579999000000003
928,800,742400,3.4430936500000002
928,832,772096,3.29916525
928,864,801792,3.2797144000000005
928,896,831488,3.2557052
928,928,861184,3.6782320499999996
928,960,890880,3.61639725
928,992,920576,3.6809418000000003
928,1024,950272,3.6317054
960,32,30720,1.0353126
960,64,61440,1.176973
960,96,92160,1.3067946
960,128,122880,1.2062898
960,160,153600,1.39247765
960,192,184320,1.4807857500000001
960,224,215040,1.57835265
960,256,245760,1.5430581
960,288,276480,1.8132142999999998
960,320,307200,1.9076429000000001
960,352,337920,1.9872991
960,384,368640,1.9262857
960,416,399360,2.1339063
960,448,430080,2.30114295
960,480,460800,2.3654912
960,512,491520,2.2876473
960,544,522240,2.5976431
960,576,552960,2.68213845
960,608,583680,2.6776294
960,640,614400,2.64429035
960,672,645120,2.94663415
960,704,675840,3.06958915
960,736,706560,3.06360265
960,768,737280,2.9852857
960,800,768000,3.3630044999999997
960,832,798720,3.47258935
960,864,829440,3.35687045
960,896,860160,3.3809998
960,928,890880,3.780558
960,960,921600,3.7129376499999998
960,992,952320,3.77232155
960,1024,983040,3.67637935
992,32,31744,1.07878125
992,64,63488,1.1577055
992,96,95232,1.2645621999999999
992,128,126976,1.23348215
992,160,158720,1.3769911499999998
992,192,190464,1.50710725
992,224,222208,1.5982901999999999
992,256,253952,1.5758529
992,288,285696,1.83045085
992,320,317440,1.9073527
992,352,349184,1.9651561499999999
992,384,380928,2.0018528
992,416,412672,2.20157605
992,448,444416,2.26713845
992,480,476160,2.3690222000000003
992,512,507904,2.30756245
992,544,539648,2.60237935
992,576,571392,2.6675179
992,608,603136,2.79150435
992,640,634880,2.6946384500000002
992,672,666624,2.9786519
992,704,698368,3.0403749
992,736,730112,3.2140803
992,768,761856,3.06792865
992,800,793600,3.3676919499999998
992,832,825344,3.4725713
992,864,857088,3.57187075
992,896,888832,3.47599115
992,928,920576,3.7770580000000002
992,960,952320,3.8580581
992,992,984064,3.8145000000000002
992,1024,1015808,3.7901473500000002
1024,32,32768,1.04495515
1024,64,65536,1.1414418
1024,96,98304,1.2506518999999998
1024,128,131072,1.25299995
1024,160,163840,1.39245095
1024,192,196608,1.4824464000000002
1024,224,229376,1.60393745
1024,256,262144,1.59042415
1024,288,294912,1.78835715
1024,320,327680,1.90002235
1024,352,360448,1.9898438999999999
1024,384,393216,2.0118573
1024,416,425984,2.1661429
1024,448,458752,2.26091525
1024,480,491520,2.3795759
1024,512,524288,2.36269205
1024,544,557056,2.5878616
1024,576,589824,2.72570085
1024,608,622592,2.7200133
1024,640,655360,2.75101345
1024,672,688128,2.9471384
1024,704,720896,2.99664275
1024,736,753664,3.1789151
1024,768,786432,3.09735265
1024,800,819200,3.3392099
1024,832,851968,3.44570985
1024,864,884736,3.5147810999999995
1024,896,917504,3.5202008499999997
1024,928,950272,3.7150001500000003
1024,960,983040,3.7755625000000004
1024,992,1015808,3.91987955
1024,1024,1048576,3.84950465
