shape_idx ,dim_0 ,dim_1  ,size     ,actual_latency       ,predicted_latency    ,absolute_error         ,relative_error_pct
        0 , 2955 ,  4787 ,14145585 ,128.730991           ,126.60455759903218   , 2.1264334009678123    ,  1.6518426405711524
        1 ,    8 ,   256 ,    2048 ,  0.9128839          ,-0.02174904834081199 , 0.934632948340812     ,102.38245502421634
        2 ,  345 , 18387 , 6343515 , 61.057393000000005  ,60.869316478073074   , 0.1880765219269307    ,  0.30803234905055754
        3 , 2658 ,   573 , 1523034 , 16.847562500000002  ,16.55066560697087    , 0.2968968930291318    ,  1.7622542906674588
        4 , 2780 ,   642 , 1784760 , 18.6311519          ,19.045562548339124   , 0.4144106483391248    ,  2.22428892514759
        5 ,    2 ,    32 ,      64 ,  0.8478570999999999 ,3.7068860317757824   , 2.859028931775782     ,337.2064622417837
        6 , 3348 ,  4912 ,16445376 ,147.9128393          ,145.80098329862338   , 2.1118560013766228    ,  1.4277705785184145
        7 ,    8 ,  1024 ,    8192 ,  0.9866966          ,2.052550468297412    , 1.065853868297412     ,108.02245272735426
        8 ,   32 ,    32 ,    1024 ,  0.9154198          ,3.5325990531836693   , 2.6171792531836693    ,285.89934947700164
        9 ,  275 ,  8186 , 2251150 , 24.449312599999995  ,25.09193588081438    , 0.6426232808143837    ,  2.6283899728714
       10 ,  429 ,  6987 , 2997423 , 30.0764196          ,31.41160903130742    , 1.3351894313074197    ,  4.439323061270962
       11 , 2272 ,  6220 ,14131840 ,127.8262856          ,127.00875715727356   , 0.8175284427264415    ,  0.639562073550889
       12 , 3781 ,   952 , 3599512 , 36.3690001          ,37.41642844956317    , 1.0474283495631695    ,  2.8800031529136527
       13 , 2041 ,  2751 , 5614791 , 53.0761341          ,54.968573822096346   , 1.8924397220963485    ,  3.565519143747036
       14 , 2547 ,  5274 ,13432878 ,120.8712947          ,120.61403955342702   , 0.2572551465729873    ,  0.2128339463985135
       15 ,   32 ,  2048 ,   65536 ,  1.6838840999999998 ,3.955736705602119    , 2.271852605602119     ,134.9173975573568
       16 ,  309 , 16223 , 5012907 , 48.2616787          ,49.13309941226304    , 0.8714207122630455    ,  1.8056162482036613
       17 , 3890 ,  3238 ,12595820 ,115.0104376          ,112.70632604742326   , 2.3041115525767424    ,  2.0033934316381927
       18 ,    4 ,  8192 ,   32768 ,  1.5907056000000002 ,5.660276353656507    , 4.069570753656507     ,255.83431363141656
       19 ,  128 ,  1024 ,  131072 ,  2.5087233          ,2.880146828406654    , 0.3714235284066536    , 14.805280773955962
       20 ,    1 ,   501 ,     501 ,  0.9296786          ,6.357673363444393    , 5.427994763444393     ,583.8571269086319
       21 , 3365 ,  3908 ,13150420 ,120.97701780000004   ,117.29195372897739   , 3.6850640710226514    ,  3.0460860567044414
       22 ,  604 , 23947 ,14463988 ,129.46258930000002   ,130.36604262006458   , 0.9034533200645569    ,  0.6978489499935846
       23 ,   12 ,  1032 ,   12384 ,  1.1415716000000002 ,3.0516177183277415   , 1.9100461183277413    ,167.31724215351372
       24 ,    2 ,   256 ,     512 ,  0.8732766          ,6.030253843641518    , 5.156977243641518     ,590.5319395528883
       25 , 1411 ,  3898 , 5500078 , 52.7377054          ,53.09330994020437    , 0.35560454020436794   ,  0.674288988319101
       26 ,  256 ,    16 ,    4096 ,  0.9472768          ,2.944412070588733    , 1.9971352705887329    ,210.82911252431526
       27 , 1887 ,  2521 , 4757127 , 45.87899109999999   ,47.048247293141216   , 1.1692561931412229    ,  2.548565618177299
       28 ,  231 , 63435 ,14653485 ,130.34243750000002   ,134.0283914651902    , 3.68595396519018      ,  2.827900134359678
       29 ,   93 , 22824 , 2122632 , 22.4127411          ,22.654876791645734   , 0.242135691645732     ,  1.0803484079229022
       30 ,    5 ,  1056 ,    5280 ,  1.0666786          ,5.3637950300883865   , 4.297116430088387     ,402.85015843463884
       31 ,   20 ,  4074 ,   81480 ,  2.171875           ,5.268471549923302    , 3.0965965499233024    ,142.5771073345981
       32 , 2247 ,  1738 , 3905286 , 39.48598200000001   ,38.230798103774525   , 1.255183896225482     ,  3.1788088649422006
       33 ,   32 ,   512 ,   16384 ,  1.0727144000000002 ,3.450933420318516    , 2.378219020318516     ,221.70104366255507
       34 , 3122 ,  4881 ,15238482 ,136.7404195          ,135.52976730595535   , 1.2106521940446555    ,  0.8853652771225083
       35 , 2103 ,  3386 , 7120758 , 68.5398393          ,66.11340145977648    , 2.426437840223514     ,  3.54018606551287
       36 ,  256 ,   128 ,   32768 ,  1.2985804          ,3.095728437082031    , 1.7971480370820307    ,138.39328216273944
       37 , 2124 ,  7628 ,16201872 ,143.13443750000002   ,142.12896732025484   , 1.0054701797451742    ,  0.7024655961953069
       38 , 8192 ,  2048 ,16777216 ,147.9546967          ,147.2312546065636    , 0.7234420934364039    ,  0.4889618981837998
       39 , 3019 ,  3413 ,10303847 , 93.64884810000002   ,95.28786912953089    , 1.6390210295308663    ,  1.7501774584356748
       40 , 2453 ,  4667 ,11448151 ,104.3010268          ,102.96431195680263   , 1.3367148431973703    ,  1.2815931771798916
       41 , 2042 ,  6402 ,13072884 ,120.9435355          ,117.82400214174852   , 3.1195333582514735    ,  2.5793303836826182
       42 , 1191 ,  8042 , 9578022 , 88.53829449999999   ,87.37823591127353    , 1.1600585887264572    ,  1.3102337189547482
       43 , 3019 ,  3733 ,11269927 ,103.6673034          ,102.6982207190947    , 0.9690826809052879    ,  0.9348007029430342
       44 , 2706 ,   615 , 1664190 , 18.971160699999995  ,18.972886353180183   , 0.0017256531801876918 ,  0.00909619188554811
       45 , 2238 ,  6441 ,14414958 ,130.24357149999997   ,129.8506457793466    , 0.3929257206533805    ,  0.3016853086322042
       46 , 3427 ,   500 , 1713500 , 19.0644198          ,19.126337532450915   , 0.06191773245091525   ,  0.32478162514505293
       47 , 1566 ,  1847 , 2892402 , 30.1495538          ,30.196580311866857   , 0.047026511866857135  ,  0.15597747210062238
       48 , 1024 ,    32 ,   32768 ,  1.2842855999999998 ,3.7645428998563117   , 2.480257299856312     ,193.12349993306103
       49 , 2067 ,  3343 , 6909981 , 66.2192767          ,65.9680765349615     , 0.2512001650384974    ,  0.3793459813469956
       50 , 2503 ,  5493 ,13748979 ,124.28712520000002   ,123.53743434393604   , 0.7496908560639781    ,  0.603192691807452
       51 , 1024 ,  2048 , 2097152 , 22.417839300000004  ,21.29263821707143    , 1.125201082928573     ,  5.019221825399439
       52 ,  753 , 11494 , 8654982 , 80.31785719999998   ,80.68677592327445    , 0.3689187232744757    ,  0.45932341341705496
       53 ,  370 ,  5853 , 2165610 , 22.5944463          ,21.912764671470164   , 0.6816816285298373    ,  3.0170317939140525
       54 ,  531 ,     1 ,     531 ,  0.9329912          ,1.1483506389826157   , 0.21535943898261567   , 23.082687058850677
       55 , 3803 ,  3907 ,14858321 ,133.39616070000002   ,132.36855552199597   , 1.0276051780040518    ,  0.7703408948291055
       56 ,  270 ,   280 ,   75600 ,  2.2190091          ,2.8818339948916853   , 0.6628248948916853    , 29.87030990056261
       57 ,  383 , 18941 , 7254403 , 68.23926800000001   ,66.49316743919296    , 1.7461005608070508    ,  2.558791458324334
       58 , 1523 ,  5206 , 7928738 , 73.5851428          ,72.52572533089824    , 1.05941746910176      ,  1.4397165362323112
       59 ,  156 , 97299 ,15178644 ,138.1814197          ,138.3345395036788    , 0.1531198036788055    ,  0.1108107037916079
       60 ,   16 ,    64 ,    1024 ,  0.8927320999999999 ,3.003548692990211    , 2.110816592990211     ,236.4445720043237
       61 , 3670 ,  2418 , 8874060 , 82.2404463          ,81.31945679256489    , 0.9209895074351095    ,  1.1198741603073104
       62 , 2409 ,  5902 ,14217918 ,126.6158572          ,127.08806292718624   , 0.47220572718624965   ,  0.3729435930290805
       63 , 3295 ,  4500 ,14827500 ,134.0311427          ,132.5157047318035    , 1.515437968196494     ,  1.1306610819460647
       64 , 2512 ,  2922 , 7340064 , 69.13928569999999   ,66.47266653386984    , 2.666619166130147     ,  3.8568798319681616
       65 ,  644 , 26037 ,16767828 ,148.42669670000004   ,148.76259246748663   , 0.33589576748659056   ,  0.22630414538262136
       66 , 4084 ,  3885 ,15866340 ,140.72683030000002   ,140.10529564105343   , 0.6215346589465867    ,  0.44166038389524254
       67 ,  215 , 28557 , 6139755 , 58.33856270000001   ,57.332779014341284   , 1.0057836856587272    ,  1.7240460496616365
       68 , 2028 ,  1972 , 3999216 , 38.5053927          ,38.770543291026044   , 0.26515059102604255   ,  0.6886063806487099
       69 ,   16 ,  4096 ,   65536 ,  1.7606964          ,5.657514661357285    , 3.8968182613572853    ,221.32255517517302
       70 , 3029 ,  5066 ,15344914 ,137.6134735          ,136.81886954718286   , 0.7946039528171411    ,  0.5774172634463305
       71 ,  763 , 20590 ,15710170 ,139.722018           ,138.7114880294762    , 1.0105299705238053    ,  0.7232431831351057
       72 ,   55 ,   151 ,    8305 ,  1.0648393          ,2.8552755676084622   , 1.7904362676084622    ,168.14145266881698
       73 ,  431 , 30953 ,13340743 ,118.3591251          ,121.2462091107313    , 2.8870840107313       ,  2.4392576476820373
       74 , 2816 ,  5095 ,14347520 ,128.1614556          ,127.54070932541337   , 0.6207462745866366    ,  0.4843470852297627
       75 ,   16 ,446622 , 7145952 , 66.62274099999999   ,86.68658159686763    ,20.063840596867635     , 30.115603614789187
       76 ,  512 ,   512 ,  262144 ,  4.1686874000000005 ,3.5893005832779683   , 0.5793868167220322    , 13.898543141470194
       77 , 2837 ,  3641 ,10329517 , 96.3075712          ,94.97277743449737    , 1.3347937655026243    ,  1.38596971024291
       78 , 1124 ,  5012 , 5633488 , 54.86725000000001   ,53.639602304493344   , 1.2276476955066684    ,  2.2374871995710888
       79 , 3376 ,  2808 , 9479808 , 87.8877141          ,87.56193047887149    , 0.3257836211285081    ,  0.3706816413017939
       80 ,  512 ,  1024 ,  524288 ,  7.3488749          ,7.417853238067195    , 0.06897833806719511   ,  0.9386244698109516
       81 ,  862 ,  7873 , 6786526 , 64.5511249          ,63.631675581701145   , 0.9194493182988595    ,  1.4243738118014724
       82 , 2032 ,  7679 ,15603728 ,136.8347321          ,138.98073068014943   , 2.1459985801494383    ,  1.5683142336852929
       83 , 2274 ,  4259 , 9684966 , 89.39474099999998   ,89.86870492133023    , 0.47396392133025245   ,  0.5301921746495719
       84 , 3626 ,  1869 , 6776994 , 61.8474107          ,64.27800961470138    , 2.4305989147013776    ,  3.9299930056754624
       85 , 3627 ,  4067 ,14751009 ,131.5215804          ,131.62480129922562   , 0.10322089922561872   ,  0.07848210074095088
       86 , 8166 ,    30 ,  244980 ,  4.2040001          ,3.97895829037523     , 0.22504180962476994   ,  5.353040063552091
       87 , 2154 ,  3305 , 7118970 , 66.0728571          ,66.11340145977648    , 0.04054435977649007   ,  0.06136310968833535
       88 , 1153 ,  8177 , 9428081 , 87.02268769999999   ,86.98312596934363    , 0.03956173065635937   ,  0.04546139828816086
       89 ,  686 ,  2408 , 1651888 , 18.4711427          ,19.07550536263177    , 0.6043626626317682    ,  3.271928935028844
       90 ,  875 ,  1798 , 1573250 , 17.763562600000004  ,18.817189770157757   , 1.0536271701577533    ,  5.931395598300496
       91 ,   23 ,  8187 ,  188301 ,  3.3585714          ,5.010546561415163    , 1.6519751614151628    , 49.18684061369553
       92 , 2131 ,  6354 ,13540374 ,120.5462588          ,120.81320496289801   , 0.26694616289800877   ,  0.221447073974235
       93 , 1959 ,   924 , 1810116 , 20.4001249          ,18.845051460565482   , 1.5550734394345191    ,  7.622862345487498
       94 , 2565 ,  3641 , 9339165 , 85.8311518          ,87.06334699362696    , 1.2321951936269642    ,  1.4356037030682887
       95 , 4119 ,     1 ,    4119 ,  1.2264197          ,0.8864364350012159   , 0.33998326499878395   , 27.721608271522708
       96 , 1230 , 11898 ,14634540 ,130.56641069999998   ,132.29259812895415   , 1.7261874289541765    ,  1.3220761907290273
       97 , 2987 ,  2540 , 7586980 , 70.54               ,71.42443917899944    , 0.884439178999429     ,  1.253812275303982
       98 ,  330 , 21743 , 7175190 , 67.3494197          ,65.99278132033015    , 1.356638379669846     ,  2.0143282387774546
       99 ,  723 , 12139 , 8776497 , 82.2438303          ,81.37377176329508    , 0.8700585367049172    ,  1.0579012839397355
