Operation_Type,Operation,Input_Shapes,Predicted_Latency_us,Kernel_Name,Actual_Duration_us,Error_Percentage
matmul,linear,"[(1024, 1024), (1024, 1024)]",89984,matmul_linear_1,43.8012944,205336.85119953897
matmul,linear,"[(1152, 1024), (1024, 1024)]",98176,matmul_linear_2,35.2534196,278386.4592256463
matmul,linear,"[(1280, 1024), (1024, 1024)]",106368,matmul_linear_3,38.074982,279264.5444139671
matmul,linear,"[(1408, 1024), (1024, 1024)]",114560,matmul_linear_4,40.8422949,280393.5429815919
matmul,linear,"[(1536, 1024), (1024, 1024)]",122752,matmul_linear_5,43.7608842,280406.215182919
matmul,linear,"[(1664, 1024), (1024, 1024)]",130944,matmul_linear_6,46.560036000000004,281136.8959508536
matmul,linear,"[(1792, 1024), (1024, 1024)]",139136,matmul_linear_7,49.401009099999996,281546.06864275574
matmul,linear,"[(1920, 1024), (1024, 1024)]",147328,matmul_linear_8,52.329000199999996,281441.78263853013
matmul,linear,"[(2048, 1024), (1024, 1024)]",155520,matmul_linear_9,55.0896069,282203.70255192363
matmul,linear,"[(1024, 1024), (1024, 1152)]",98176,matmul_linear_10,31.494723099999998,311622.0611474435
matmul,linear,"[(1152, 1024), (1024, 1152)]",110448,matmul_linear_11,60.066285500000006,183776.86050604875
matmul,linear,"[(1280, 1024), (1024, 1152)]",119664,matmul_linear_12,65.9508748,181344.1436340129
matmul,linear,"[(1408, 1024), (1024, 1152)]",128880,matmul_linear_13,71.90758029999999,179130.06095088978
matmul,linear,"[(1536, 1024), (1024, 1152)]",138096,matmul_linear_14,77.93840170000001,177086.08155650692
matmul,linear,"[(1664, 1024), (1024, 1152)]",147312,matmul_linear_15,83.81398219999998,175660.6501126253
matmul,linear,"[(1792, 1024), (1024, 1152)]",156528,matmul_linear_16,51.6885625,302729.0833199317
matmul,linear,"[(1920, 1024), (1024, 1152)]",165744,matmul_linear_17,53.9734374,306984.38814386126
matmul,linear,"[(2048, 1024), (1024, 1152)]",174960,matmul_linear_18,56.0058662,312295.8468479147
matmul,linear,"[(1024, 1024), (1024, 1280)]",106368,matmul_linear_19,34.4306699,308833.86712757515
matmul,linear,"[(1152, 1024), (1024, 1280)]",119664,matmul_linear_20,44.7701339,267185.32969609904
matmul,linear,"[(1280, 1024), (1024, 1280)]",132960,matmul_linear_21,66.2650089,200548.88273183347
matmul,linear,"[(1408, 1024), (1024, 1280)]",143200,matmul_linear_22,72.136518,198412.4926600976
matmul,linear,"[(1536, 1024), (1024, 1280)]",153440,matmul_linear_23,78.2008661,196112.66061655548
matmul,linear,"[(1664, 1024), (1024, 1280)]",163680,matmul_linear_24,84.12388389999998,194470.1891208093
matmul,linear,"[(1792, 1024), (1024, 1280)]",173920,matmul_linear_25,52.2510267,332754.70350384526
matmul,linear,"[(1920, 1024), (1024, 1280)]",184160,matmul_linear_26,54.4358751,338206.30932577775
matmul,linear,"[(2048, 1024), (1024, 1280)]",194400,matmul_linear_27,56.587401899999996,343439.36295491946
matmul,linear,"[(1024, 1024), (1024, 1408)]",114560,matmul_linear_28,37.2385715,307538.00915403
matmul,linear,"[(1152, 1024), (1024, 1408)]",128880,matmul_linear_29,48.63402669999999,264899.64889808313
matmul,linear,"[(1280, 1024), (1024, 1408)]",143200,matmul_linear_30,50.6867233,282419.7422063383
matmul,linear,"[(1408, 1024), (1024, 1408)]",157520,matmul_linear_31,49.81174119999999,316130.6641069596
matmul,linear,"[(1536, 1024), (1024, 1408)]",168784,matmul_linear_32,53.1533036,317441.88087756035
matmul,linear,"[(1664, 1024), (1024, 1408)]",180048,matmul_linear_33,68.37758930000001,263214.3429641208
matmul,linear,"[(1792, 1024), (1024, 1408)]",191312,matmul_linear_34,72.6684196,263167.04372142424
matmul,linear,"[(1920, 1024), (1024, 1408)]",202576,matmul_linear_35,76.70699110000001,263990.6612226639
matmul,linear,"[(2048, 1024), (1024, 1408)]",213840,matmul_linear_36,80.9941431,263919.0905359427
matmul,linear,"[(1024, 1024), (1024, 1536)]",122752,matmul_linear_37,43.417875200000005,282622.2645847026
matmul,linear,"[(1152, 1024), (1024, 1536)]",138096,matmul_linear_38,45.852017599999996,301077.5865670958
matmul,linear,"[(1280, 1024), (1024, 1536)]",153440,matmul_linear_39,48.3840177,317029.51361622865
matmul,linear,"[(1408, 1024), (1024, 1536)]",168784,matmul_linear_40,50.85099989999999,331818.7436469662
matmul,linear,"[(1536, 1024), (1024, 1536)]",184128,matmul_linear_41,53.2342857,345782.3530339959
matmul,linear,"[(1664, 1024), (1024, 1536)]",196416,matmul_linear_42,68.5365894,286485.60590702516
matmul,linear,"[(1792, 1024), (1024, 1536)]",208704,matmul_linear_43,72.68367850000001,287040.1177088195
matmul,linear,"[(1920, 1024), (1024, 1536)]",220992,matmul_linear_44,76.8514016,287457.5401347007
matmul,linear,"[(2048, 1024), (1024, 1536)]",233280,matmul_linear_45,81.14787510000001,287375.1799877998
matmul,linear,"[(1024, 1024), (1024, 1664)]",130944,matmul_linear_46,48.89441059999999,267709.7524709706
matmul,linear,"[(1152, 1024), (1024, 1664)]",147312,matmul_linear_47,56.3188394,261467.890193419
matmul,linear,"[(1280, 1024), (1024, 1664)]",163680,matmul_linear_48,58.9526072,277546.75350948685
matmul,linear,"[(1408, 1024), (1024, 1664)]",180048,matmul_linear_49,72.36443770000001,248707.29502303584
matmul,linear,"[(1536, 1024), (1024, 1664)]",196416,matmul_linear_50,62.97585730000001,311790.9506294247
matmul,linear,"[(1664, 1024), (1024, 1664)]",212784,matmul_linear_51,116.59913390000001,182391.92158021682
matmul,linear,"[(1792, 1024), (1024, 1664)]",226096,matmul_linear_52,124.89038400000001,180935.5551473042
matmul,linear,"[(1920, 1024), (1024, 1664)]",239408,matmul_linear_53,70.55499119999999,339221.13933847396
matmul,linear,"[(2048, 1024), (1024, 1664)]",252720,matmul_linear_54,73.56126789999999,343450.3590606274
matmul,linear,"[(1024, 1024), (1024, 1792)]",139136,matmul_linear_55,48.9385714,284207.4409810009
matmul,linear,"[(1152, 1024), (1024, 1792)]",156528,matmul_linear_56,51.59758939999999,303263.00943547575
matmul,linear,"[(1280, 1024), (1024, 1792)]",173920,matmul_linear_57,54.4707052,319190.8910604668
matmul,linear,"[(1408, 1024), (1024, 1792)]",191312,matmul_linear_58,57.15484790000001,334625.7617319282
matmul,linear,"[(1536, 1024), (1024, 1792)]",208704,matmul_linear_59,60.1588392,346821.58754286595
matmul,linear,"[(1664, 1024), (1024, 1792)]",226096,matmul_linear_60,63.05226789999999,358485.0398887873
matmul,linear,"[(1792, 1024), (1024, 1792)]",243488,matmul_linear_61,125.17883040000001,194412.12255454974
matmul,linear,"[(1920, 1024), (1024, 1792)]",257824,matmul_linear_62,71.09040180000001,362570.61863757815
matmul,linear,"[(2048, 1024), (1024, 1792)]",272160,matmul_linear_63,74.10685729999999,367153.46333098394
matmul,linear,"[(1024, 1024), (1024, 1920)]",147328,matmul_linear_64,54.8775802,268366.64787890925
matmul,linear,"[(1152, 1024), (1024, 1920)]",165744,matmul_linear_65,57.7587141,286859.2971080359
matmul,linear,"[(1280, 1024), (1024, 1920)]",184160,matmul_linear_66,60.866303800000004,302464.7829793141
matmul,linear,"[(1408, 1024), (1024, 1920)]",202576,matmul_linear_67,63.74485720000001,317691.9112194669
matmul,linear,"[(1536, 1024), (1024, 1920)]",220992,matmul_linear_68,71.5301608,308849.3963503015
matmul,linear,"[(1664, 1024), (1024, 1920)]",239408,matmul_linear_69,86.93417860000001,275289.9603762978
matmul,linear,"[(1792, 1024), (1024, 1920)]",257824,matmul_linear_70,89.39486609999999,288310.29831801495
matmul,linear,"[(1920, 1024), (1024, 1920)]",276240,matmul_linear_71,101.5275715,271983.7265372786
matmul,linear,"[(2048, 1024), (1024, 1920)]",291600,matmul_linear_72,107.01729459999999,272379.3231691357
matmul,linear,"[(1024, 1024), (1024, 2048)]",155520,matmul_linear_73,54.9461338,282940.842447772
matmul,linear,"[(1152, 1024), (1024, 2048)]",174960,matmul_linear_74,57.931008799999994,301914.41960734513
matmul,linear,"[(1280, 1024), (1024, 2048)]",194400,matmul_linear_75,60.856321300000005,319340.932095907
matmul,linear,"[(1408, 1024), (1024, 2048)]",213840,matmul_linear_76,63.917410700000005,334456.7313476921
matmul,linear,"[(1536, 1024), (1024, 2048)]",233280,matmul_linear_77,66.9057055,348569.8156108675
matmul,linear,"[(1664, 1024), (1024, 2048)]",252720,matmul_linear_78,69.9870091,360995.58509480587
matmul,linear,"[(1792, 1024), (1024, 2048)]",272160,matmul_linear_79,73.7604106,368878.4232301982
matmul,linear,"[(1920, 1024), (1024, 2048)]",291600,matmul_linear_80,89.869857,324369.1932691069
matmul,linear,"[(2048, 1024), (1024, 2048)]",311040,matmul_linear_81,107.326018,289708.5718599939
matmul,linear,"[(1024, 1152), (1152, 1024)]",101232,matmul_linear_82,35.2058483,287443.1352693751
matmul,linear,"[(1152, 1152), (1152, 1024)]",110448,matmul_linear_83,38.3031431,288252.315400456
matmul,linear,"[(1280, 1152), (1152, 1024)]",119664,matmul_linear_84,41.380419499999995,289080.2486439269
matmul,linear,"[(1408, 1152), (1152, 1024)]",128880,matmul_linear_85,44.4073036,290122.52997139865
matmul,linear,"[(1536, 1152), (1152, 1024)]",138096,matmul_linear_86,47.4222768,291104.913214964
matmul,linear,"[(1664, 1152), (1152, 1024)]",147312,matmul_linear_87,50.5675713,291217.13509839855
matmul,linear,"[(1792, 1152), (1152, 1024)]",156528,matmul_linear_88,53.576045,292060.42356243357
matmul,linear,"[(1920, 1152), (1152, 1024)]",165744,matmul_linear_89,56.712732,292151.8350905754
matmul,linear,"[(2048, 1152), (1152, 1024)]",174960,matmul_linear_90,59.770723,292618.5605568131
matmul,linear,"[(1024, 1152), (1152, 1152)]",110448,matmul_linear_91,34.7707143,317546.62367031095
matmul,linear,"[(1152, 1152), (1152, 1152)]",124254,matmul_linear_92,65.8968215,188458.41172855356
matmul,linear,"[(1280, 1152), (1152, 1152)]",134622,matmul_linear_93,72.31577690000002,186058.5476515844
matmul,linear,"[(1408, 1152), (1152, 1152)]",144990,matmul_linear_94,78.88472320000001,183699.846305349
matmul,linear,"[(1536, 1152), (1152, 1152)]",155358,matmul_linear_95,85.38199110000002,181856.40321627492
matmul,linear,"[(1664, 1152), (1152, 1152)]",165726,matmul_linear_96,50.0854554,330786.47927118576
matmul,linear,"[(1792, 1152), (1152, 1152)]",176094,matmul_linear_97,52.2535893,336898.85952140705
matmul,linear,"[(1920, 1152), (1152, 1152)]",186462,matmul_linear_98,54.613856899999995,341318.84602916596
matmul,linear,"[(2048, 1152), (1152, 1152)]",196830,matmul_linear_99,61.663875000000004,319098.23397410556
matmul,linear,"[(1024, 1152), (1152, 1280)]",119664,matmul_linear_100,41.737133899999996,286608.7143230983
matmul,linear,"[(1152, 1152), (1152, 1280)]",134622,matmul_linear_101,44.2048573,304441.19348554034
matmul,linear,"[(1280, 1152), (1152, 1280)]",149580,matmul_linear_102,72.63058019999998,205846.31020171865
matmul,linear,"[(1408, 1152), (1152, 1280)]",161100,matmul_linear_103,79.15056240000001,203436.14063518008
matmul,linear,"[(1536, 1152), (1152, 1280)]",172620,matmul_linear_104,85.662,201412.92288295858
matmul,linear,"[(1664, 1152), (1152, 1280)]",184140,matmul_linear_105,50.7022768,363078.9568866067
matmul,linear,"[(1792, 1152), (1152, 1280)]",195660,matmul_linear_106,52.79956249999999,370471.25236596423
matmul,linear,"[(1920, 1152), (1152, 1280)]",207180,matmul_linear_107,55.1962589,375251.52586219937
matmul,linear,"[(2048, 1152), (1152, 1280)]",218700,matmul_linear_108,62.20541959999999,351477.083486147
matmul,linear,"[(1024, 1152), (1152, 1408)]",128880,matmul_linear_109,40.9498573,314626.3714640588
matmul,linear,"[(1152, 1152), (1152, 1408)]",144990,matmul_linear_110,53.8134285,269330.8912133335
matmul,linear,"[(1280, 1152), (1152, 1408)]",161100,matmul_linear_111,56.1687144,286714.46908815135
matmul,linear,"[(1408, 1152), (1152, 1408)]",177210,matmul_linear_112,65.105143,272090.47810093896
matmul,linear,"[(1536, 1152), (1152, 1408)]",189882,matmul_linear_113,69.7459821,272147.9407168603
matmul,linear,"[(1664, 1152), (1152, 1408)]",202554,matmul_linear_114,74.20604469999999,272861.59068831225
matmul,linear,"[(1792, 1152), (1152, 1408)]",215226,matmul_linear_115,78.80500900000001,273012.08098459826
matmul,linear,"[(1920, 1152), (1152, 1408)]",227898,matmul_linear_116,83.32240180000001,273413.47906056157
matmul,linear,"[(2048, 1152), (1152, 1408)]",240570,matmul_linear_117,87.9841341,273324.2968471744
matmul,linear,"[(1024, 1152), (1152, 1536)]",138096,matmul_linear_118,48.041411,287352.0067697429
matmul,linear,"[(1152, 1152), (1152, 1536)]",155358,matmul_linear_119,50.7442767,306058.6647859344
matmul,linear,"[(1280, 1152), (1152, 1536)]",172620,matmul_linear_120,53.317526699999995,323658.45370936906
matmul,linear,"[(1408, 1152), (1152, 1536)]",189882,matmul_linear_121,56.1145984,338282.53398245835
matmul,linear,"[(1536, 1152), (1152, 1536)]",207144,matmul_linear_122,69.9141251,296183.47591236606
matmul,linear,"[(1664, 1152), (1152, 1536)]",220968,matmul_linear_123,74.3655894,297037.4284569309
matmul,linear,"[(1792, 1152), (1152, 1536)]",234792,matmul_linear_124,78.9844373,297163.62309604
matmul,linear,"[(1920, 1152), (1152, 1536)]",248616,matmul_linear_125,83.5247145,297555.6118608463
matmul,linear,"[(2048, 1152), (1152, 1536)]",262440,matmul_linear_126,88.16516060000001,297568.60085547215
matmul,linear,"[(1024, 1152), (1152, 1664)]",147312,matmul_linear_127,47.557857000000006,309653.2338347373
matmul,linear,"[(1152, 1152), (1152, 1664)]",165726,matmul_linear_128,62.635857,264486.46522550174
matmul,linear,"[(1280, 1152), (1152, 1664)]",184140,matmul_linear_129,65.093991,282783.25415474985
matmul,linear,"[(1408, 1152), (1152, 1664)]",202554,matmul_linear_130,80.24129450000001,252331.1219829585
matmul,linear,"[(1536, 1152), (1152, 1664)]",220968,matmul_linear_131,69.5981517,317391.18992767733
matmul,linear,"[(1664, 1152), (1152, 1664)]",239382,matmul_linear_132,127.9784463,186948.68430646046
matmul,linear,"[(1792, 1152), (1152, 1664)]",254358,matmul_linear_133,68.258286,372540.47327528853
matmul,linear,"[(1920, 1152), (1152, 1664)]",269334,matmul_linear_134,71.5228481,376470.5745154743
matmul,linear,"[(2048, 1152), (1152, 1664)]",284310,matmul_linear_135,80.5547052,352840.27741038764
matmul,linear,"[(1024, 1152), (1152, 1792)]",156528,matmul_linear_136,53.9104465,290248.1795499505
matmul,linear,"[(1152, 1152), (1152, 1792)]",176094,matmul_linear_137,56.85599989999999,309619.2913847603
matmul,linear,"[(1280, 1152), (1152, 1792)]",195660,matmul_linear_138,59.7285714,327481.91835808754
matmul,linear,"[(1408, 1152), (1152, 1792)]",215226,matmul_linear_139,62.6891248,343222.7065884958
matmul,linear,"[(1536, 1152), (1152, 1792)]",234792,matmul_linear_140,66.04575000000001,355399.02908211347
matmul,linear,"[(1664, 1152), (1152, 1792)]",254358,matmul_linear_141,69.01426760000001,368458.5732420349
matmul,linear,"[(1792, 1152), (1152, 1792)]",273924,matmul_linear_142,68.9280003,397305.98712828173
matmul,linear,"[(1920, 1152), (1152, 1792)]",290052,matmul_linear_143,72.1718392,401790.82502971607
matmul,linear,"[(2048, 1152), (1152, 1792)]",306180,matmul_linear_144,81.14927700000001,377204.6554684646
matmul,linear,"[(1024, 1152), (1152, 1920)]",165744,matmul_linear_145,47.4994287,348838.93365921685
matmul,linear,"[(1152, 1152), (1152, 1920)]",186462,matmul_linear_146,65.02813409999999,286640.5048302009
matmul,linear,"[(1280, 1152), (1152, 1920)]",207180,matmul_linear_147,68.4853124,302417.4197789014
matmul,linear,"[(1408, 1152), (1152, 1920)]",227898,matmul_linear_148,72.16640179999999,315695.1544149178
matmul,linear,"[(1536, 1152), (1152, 1920)]",248616,matmul_linear_149,75.8418571,327708.42862562236
matmul,linear,"[(1664, 1152), (1152, 1920)]",269334,matmul_linear_150,79.6752945,337939.54122817825
matmul,linear,"[(1792, 1152), (1152, 1920)]",290052,matmul_linear_151,83.2511607,348305.95321573695
matmul,linear,"[(1920, 1152), (1152, 1920)]",310770,matmul_linear_152,110.19597330000002,281915.74948111095
matmul,linear,"[(2048, 1152), (1152, 1920)]",328050,matmul_linear_153,116.3290088,281901.8870477989
matmul,linear,"[(1024, 1152), (1152, 2048)]",174960,matmul_linear_154,60.4050356,289544.72624199564
matmul,linear,"[(1152, 1152), (1152, 2048)]",196830,matmul_linear_155,63.64099100000001,309181.79606756906
matmul,linear,"[(1280, 1152), (1152, 2048)]",218700,matmul_linear_156,66.78185729999998,327384.153394458
matmul,linear,"[(1408, 1152), (1152, 2048)]",240570,matmul_linear_157,70.0532858,343310.01603667816
matmul,linear,"[(1536, 1152), (1152, 2048)]",262440,matmul_linear_158,73.41943770000002,357353.02364253864
matmul,linear,"[(1664, 1152), (1152, 2048)]",284310,matmul_linear_159,76.6868305,370641.6229700613
matmul,linear,"[(1792, 1152), (1152, 2048)]",306180,matmul_linear_160,80.58782140000001,379833.3381656598
matmul,linear,"[(1920, 1152), (1152, 2048)]",328050,matmul_linear_161,98.76825880000001,332041.11900492467
matmul,linear,"[(2048, 1152), (1152, 2048)]",349920,matmul_linear_162,116.53273219999998,300176.14850688283
matmul,linear,"[(1024, 1280), (1280, 1024)]",112480,matmul_linear_163,38.9665447,288557.87527730165
matmul,linear,"[(1152, 1280), (1280, 1024)]",122720,matmul_linear_164,42.3549647,289641.7123806504
matmul,linear,"[(1280, 1280), (1280, 1024)]",132960,matmul_linear_165,45.8095624,290145.07773948956
matmul,linear,"[(1408, 1280), (1280, 1024)]",143200,matmul_linear_166,49.2375893,290734.70989510854
matmul,linear,"[(1536, 1280), (1280, 1024)]",153440,matmul_linear_167,52.611285499999994,291548.45249789616
matmul,linear,"[(1664, 1280), (1280, 1024)]",163680,matmul_linear_168,55.990294600000006,292236.37931242463
matmul,linear,"[(1792, 1280), (1280, 1024)]",173920,matmul_linear_169,59.3907052,292740.43591386755
matmul,linear,"[(1920, 1280), (1280, 1024)]",184160,matmul_linear_170,62.75654469999999,293351.46530988027
matmul,linear,"[(2048, 1280), (1280, 1024)]",194400,matmul_linear_171,66.1761073,293661.612659861
matmul,linear,"[(1024, 1280), (1280, 1152)]",122720,matmul_linear_172,37.9588749,323197.25347049214
matmul,linear,"[(1152, 1280), (1280, 1152)]",138060,matmul_linear_173,72.7317323,189720.86035093653
matmul,linear,"[(1280, 1280), (1280, 1152)]",149580,matmul_linear_174,79.9964643,186883.26395907975
matmul,linear,"[(1408, 1280), (1280, 1152)]",161100,matmul_linear_175,87.20025,184647.17675694736
matmul,linear,"[(1536, 1280), (1280, 1152)]",172620,matmul_linear_176,94.40628559999999,182747.99460429148
matmul,linear,"[(1664, 1280), (1280, 1152)]",184140,matmul_linear_177,54.5817052,337265.78827148845
matmul,linear,"[(1792, 1280), (1280, 1152)]",195660,matmul_linear_178,57.2173035,341859.4913276541
matmul,linear,"[(1920, 1280), (1280, 1152)]",207180,matmul_linear_179,59.489428499999995,348163.5574486987
matmul,linear,"[(2048, 1280), (1280, 1152)]",218700,matmul_linear_180,67.2786876,324965.7939409627
matmul,linear,"[(1024, 1280), (1280, 1280)]",132960,matmul_linear_181,45.5356876,291890.7593533297
matmul,linear,"[(1152, 1280), (1280, 1280)]",149580,matmul_linear_182,48.136991,310638.1597657402
matmul,linear,"[(1280, 1280), (1280, 1280)]",166200,matmul_linear_183,80.1981517,207136.69620430918
matmul,linear,"[(1408, 1280), (1280, 1280)]",179000,matmul_linear_184,87.5241161,204415.06164939154
matmul,linear,"[(1536, 1280), (1280, 1280)]",191800,matmul_linear_185,94.66943769999999,202499.70340987883
matmul,linear,"[(1664, 1280), (1280, 1280)]",204600,matmul_linear_186,55.337393,369631.9098498189
matmul,linear,"[(1792, 1280), (1280, 1280)]",217400,matmul_linear_187,57.901205299999994,375367.14075052255
matmul,linear,"[(1920, 1280), (1280, 1280)]",230200,matmul_linear_188,60.210580300000004,382224.8320362061
matmul,linear,"[(2048, 1280), (1280, 1280)]",243000,matmul_linear_189,67.8715713,357929.1355358676
matmul,linear,"[(1024, 1280), (1280, 1408)]",143200,matmul_linear_190,44.84913400000001,319192.6757515541
matmul,linear,"[(1152, 1280), (1280, 1408)]",161100,matmul_linear_191,58.8166966,273801.81583234307
matmul,linear,"[(1280, 1280), (1280, 1408)]",179000,matmul_linear_192,61.127973399999995,292728.2912778522
matmul,linear,"[(1408, 1280), (1280, 1408)]",196900,matmul_linear_193,72.2594463,272390.3249085649
matmul,linear,"[(1536, 1280), (1280, 1408)]",210980,matmul_linear_194,77.31814310000001,272772.5646283659
matmul,linear,"[(1664, 1280), (1280, 1408)]",225060,matmul_linear_195,68.00757150000001,330833.740223322
matmul,linear,"[(1792, 1280), (1280, 1408)]",239140,matmul_linear_196,71.9395892,332317.80035074207
matmul,linear,"[(1920, 1280), (1280, 1408)]",253220,matmul_linear_197,75.87511599999999,333632.60345328506
matmul,linear,"[(2048, 1280), (1280, 1408)]",267300,matmul_linear_198,79.6565624,335465.57293765416
matmul,linear,"[(1024, 1280), (1280, 1536)]",153440,matmul_linear_199,52.20870549999999,293797.3462960119
matmul,linear,"[(1152, 1280), (1280, 1536)]",172620,matmul_linear_200,55.086991,313258.91989453556
matmul,linear,"[(1280, 1280), (1280, 1536)]",191800,matmul_linear_201,58.046160699999994,330326.67712560704
matmul,linear,"[(1408, 1280), (1280, 1536)]",210980,matmul_linear_202,60.83343749999999,346715.844493417
matmul,linear,"[(1536, 1280), (1280, 1536)]",230160,matmul_linear_203,77.32912490000001,297536.88687494764
matmul,linear,"[(1664, 1280), (1280, 1536)]",245520,matmul_linear_204,68.2234197,359776.4193874029
matmul,linear,"[(1792, 1280), (1280, 1536)]",260880,matmul_linear_205,72.202009,361219.58599656133
matmul,linear,"[(1920, 1280), (1280, 1536)]",276240,matmul_linear_206,76.0221698,363267.68698753975
matmul,linear,"[(2048, 1280), (1280, 1536)]",291600,matmul_linear_207,79.9565979,364597.85816137126
matmul,linear,"[(1024, 1280), (1280, 1664)]",163680,matmul_linear_208,51.8555893,315545.8198807896
matmul,linear,"[(1152, 1280), (1280, 1664)]",184140,matmul_linear_209,68.3231249,269413.4338037282
matmul,linear,"[(1280, 1280), (1280, 1664)]",204600,matmul_linear_210,71.0886071,287709.83106363326
matmul,linear,"[(1408, 1280), (1280, 1664)]",225060,matmul_linear_211,73.7181611,305197.9030427822
matmul,linear,"[(1536, 1280), (1280, 1664)]",245520,matmul_linear_212,75.7705715,323930.81452275964
matmul,linear,"[(1664, 1280), (1280, 1664)]",265980,matmul_linear_213,141.49013399999998,187884.83857538787
matmul,linear,"[(1792, 1280), (1280, 1664)]",282620,matmul_linear_214,80.5318126,350842.05740005913
matmul,linear,"[(1920, 1280), (1280, 1664)]",299260,matmul_linear_215,83.93411599999999,356441.55218600266
matmul,linear,"[(2048, 1280), (1280, 1664)]",315900,matmul_linear_216,87.3028659,361743.79143044836
matmul,linear,"[(1024, 1280), (1280, 1792)]",173920,matmul_linear_217,59.085865999999996,294251.27514251886
matmul,linear,"[(1152, 1280), (1280, 1792)]",195660,matmul_linear_218,62.19197320000001,314506.5158132014
matmul,linear,"[(1280, 1280), (1280, 1792)]",217400,matmul_linear_219,65.3891251,332371.18640527583
matmul,linear,"[(1408, 1280), (1280, 1792)]",239140,matmul_linear_220,68.62185730000002,348389.547513311
matmul,linear,"[(1536, 1280), (1280, 1792)]",260880,matmul_linear_221,72.0304554,362080.1341547537
matmul,linear,"[(1664, 1280), (1280, 1792)]",282620,matmul_linear_222,75.37473209999999,374853.23980063613
matmul,linear,"[(1792, 1280), (1280, 1792)]",304360,matmul_linear_223,81.182116,374810.1587842328
matmul,linear,"[(1920, 1280), (1280, 1792)]",322280,matmul_linear_224,84.6048483,380823.7963021086
matmul,linear,"[(2048, 1280), (1280, 1792)]",340200,matmul_linear_225,87.9849556,386557.0116221096
matmul,linear,"[(1024, 1280), (1280, 1920)]",184160,matmul_linear_226,66.92558030000001,275071.3159220824
matmul,linear,"[(1152, 1280), (1280, 1920)]",207180,matmul_linear_227,70.7634198,292678.38830508303
matmul,linear,"[(1280, 1280), (1280, 1920)]",230200,matmul_linear_228,74.49554450000001,308911.7691535229
matmul,linear,"[(1408, 1280), (1280, 1920)]",253220,matmul_linear_229,78.37040169999999,323006.6761266837
matmul,linear,"[(1536, 1280), (1280, 1920)]",276240,matmul_linear_230,82.36642839999999,335279.3594867106
matmul,linear,"[(1664, 1280), (1280, 1920)]",299260,matmul_linear_231,86.26841960000002,346794.0330512326
matmul,linear,"[(1792, 1280), (1280, 1920)]",322280,matmul_linear_232,90.457143,356179.21611453063
matmul,linear,"[(1920, 1280), (1280, 1920)]",345300,matmul_linear_233,89.03609800000001,387720.2299476331
matmul,linear,"[(2048, 1280), (1280, 1920)]",364500,matmul_linear_234,93.3155892,390509.97538019076
matmul,linear,"[(1024, 1280), (1280, 2048)]",194400,matmul_linear_235,65.9697142,294580.67636406404
matmul,linear,"[(1152, 1280), (1280, 2048)]",218700,matmul_linear_236,69.42871439999999,314899.35133466916
matmul,linear,"[(1280, 1280), (1280, 2048)]",243000,matmul_linear_237,72.8961608,333250.88889893907
matmul,linear,"[(1408, 1280), (1280, 2048)]",267300,matmul_linear_238,76.4088482,349728.5948511393
matmul,linear,"[(1536, 1280), (1280, 2048)]",291600,matmul_linear_239,79.70083930000001,365768.1672126381
matmul,linear,"[(1664, 1280), (1280, 2048)]",315900,matmul_linear_240,83.33672329999999,378964.5798045195
matmul,linear,"[(1792, 1280), (1280, 2048)]",340200,matmul_linear_241,87.6592945,387993.4725067859
matmul,linear,"[(1920, 1280), (1280, 2048)]",364500,matmul_linear_242,91.4765448,398362.7980832962
matmul,linear,"[(2048, 1280), (1280, 2048)]",388800,matmul_linear_243,93.5728392,415405.18646654463
matmul,linear,"[(1024, 1408), (1408, 1024)]",123728,matmul_linear_244,41.715294500000006,296501.0464099684
matmul,linear,"[(1152, 1408), (1408, 1024)]",134992,matmul_linear_245,45.3746965,297405.0202264163
matmul,linear,"[(1280, 1408), (1408, 1024)]",146256,matmul_linear_246,48.972107,298551.63857458695
matmul,linear,"[(1408, 1408), (1408, 1024)]",157520,matmul_linear_247,52.5330091,299749.5663938656
matmul,linear,"[(1536, 1408), (1408, 1024)]",168784,matmul_linear_248,56.115866200000006,300677.6791655405
matmul,linear,"[(1664, 1408), (1408, 1024)]",180048,matmul_linear_249,59.808294599999996,300941.8558231219
matmul,linear,"[(1792, 1408), (1408, 1024)]",191312,matmul_linear_250,63.40940190000001,301609.20126594027
matmul,linear,"[(1920, 1408), (1408, 1024)]",202576,matmul_linear_251,66.9708215,302383.97057515563
matmul,linear,"[(2048, 1408), (1408, 1024)]",213840,matmul_linear_252,70.666857,302502.958555239
matmul,linear,"[(1024, 1408), (1408, 1152)]",134992,matmul_linear_253,40.752428699999996,331148.9692178764
matmul,linear,"[(1152, 1408), (1408, 1152)]",151866,matmul_linear_254,78.18330390000001,194143.51802047595
matmul,linear,"[(1280, 1408), (1408, 1152)]",164538,matmul_linear_255,86.0045896,191213.04592609787
matmul,linear,"[(1408, 1408), (1408, 1152)]",177210,matmul_linear_256,93.6747144,189075.917039145
matmul,linear,"[(1536, 1408), (1408, 1152)]",189882,matmul_linear_257,55.5728749,341581.0815378565
matmul,linear,"[(1664, 1408), (1408, 1152)]",202554,matmul_linear_258,58.8037055,344357.88454606826
matmul,linear,"[(1792, 1408), (1408, 1152)]",215226,matmul_linear_259,61.35031250000001,350714.83896271914
matmul,linear,"[(1920, 1408), (1408, 1152)]",227898,matmul_linear_260,63.96526780000001,356183.97697414155
matmul,linear,"[(2048, 1408), (1408, 1152)]",240570,matmul_linear_261,67.12126800000001,358310.98830254516
matmul,linear,"[(1024, 1408), (1408, 1280)]",146256,matmul_linear_262,49.217285600000004,297063.8891032219
matmul,linear,"[(1152, 1408), (1408, 1280)]",164538,matmul_linear_263,51.863160500000006,317154.09406933456
matmul,linear,"[(1280, 1408), (1408, 1280)]",182820,matmul_linear_264,86.31186599999998,211713.28648369163
matmul,linear,"[(1408, 1408), (1408, 1280)]",196900,matmul_linear_265,94.00357139999998,209360.1269585381
matmul,linear,"[(1536, 1408), (1408, 1280)]",210980,matmul_linear_266,56.3052948,374607.211372242
matmul,linear,"[(1664, 1408), (1408, 1280)]",225060,matmul_linear_267,59.493875100000004,378191.0419294574
matmul,linear,"[(1792, 1408), (1408, 1280)]",239140,matmul_linear_268,62.148151700000014,384690.2044687838
matmul,linear,"[(1920, 1408), (1408, 1280)]",253220,matmul_linear_269,64.7457144,390999.2447092375
matmul,linear,"[(2048, 1408), (1408, 1280)]",267300,matmul_linear_270,67.8364288,393936.07284232514
matmul,linear,"[(1024, 1408), (1408, 1408)]",157520,matmul_linear_271,48.47684790000001,324838.61879167263
matmul,linear,"[(1152, 1408), (1408, 1408)]",177210,matmul_linear_272,63.899008800000004,277228.24550480343
matmul,linear,"[(1280, 1408), (1408, 1408)]",196900,matmul_linear_273,66.491134,296029.70655606507
matmul,linear,"[(1408, 1408), (1408, 1408)]",216590,matmul_linear_274,63.99441089999999,338351.4318577781
matmul,linear,"[(1536, 1408), (1408, 1408)]",232078,matmul_linear_275,68.10756239999999,340652.1746806784
matmul,linear,"[(1664, 1408), (1408, 1408)]",247566,matmul_linear_276,72.2855716,342383.28472787514
matmul,linear,"[(1792, 1408), (1408, 1408)]",263054,matmul_linear_277,76.32368740000001,344555.7798254385
matmul,linear,"[(1920, 1408), (1408, 1408)]",278542,matmul_linear_278,80.4102678,346301.0351175575
matmul,linear,"[(2048, 1408), (1408, 1408)]",294030,matmul_linear_279,84.64575909999999,347265.30586563086
matmul,linear,"[(1024, 1408), (1408, 1536)]",168784,matmul_linear_280,56.7671339,297226.9714432421
matmul,linear,"[(1152, 1408), (1408, 1536)]",189882,matmul_linear_281,59.908125,316855.33786109986
matmul,linear,"[(1280, 1408), (1408, 1536)]",210980,matmul_linear_282,62.9646964,334976.65733777755
matmul,linear,"[(1408, 1408), (1408, 1536)]",232078,matmul_linear_283,66.111723,350939.1039120248
matmul,linear,"[(1536, 1408), (1408, 1536)]",253176,matmul_linear_284,68.3164107,370493.24019784894
matmul,linear,"[(1664, 1408), (1408, 1536)]",270072,matmul_linear_285,72.42800000000001,372783.4152537692
matmul,linear,"[(1792, 1408), (1408, 1536)]",286968,matmul_linear_286,76.5011342,375016.0071035914
matmul,linear,"[(1920, 1408), (1408, 1536)]",303864,matmul_linear_287,80.6388661,376720.7747653337
matmul,linear,"[(2048, 1408), (1408, 1536)]",320760,matmul_linear_288,84.8501608,377931.1044501875
matmul,linear,"[(1024, 1408), (1408, 1664)]",180048,matmul_linear_289,55.811875099999995,322498.0128375942
matmul,linear,"[(1152, 1408), (1408, 1664)]",202554,matmul_linear_290,74.1352589,273122.2197715964
matmul,linear,"[(1280, 1408), (1408, 1664)]",225060,matmul_linear_291,76.959018,292341.3614529229
matmul,linear,"[(1408, 1408), (1408, 1664)]",247566,matmul_linear_292,79.68483060000001,310581.46614093444
matmul,linear,"[(1536, 1408), (1408, 1664)]",270072,matmul_linear_293,81.9219913,329569.72080914245
matmul,linear,"[(1664, 1408), (1408, 1664)]",292578,matmul_linear_294,152.07575,192289.64792217038
matmul,linear,"[(1792, 1408), (1408, 1664)]",310882,matmul_linear_295,87.7539822,354165.4044935183
matmul,linear,"[(1920, 1408), (1408, 1664)]",329186,matmul_linear_296,91.1097052,361207.28255281417
matmul,linear,"[(2048, 1408), (1408, 1664)]",347490,matmul_linear_297,103.1944287,336633.2949826195
matmul,linear,"[(1024, 1408), (1408, 1792)]",191312,matmul_linear_298,64.24014259999998,297707.55810464226
matmul,linear,"[(1152, 1408), (1408, 1792)]",215226,matmul_linear_299,67.4129821,319164.9149992135
matmul,linear,"[(1280, 1408), (1408, 1792)]",239140,matmul_linear_300,70.891875,337230.6179304751
matmul,linear,"[(1408, 1408), (1408, 1792)]",263054,matmul_linear_301,74.47644640000001,353104.28499929066
matmul,linear,"[(1536, 1408), (1408, 1792)]",286968,matmul_linear_302,78.3004108,366396.16147352324
matmul,linear,"[(1664, 1408), (1408, 1792)]",310882,matmul_linear_303,81.88533040000002,379555.3039248651
matmul,linear,"[(1792, 1408), (1408, 1792)]",334796,matmul_linear_304,88.51699119999999,378127.9486246252
matmul,linear,"[(1920, 1408), (1408, 1792)]",354508,matmul_linear_305,91.7973214,386085.56031200266
matmul,linear,"[(2048, 1408), (1408, 1792)]",374220,matmul_linear_306,104.000259,359726.02697172126
matmul,linear,"[(1024, 1408), (1408, 1920)]",202576,matmul_linear_307,72.4230001,279612.2457234411
matmul,linear,"[(1152, 1408), (1408, 1920)]",227898,matmul_linear_308,76.44412489999999,298023.6299037024
matmul,linear,"[(1280, 1408), (1408, 1920)]",253220,matmul_linear_309,80.68142830000002,313751.65748237
matmul,linear,"[(1408, 1408), (1408, 1920)]",278542,matmul_linear_310,84.62000900000001,329068.01036974596
matmul,linear,"[(1536, 1408), (1408, 1920)]",303864,matmul_linear_311,88.93315170000001,341576.85974408116
matmul,linear,"[(1664, 1408), (1408, 1920)]",329186,matmul_linear_312,93.02458039999999,353769.9111401744
matmul,linear,"[(1792, 1408), (1408, 1920)]",354508,matmul_linear_313,97.4324195,363750.1453820512
matmul,linear,"[(1920, 1408), (1408, 1920)]",379830,matmul_linear_314,95.5612943,397372.64076141757
matmul,linear,"[(2048, 1408), (1408, 1920)]",400950,matmul_linear_315,100.4004287,399250.88444497844
matmul,linear,"[(1024, 1408), (1408, 2048)]",213840,matmul_linear_316,71.5417323,298802.46311522427
matmul,linear,"[(1152, 1408), (1408, 2048)]",240570,matmul_linear_317,75.22383920000001,319705.53313742584
matmul,linear,"[(1280, 1408), (1408, 2048)]",267300,matmul_linear_318,78.8787233,338774.6531601127
matmul,linear,"[(1408, 1408), (1408, 2048)]",294030,matmul_linear_319,82.5649821,356019.49826850387
matmul,linear,"[(1536, 1408), (1408, 2048)]",320760,matmul_linear_320,86.13530369999998,372290.8620757555
matmul,linear,"[(1664, 1408), (1408, 2048)]",347490,matmul_linear_321,90.01330370000001,385942.9355622017
matmul,linear,"[(1792, 1408), (1408, 2048)]",374220,matmul_linear_322,94.53603580000001,395749.0503998899
matmul,linear,"[(1920, 1408), (1408, 2048)]",400950,matmul_linear_323,98.790616,405758.38638763013
matmul,linear,"[(2048, 1408), (1408, 2048)]",427680,matmul_linear_324,100.61472330000001,424967.01402417914
matmul,linear,"[(1024, 1536), (1536, 1024)]",134976,matmul_linear_325,45.615866,295797.04599710985
matmul,linear,"[(1152, 1536), (1536, 1024)]",147264,matmul_linear_326,49.5327055,297206.5947306271
matmul,linear,"[(1280, 1536), (1536, 1024)]",159552,matmul_linear_327,53.5217142,298007.04381363036
matmul,linear,"[(1408, 1536), (1536, 1024)]",171840,matmul_linear_328,57.4734197,298890.38702929317
matmul,linear,"[(1536, 1536), (1536, 1024)]",184128,matmul_linear_329,61.46358019999999,299472.52636578435
matmul,linear,"[(1664, 1536), (1536, 1024)]",196416,matmul_linear_330,65.3188751,300603.2801763605
matmul,linear,"[(1792, 1536), (1536, 1024)]",208704,matmul_linear_331,69.31271419999999,301004.9306160341
matmul,linear,"[(1920, 1536), (1536, 1024)]",220992,matmul_linear_332,73.2756876,301489.8004347079
matmul,linear,"[(2048, 1536), (1536, 1024)]",233280,matmul_linear_333,77.1238572,302374.49812455697
matmul,linear,"[(1024, 1536), (1536, 1152)]",147264,matmul_linear_334,43.8238214,335936.41876835504
matmul,linear,"[(1152, 1536), (1536, 1152)]",165672,matmul_linear_335,41.977303500000005,394570.4199330002
matmul,linear,"[(1280, 1536), (1536, 1152)]",179496,matmul_linear_336,45.1804374,397186.99040881795
matmul,linear,"[(1408, 1536), (1536, 1152)]",193320,matmul_linear_337,48.6487409,397279.2464585656
matmul,linear,"[(1536, 1536), (1536, 1152)]",207144,matmul_linear_338,51.78101770000001,399938.4874629452
matmul,linear,"[(1664, 1536), (1536, 1152)]",220968,matmul_linear_339,55.134866099999996,400677.2497338123
matmul,linear,"[(1792, 1536), (1536, 1152)]",234792,matmul_linear_340,65.5038572,358339.9606928796
matmul,linear,"[(1920, 1536), (1536, 1152)]",248616,matmul_linear_341,68.0152858,365429.5968777654
matmul,linear,"[(2048, 1536), (1536, 1152)]",262440,matmul_linear_342,71.45227689999999,367194.10368167015
matmul,linear,"[(1024, 1536), (1536, 1280)]",159552,matmul_linear_343,52.9961607,300963.31834713457
matmul,linear,"[(1152, 1536), (1536, 1280)]",179496,matmul_linear_344,55.838285799999994,321356.859623008
matmul,linear,"[(1280, 1536), (1536, 1280)]",199440,matmul_linear_345,94.76082140000001,210366.72776097312
matmul,linear,"[(1408, 1536), (1536, 1280)]",214800,matmul_linear_346,103.3082679,207821.40296836782
matmul,linear,"[(1536, 1536), (1536, 1280)]",230160,matmul_linear_347,60.1492765,382547.99411178293
matmul,linear,"[(1664, 1536), (1536, 1280)]",245520,matmul_linear_348,63.5763927,386081.0800725094
matmul,linear,"[(1792, 1536), (1536, 1280)]",260880,matmul_linear_349,66.3615805,393019.02765787806
matmul,linear,"[(1920, 1536), (1536, 1280)]",276240,matmul_linear_350,68.81961609999999,401297.1824524607
matmul,linear,"[(2048, 1536), (1536, 1280)]",291600,matmul_linear_351,72.2552948,403469.04059022677
matmul,linear,"[(1024, 1536), (1536, 1408)]",171840,matmul_linear_352,51.83357149999999,331422.5924572842
matmul,linear,"[(1152, 1536), (1536, 1408)]",193320,matmul_linear_353,54.28011600000001,356052.5181707422
matmul,linear,"[(1280, 1536), (1536, 1408)]",214800,matmul_linear_354,57.0094374,376679.7224394289
matmul,linear,"[(1408, 1536), (1536, 1408)]",236280,matmul_linear_355,69.2708482,340995.8666448089
matmul,linear,"[(1536, 1536), (1536, 1408)]",253176,matmul_linear_356,73.6640088,343590.228273322
matmul,linear,"[(1664, 1536), (1536, 1408)]",270072,matmul_linear_357,78.11970529999999,345615.5898922727
matmul,linear,"[(1792, 1536), (1536, 1408)]",286968,matmul_linear_358,82.54469639999999,347551.65118470293
matmul,linear,"[(1920, 1536), (1536, 1408)]",303864,matmul_linear_359,86.95946430000001,349331.7754209072
matmul,linear,"[(2048, 1536), (1536, 1408)]",320760,matmul_linear_360,91.44016979999999,350686.75017946
matmul,linear,"[(1024, 1536), (1536, 1536)]",184128,matmul_linear_361,61.00913390000001,301703.9893859237
matmul,linear,"[(1152, 1536), (1536, 1536)]",207144,matmul_linear_362,64.40173200000001,321543.5235002686
matmul,linear,"[(1280, 1536), (1536, 1536)]",230160,matmul_linear_363,67.4836874,340960.2011650004
matmul,linear,"[(1408, 1536), (1536, 1536)]",253176,matmul_linear_364,70.86656239999999,357157.3459553049
matmul,linear,"[(1536, 1536), (1536, 1536)]",276192,matmul_linear_365,73.86999130000001,373789.3089594827
matmul,linear,"[(1664, 1536), (1536, 1536)]",294624,matmul_linear_366,78.24652689999999,376433.00622088066
matmul,linear,"[(1792, 1536), (1536, 1536)]",313056,matmul_linear_367,82.7815804,378071.08405917796
matmul,linear,"[(1920, 1536), (1536, 1536)]",331488,matmul_linear_368,87.2200445,379959.4254454892
matmul,linear,"[(2048, 1536), (1536, 1536)]",349920,matmul_linear_369,91.65485720000001,381680.09402866644
matmul,linear,"[(1024, 1536), (1536, 1664)]",196416,matmul_linear_370,68.68215189999998,285878.2266082436
matmul,linear,"[(1152, 1536), (1536, 1664)]",220968,matmul_linear_371,79.55938410000002,277639.70663505926
matmul,linear,"[(1280, 1536), (1536, 1664)]",245520,matmul_linear_372,82.6169821,297078.6111756314
matmul,linear,"[(1408, 1536), (1536, 1664)]",270072,matmul_linear_373,102.62641079999999,263060.3287055617
matmul,linear,"[(1536, 1536), (1536, 1664)]",294624,matmul_linear_374,105.2088481,279937.2832900544
matmul,linear,"[(1664, 1536), (1536, 1664)]",319176,matmul_linear_375,167.2730359,190711.38707305543
matmul,linear,"[(1792, 1536), (1536, 1664)]",339144,matmul_linear_376,80.7485535,419900.09325244447
matmul,linear,"[(1920, 1536), (1536, 1664)]",359112,matmul_linear_377,84.922893,422768.3071359804
matmul,linear,"[(2048, 1536), (1536, 1664)]",379080,matmul_linear_378,89.2190089,424787.03323849634
matmul,linear,"[(1024, 1536), (1536, 1792)]",208704,matmul_linear_379,68.70313399999999,303676.53514321486
matmul,linear,"[(1152, 1536), (1536, 1792)]",234792,matmul_linear_380,72.2453215,324892.6709787013
matmul,linear,"[(1280, 1536), (1536, 1792)]",260880,matmul_linear_381,76.0828482,342789.37148386094
matmul,linear,"[(1408, 1536), (1536, 1792)]",286968,matmul_linear_382,79.5641517,360574.9947916557
matmul,linear,"[(1536, 1536), (1536, 1792)]",313056,matmul_linear_383,83.3948394,375290.1347521511
matmul,linear,"[(1664, 1536), (1536, 1792)]",339144,matmul_linear_384,87.1872858,388883.3212355832
matmul,linear,"[(1792, 1536), (1536, 1792)]",365232,matmul_linear_385,81.2205627,449579.2288290807
matmul,linear,"[(1920, 1536), (1536, 1792)]",386736,matmul_linear_386,85.55832140000001,451914.4781615595
matmul,linear,"[(2048, 1536), (1536, 1792)]",408240,matmul_linear_387,89.8852679,454078.98787839065
matmul,linear,"[(1024, 1536), (1536, 1920)]",220992,matmul_linear_388,78.176875,282582.0591127491
matmul,linear,"[(1152, 1536), (1536, 1920)]",248616,matmul_linear_389,82.40199989999999,301611.12388256495
matmul,linear,"[(1280, 1536), (1536, 1920)]",276240,matmul_linear_390,86.9194108,317711.6343144839
matmul,linear,"[(1408, 1536), (1536, 1920)]",303864,matmul_linear_391,91.17343760000001,333181.2801609226
matmul,linear,"[(1536, 1536), (1536, 1920)]",331488,matmul_linear_392,95.7774197,346002.4540422026
matmul,linear,"[(1664, 1536), (1536, 1920)]",359112,matmul_linear_393,100.0507231,358829.9396078028
matmul,linear,"[(1792, 1536), (1536, 1920)]",386736,matmul_linear_394,104.5737056,369721.45538505237
matmul,linear,"[(1920, 1536), (1536, 1920)]",414360,matmul_linear_395,102.83083920000001,402853.04718275595
matmul,linear,"[(2048, 1536), (1536, 1920)]",437400,matmul_linear_396,150.7623842,290025.4197597122
matmul,linear,"[(1024, 1536), (1536, 2048)]",233280,matmul_linear_397,77.1152591,302408.2230450549
matmul,linear,"[(1152, 1536), (1536, 2048)]",262440,matmul_linear_398,80.8950178,324320.4737661854
matmul,linear,"[(1280, 1536), (1536, 2048)]",291600,matmul_linear_399,84.91688409999999,343294.6064914551
matmul,linear,"[(1408, 1536), (1536, 2048)]",320760,matmul_linear_400,88.8150001,361055.2098618981
matmul,linear,"[(1536, 1536), (1536, 2048)]",349920,matmul_linear_401,92.6620175,377530.4568373983
matmul,linear,"[(1664, 1536), (1536, 2048)]",379080,matmul_linear_402,96.7295802,391796.66616582713
matmul,linear,"[(1792, 1536), (1536, 2048)]",408240,matmul_linear_403,101.5397232,401949.5498061393
matmul,linear,"[(1920, 1536), (1536, 2048)]",437400,matmul_linear_404,106.00168760000001,412534.9399742952
matmul,linear,"[(2048, 1536), (1536, 2048)]",466560,matmul_linear_405,150.98314280000002,308914.6299431779
matmul,linear,"[(1024, 1664), (1664, 1024)]",146224,matmul_linear_406,48.1918658,303320.49964788865
matmul,linear,"[(1152, 1664), (1664, 1024)]",159536,matmul_linear_407,52.355732,304615.44166357943
matmul,linear,"[(1280, 1664), (1664, 1024)]",172848,matmul_linear_408,56.391866199999996,306412.28917832836
matmul,linear,"[(1408, 1664), (1664, 1024)]",186160,matmul_linear_409,60.613981999999986,307023.85799038917
matmul,linear,"[(1536, 1664), (1664, 1024)]",199472,matmul_linear_410,64.8282858,307592.8497159183
matmul,linear,"[(1664, 1664), (1664, 1024)]",212784,matmul_linear_411,69.00028560000001,308281.3322650942
matmul,linear,"[(1792, 1664), (1664, 1024)]",226096,matmul_linear_412,73.094982,309218.08697893925
matmul,linear,"[(1920, 1664), (1664, 1024)]",239408,matmul_linear_413,77.28044650000001,309691.1707847081
matmul,linear,"[(2048, 1664), (1664, 1024)]",252720,matmul_linear_414,81.47114300000001,310095.72169252613
matmul,linear,"[(1024, 1664), (1664, 1152)]",159536,matmul_linear_415,47.14057129999999,338326.10643117095
matmul,linear,"[(1152, 1664), (1664, 1152)]",179478,matmul_linear_416,44.675428499999995,401637.6128804227
matmul,linear,"[(1280, 1664), (1664, 1152)]",194454,matmul_linear_417,48.0051609,404968.9474931017
matmul,linear,"[(1408, 1664), (1664, 1152)]",209430,matmul_linear_418,51.66098219999999,405292.9892180796
matmul,linear,"[(1536, 1664), (1664, 1152)]",224406,matmul_linear_419,55.157580300000006,406745.2582210173
matmul,linear,"[(1664, 1664), (1664, 1152)]",239382,matmul_linear_420,58.52712479999999,408910.35343530163
matmul,linear,"[(1792, 1664), (1664, 1152)]",254358,matmul_linear_421,61.89228579999999,410868.82545578893
matmul,linear,"[(1920, 1664), (1664, 1152)]",269334,matmul_linear_422,65.488143,411171.3961060096
matmul,linear,"[(2048, 1664), (1664, 1152)]",284310,matmul_linear_423,68.7791426,413266.59523871413
matmul,linear,"[(1024, 1664), (1664, 1280)]",172848,matmul_linear_424,56.9537053,303388.59497294197
matmul,linear,"[(1152, 1664), (1664, 1280)]",194454,matmul_linear_425,60.19205380000001,322955.9313462069
matmul,linear,"[(1280, 1664), (1664, 1280)]",216060,matmul_linear_426,100.47601800000001,214936.38808616
matmul,linear,"[(1408, 1664), (1664, 1280)]",232700,matmul_linear_427,109.48201789999999,212446.31990117897
matmul,linear,"[(1536, 1664), (1664, 1280)]",249340,matmul_linear_428,64.40858940000001,387022.28030878125
matmul,linear,"[(1664, 1664), (1664, 1280)]",265980,matmul_linear_429,68.05401789999999,390736.585711716
matmul,linear,"[(1792, 1664), (1664, 1280)]",282620,matmul_linear_430,71.0158304,397867.6058255316
matmul,linear,"[(1920, 1664), (1664, 1280)]",299260,matmul_linear_431,73.878259,404971.8087441665
matmul,linear,"[(2048, 1664), (1664, 1280)]",315900,matmul_linear_432,83.71480360000001,377252.61437082314
matmul,linear,"[(1024, 1664), (1664, 1408)]",186160,matmul_linear_433,55.6138571,334636.7179824685
matmul,linear,"[(1152, 1664), (1664, 1408)]",209430,matmul_linear_434,73.90500870000001,283277.27534832153
matmul,linear,"[(1280, 1664), (1664, 1408)]",232700,matmul_linear_435,76.6431519,303514.862164874
matmul,linear,"[(1408, 1664), (1664, 1408)]",255970,matmul_linear_436,74.9302947,341510.82780313684
matmul,linear,"[(1536, 1664), (1664, 1408)]",274274,matmul_linear_437,79.68428580000001,344100.8637542435
matmul,linear,"[(1664, 1664), (1664, 1408)]",292578,matmul_linear_438,84.47388400000001,346253.1995285075
matmul,linear,"[(1792, 1664), (1664, 1408)]",310882,matmul_linear_439,89.3025445,348022.21951861633
matmul,linear,"[(1920, 1664), (1664, 1408)]",329186,matmul_linear_440,94.12014280000001,349650.85056925775
matmul,linear,"[(2048, 1664), (1664, 1408)]",347490,matmul_linear_441,98.9348302,351131.2087639284
matmul,linear,"[(1024, 1664), (1664, 1536)]",199472,matmul_linear_442,65.5099912,304390.9583196525
matmul,linear,"[(1152, 1664), (1664, 1536)]",224406,matmul_linear_443,69.20843740000001,324146.59251156566
matmul,linear,"[(1280, 1664), (1664, 1536)]",249340,matmul_linear_444,72.42971440000001,344150.97774512274
matmul,linear,"[(1408, 1664), (1664, 1536)]",274274,matmul_linear_445,76.20469650000001,359817.4494448646
matmul,linear,"[(1536, 1664), (1664, 1536)]",299208,matmul_linear_446,79.808884,374805.6308067157
matmul,linear,"[(1664, 1664), (1664, 1536)]",319176,matmul_linear_447,84.67774990000001,376830.1857653636
matmul,linear,"[(1792, 1664), (1664, 1536)]",339144,matmul_linear_448,89.5485358,378626.46042750817
matmul,linear,"[(1920, 1664), (1664, 1536)]",359112,matmul_linear_449,94.2986966,380723.9275281775
matmul,linear,"[(2048, 1664), (1664, 1536)]",379080,matmul_linear_450,99.1103214,382382.86822728434
matmul,linear,"[(1024, 1664), (1664, 1664)]",212784,matmul_linear_451,73.5054375,289380.6251578327
matmul,linear,"[(1152, 1664), (1664, 1664)]",239382,matmul_linear_452,85.7718928,278991.42748916923
matmul,linear,"[(1280, 1664), (1664, 1664)]",265980,matmul_linear_453,81.1135624,327810.6380365314
matmul,linear,"[(1408, 1664), (1664, 1664)]",292578,matmul_linear_454,110.5892856,264462.7000957858
matmul,linear,"[(1536, 1664), (1664, 1664)]",319176,matmul_linear_455,113.33067880000002,281532.4788482604
matmul,linear,"[(1664, 1664), (1664, 1664)]",345774,matmul_linear_456,78.2921517,441545.8003669862
matmul,linear,"[(1792, 1664), (1664, 1664)]",367406,matmul_linear_457,82.61113379999999,444641.50529090065
matmul,linear,"[(1920, 1664), (1664, 1664)]",389038,matmul_linear_458,87.52370529999999,444394.4357263175
matmul,linear,"[(2048, 1664), (1664, 1664)]",410670,matmul_linear_459,92.0271428,446148.7778116698
matmul,linear,"[(1024, 1664), (1664, 1792)]",226096,matmul_linear_460,73.6214643,307006.08943973423
matmul,linear,"[(1152, 1664), (1664, 1792)]",254358,matmul_linear_461,77.33070540000001,328822.3843029886
matmul,linear,"[(1280, 1664), (1664, 1792)]",282620,matmul_linear_462,81.11141049999999,348334.33033383137
matmul,linear,"[(1408, 1664), (1664, 1792)]",310882,matmul_linear_463,84.8844554,366141.3789839783
matmul,linear,"[(1536, 1664), (1664, 1792)]",339144,matmul_linear_464,89.2006877,380103.3467954978
matmul,linear,"[(1664, 1664), (1664, 1792)]",367406,matmul_linear_465,92.9845445,395025.88030153763
matmul,linear,"[(1792, 1664), (1664, 1792)]",395668,matmul_linear_466,190.39199990000003,207717.5554686213
matmul,linear,"[(1920, 1664), (1664, 1792)]",418964,matmul_linear_467,213.6090088,196035.9225220093
matmul,linear,"[(2048, 1664), (1664, 1792)]",442260,matmul_linear_468,226.2785179,195349.39754088782
matmul,linear,"[(1024, 1664), (1664, 1920)]",239408,matmul_linear_469,83.8351606,285469.9187388448
matmul,linear,"[(1152, 1664), (1664, 1920)]",269334,matmul_linear_470,88.7162946,303490.2268172503
matmul,linear,"[(1280, 1664), (1664, 1920)]",299260,matmul_linear_471,93.1784106,321068.8180480726
matmul,linear,"[(1408, 1664), (1664, 1920)]",329186,matmul_linear_472,98.1022861,335453.8520931573
matmul,linear,"[(1536, 1664), (1664, 1920)]",359112,matmul_linear_473,102.8691427,348995.939340418
matmul,linear,"[(1664, 1664), (1664, 1920)]",389038,matmul_linear_474,107.70098209999999,361120.475815884
matmul,linear,"[(1792, 1664), (1664, 1920)]",418964,matmul_linear_475,112.48727679999999,372354.5672351098
matmul,linear,"[(1920, 1664), (1664, 1920)]",448890,matmul_linear_476,121.10158040000002,370572.2889307561
matmul,linear,"[(2048, 1664), (1664, 1920)]",473850,matmul_linear_477,159.1274375,297680.198967887
matmul,linear,"[(1024, 1664), (1664, 2048)]",252720,matmul_linear_478,82.7489999,305305.5037588436
matmul,linear,"[(1152, 1664), (1664, 2048)]",284310,matmul_linear_479,86.739884,327673.0922490051
matmul,linear,"[(1280, 1664), (1664, 2048)]",315900,matmul_linear_480,90.9155625,347365.2648164609
matmul,linear,"[(1408, 1664), (1664, 2048)]",347490,matmul_linear_481,95.06656269999999,365422.8401352519
matmul,linear,"[(1536, 1664), (1664, 2048)]",379080,matmul_linear_482,99.09043750000001,382459.6188330483
matmul,linear,"[(1664, 1664), (1664, 2048)]",410670,matmul_linear_483,103.33801779999999,397304.56488608976
matmul,linear,"[(1792, 1664), (1664, 2048)]",442260,matmul_linear_484,127.69932139999999,346229.17007811135
matmul,linear,"[(1920, 1664), (1664, 2048)]",473850,matmul_linear_485,134.3390177,352627.00970479107
matmul,linear,"[(2048, 1664), (1664, 2048)]",505440,matmul_linear_486,159.36271430000002,317063.2726137622
matmul,linear,"[(1024, 1792), (1792, 1024)]",157472,matmul_linear_487,46.007365899999996,342175.6267817541
matmul,linear,"[(1152, 1792), (1792, 1024)]",171808,matmul_linear_488,56.72670529999999,302769.69618875434
matmul,linear,"[(1280, 1792), (1792, 1024)]",186144,matmul_linear_489,61.33000009999999,303412.1469044316
matmul,linear,"[(1408, 1792), (1792, 1024)]",200480,matmul_linear_490,65.80329470000001,304565.59602220036
matmul,linear,"[(1536, 1792), (1792, 1024)]",214816,matmul_linear_491,70.2264463,305790.4605286855
matmul,linear,"[(1664, 1792), (1792, 1024)]",229152,matmul_linear_492,74.80798220000001,306220.2525465257
matmul,linear,"[(1792, 1792), (1792, 1024)]",243488,matmul_linear_493,79.2529909,307128.783715215
matmul,linear,"[(1920, 1792), (1792, 1024)]",257824,matmul_linear_494,83.7749912,307657.71660122834
matmul,linear,"[(2048, 1792), (1792, 1024)]",272160,matmul_linear_495,88.33715179999999,307992.34218484286
matmul,linear,"[(1024, 1792), (1792, 1152)]",171808,matmul_linear_496,50.259160900000005,341744.14726271323
matmul,linear,"[(1152, 1792), (1792, 1152)]",193284,matmul_linear_497,47.3065535,408477.64030516404
matmul,linear,"[(1280, 1792), (1792, 1152)]",209412,matmul_linear_498,50.944303500000004,410960.6792376698
matmul,linear,"[(1408, 1792), (1792, 1152)]",225540,matmul_linear_499,54.785258899999995,411580.0842571176
matmul,linear,"[(1536, 1792), (1792, 1152)]",241668,matmul_linear_500,58.2948572,414461.4409361654
matmul,linear,"[(1664, 1792), (1792, 1152)]",257796,matmul_linear_501,62.11470569999999,414932.15236194874
matmul,linear,"[(1792, 1792), (1792, 1152)]",273924,matmul_linear_502,65.5067498,418061.4884516832
matmul,linear,"[(1920, 1792), (1792, 1152)]",290052,matmul_linear_503,69.41626779999999,417744.4177317179
matmul,linear,"[(2048, 1792), (1792, 1152)]",306180,matmul_linear_504,72.7843036,420567.623176929
matmul,linear,"[(1024, 1792), (1792, 1280)]",186144,matmul_linear_505,60.781133999999994,306152.92381020734
matmul,linear,"[(1152, 1792), (1792, 1280)]",209412,matmul_linear_506,64.2034106,326069.5882554875
matmul,linear,"[(1280, 1792), (1792, 1280)]",232680,matmul_linear_507,55.824839299999994,416703.7076642333
matmul,linear,"[(1408, 1792), (1792, 1280)]",250600,matmul_linear_508,59.531428600000005,420854.11767088016
matmul,linear,"[(1536, 1792), (1792, 1280)]",268520,matmul_linear_509,63.1656964,425004.15510910127
matmul,linear,"[(1664, 1792), (1792, 1280)]",286440,matmul_linear_510,66.740589,429084.10564222024
matmul,linear,"[(1792, 1792), (1792, 1280)]",304360,matmul_linear_511,70.3351789,432627.9815876035
matmul,linear,"[(1920, 1792), (1792, 1280)]",322280,matmul_linear_512,73.9677142,435603.60864280973
matmul,linear,"[(2048, 1792), (1792, 1280)]",340200,matmul_linear_513,77.6934643,437774.6694656013
matmul,linear,"[(1024, 1792), (1792, 1408)]",200480,matmul_linear_514,61.20383030000001,327461.198404277
matmul,linear,"[(1152, 1792), (1792, 1408)]",225540,matmul_linear_515,78.89930340000001,285758.0371192479
matmul,linear,"[(1280, 1792), (1792, 1408)]",250600,matmul_linear_516,81.8625803,306022.77194492484
matmul,linear,"[(1408, 1792), (1792, 1408)]",275660,matmul_linear_517,79.77144630000001,345462.2441184196
matmul,linear,"[(1536, 1792), (1792, 1408)]",295372,matmul_linear_518,84.9159998,347740.2193881959
matmul,linear,"[(1664, 1792), (1792, 1408)]",315084,matmul_linear_519,90.014259,349937.87566589867
matmul,linear,"[(1792, 1792), (1792, 1408)]",334796,matmul_linear_520,95.210982,351535.9068746923
matmul,linear,"[(1920, 1792), (1792, 1408)]",354508,matmul_linear_521,100.3368928,353217.69811392843
matmul,linear,"[(2048, 1792), (1792, 1408)]",374220,matmul_linear_522,105.43742869999998,354821.40183422365
matmul,linear,"[(1024, 1792), (1792, 1536)]",214816,matmul_linear_523,69.7631251,307821.9855648353
matmul,linear,"[(1152, 1792), (1792, 1536)]",241668,matmul_linear_524,73.5587321,328437.47352722514
matmul,linear,"[(1280, 1792), (1792, 1536)]",268520,matmul_linear_525,77.1782859,347821.6943842491
matmul,linear,"[(1408, 1792), (1792, 1536)]",295372,matmul_linear_526,80.85298209999999,365219.8587464346
matmul,linear,"[(1536, 1792), (1792, 1536)]",322224,matmul_linear_527,85.13025009999998,378407.0519838636
matmul,linear,"[(1664, 1792), (1792, 1536)]",343728,matmul_linear_528,90.2005715,380970.7562978135
matmul,linear,"[(1792, 1792), (1792, 1536)]",365232,matmul_linear_529,95.3872856,382793.79732596147
matmul,linear,"[(1920, 1792), (1792, 1536)]",386736,matmul_linear_530,100.5805981,384403.5795228583
matmul,linear,"[(2048, 1792), (1792, 1536)]",408240,matmul_linear_531,105.6835715,386185.2042240075
matmul,linear,"[(1024, 1792), (1792, 1664)]",229152,matmul_linear_532,78.7333036,290948.3740961684
matmul,linear,"[(1152, 1792), (1792, 1664)]",257796,matmul_linear_533,82.6361341,311865.22297138773
matmul,linear,"[(1280, 1792), (1792, 1664)]",286440,matmul_linear_534,86.75597309999999,330067.4683192505
matmul,linear,"[(1408, 1792), (1792, 1664)]",315084,matmul_linear_535,90.78141959999999,346979.8335037272
matmul,linear,"[(1536, 1792), (1792, 1664)]",343728,matmul_linear_536,95.1118482,361293.46096735826
matmul,linear,"[(1664, 1792), (1792, 1664)]",372372,matmul_linear_537,85.47841969999999,435532.7612359919
matmul,linear,"[(1792, 1792), (1792, 1664)]",395668,matmul_linear_538,90.17158020000001,438694.5726607106
matmul,linear,"[(1920, 1792), (1792, 1664)]",418964,matmul_linear_539,104.18673220000001,402027.97844138544
matmul,linear,"[(2048, 1792), (1792, 1664)]",442260,matmul_linear_540,108.9467322,405841.50101548433
matmul,linear,"[(1024, 1792), (1792, 1792)]",243488,matmul_linear_541,78.79829470000001,308901.6109193794
matmul,linear,"[(1152, 1792), (1792, 1792)]",273924,matmul_linear_542,82.79897330000001,330730.18917095667
matmul,linear,"[(1280, 1792), (1792, 1792)]",304360,matmul_linear_543,86.7768485,350638.71114367555
matmul,linear,"[(1408, 1792), (1792, 1792)]",334796,matmul_linear_544,90.8950089,368232.6555018358
matmul,linear,"[(1536, 1792), (1792, 1792)]",365232,matmul_linear_545,95.25558930000001,383323.1698989657
matmul,linear,"[(1664, 1792), (1792, 1792)]",395668,matmul_linear_546,99.52771449999999,397445.549988491
matmul,linear,"[(1792, 1792), (1792, 1792)]",426104,matmul_linear_547,90.77786599999999,469291.9550829714
matmul,linear,"[(1920, 1792), (1792, 1792)]",451192,matmul_linear_548,104.6651337,430981.4729318021
matmul,linear,"[(2048, 1792), (1792, 1792)]",476280,matmul_linear_549,109.50300899999999,434846.9520056751
matmul,linear,"[(1024, 1792), (1792, 1920)]",257824,matmul_linear_550,67.99026790000002,379107.2129781973
matmul,linear,"[(1152, 1792), (1792, 1920)]",290052,matmul_linear_551,94.46153580000001,306958.3148405681
matmul,linear,"[(1280, 1792), (1792, 1920)]",322280,matmul_linear_552,99.2744108,324535.5202744754
matmul,linear,"[(1408, 1792), (1792, 1920)]",354508,matmul_linear_553,104.33373199999998,339682.7272199944
matmul,linear,"[(1536, 1792), (1792, 1920)]",386736,matmul_linear_554,109.44041080000002,353275.8665313781
matmul,linear,"[(1664, 1792), (1792, 1920)]",418964,matmul_linear_555,114.63432130000001,365378.6762365557
matmul,linear,"[(1792, 1792), (1792, 1920)]",451192,matmul_linear_556,119.8547411,376349.02142298315
matmul,linear,"[(1920, 1792), (1792, 1920)]",483420,matmul_linear_557,129.2268662,373986.29816328397
matmul,linear,"[(2048, 1792), (1792, 1920)]",510300,matmul_linear_558,172.7511695,295295.9741499753
matmul,linear,"[(1024, 1792), (1792, 2048)]",272160,matmul_linear_559,88.19486629999999,308489.3900833546
matmul,linear,"[(1152, 1792), (1792, 2048)]",306180,matmul_linear_560,92.5717231,330648.9476773065
matmul,linear,"[(1280, 1792), (1792, 2048)]",340200,matmul_linear_561,96.80571450000001,351325.53490476013
matmul,linear,"[(1408, 1792), (1792, 2048)]",374220,matmul_linear_562,101.3323123,369199.7736912395
matmul,linear,"[(1536, 1792), (1792, 2048)]",408240,matmul_linear_563,105.4624286,386995.20102972485
matmul,linear,"[(1664, 1792), (1792, 2048)]",442260,matmul_linear_564,130.2348572,339486.5051096321
matmul,linear,"[(1792, 1792), (1792, 2048)]",476280,matmul_linear_565,136.1557323,349705.32362059056
matmul,linear,"[(1920, 1792), (1792, 2048)]",510300,matmul_linear_566,143.38328570000002,355799.22319655697
matmul,linear,"[(2048, 1792), (1792, 2048)]",544320,matmul_linear_567,172.81074089999998,314880.42145133816
matmul,linear,"[(1024, 1920), (1920, 1024)]",168720,matmul_linear_568,48.3315537,348988.7155154708
matmul,linear,"[(1152, 1920), (1920, 1024)]",184080,matmul_linear_569,52.950267800000006,347546.9669526392
matmul,linear,"[(1280, 1920), (1920, 1024)]",199440,matmul_linear_570,63.9498751,311769.25648897793
matmul,linear,"[(1408, 1920), (1920, 1024)]",214800,matmul_linear_571,68.7585627,312297.45504453365
matmul,linear,"[(1536, 1920), (1920, 1024)]",230160,matmul_linear_572,73.41902680000001,313388.21965044073
matmul,linear,"[(1664, 1920), (1920, 1024)]",245520,matmul_linear_573,78.10241970000001,314256.4577679787
matmul,linear,"[(1792, 1920), (1920, 1024)]",260880,matmul_linear_574,82.9596964,314365.9531323936
matmul,linear,"[(1920, 1920), (1920, 1024)]",276240,matmul_linear_575,87.5325627,315485.41356404277
matmul,linear,"[(2048, 1920), (1920, 1024)]",291600,matmul_linear_576,92.22003570000001,316100.2679641122
matmul,linear,"[(1024, 1920), (1920, 1152)]",184080,matmul_linear_577,53.0921699,346617.7935027289
matmul,linear,"[(1152, 1920), (1920, 1152)]",207090,matmul_linear_578,50.0284107,413844.7907746548
matmul,linear,"[(1280, 1920), (1920, 1152)]",224370,matmul_linear_579,53.8794553,416329.59965113085
matmul,linear,"[(1408, 1920), (1920, 1152)]",241650,matmul_linear_580,57.8031427,417956.8541993825
matmul,linear,"[(1536, 1920), (1920, 1152)]",258930,matmul_linear_581,61.5259913,420746.53091968957
matmul,linear,"[(1664, 1920), (1920, 1152)]",276210,matmul_linear_582,65.37559820000001,422397.09005339537
matmul,linear,"[(1792, 1920), (1920, 1152)]",293490,matmul_linear_583,69.09803539999999,424644.3480860529
matmul,linear,"[(1920, 1920), (1920, 1152)]",310770,matmul_linear_584,73.1655623,424649.0079086017
matmul,linear,"[(2048, 1920), (1920, 1152)]",328050,matmul_linear_585,76.75667849999999,427289.520248717
matmul,linear,"[(1024, 1920), (1920, 1280)]",199440,matmul_linear_586,64.4381515,309406.08507135714
matmul,linear,"[(1152, 1920), (1920, 1280)]",224370,matmul_linear_587,67.89358,330373.07271173503
matmul,linear,"[(1280, 1920), (1920, 1280)]",249300,matmul_linear_588,114.42528560000001,217771.42474040715
matmul,linear,"[(1408, 1920), (1920, 1280)]",268500,matmul_linear_589,63.61798219999999,421950.48119240726
matmul,linear,"[(1536, 1920), (1920, 1280)]",287700,matmul_linear_590,67.65402680000001,425151.8491626576
matmul,linear,"[(1664, 1920), (1920, 1280)]",306900,matmul_linear_591,71.5345448,428923.48908215883
matmul,linear,"[(1792, 1920), (1920, 1280)]",326100,matmul_linear_592,75.577268,431378.9468177124
matmul,linear,"[(1920, 1920), (1920, 1280)]",345300,matmul_linear_593,79.36698210000002,434967.5694899579
matmul,linear,"[(2048, 1920), (1920, 1280)]",364500,matmul_linear_594,83.2994555,437477.89029005123
matmul,linear,"[(1024, 1920), (1920, 1408)]",214800,matmul_linear_595,81.969875,261947.49000776195
matmul,linear,"[(1152, 1920), (1920, 1408)]",241650,matmul_linear_596,83.9255716,287833.69576526067
matmul,linear,"[(1280, 1920), (1920, 1408)]",268500,matmul_linear_597,105.70889299999999,253899.44354728988
matmul,linear,"[(1408, 1920), (1920, 1408)]",295350,matmul_linear_598,83.134107,355169.34811484773
matmul,linear,"[(1536, 1920), (1920, 1408)]",316470,matmul_linear_599,88.29928579999999,358306.0699163662
matmul,linear,"[(1664, 1920), (1920, 1408)]",337590,matmul_linear_600,93.5984193,360579.16800812894
matmul,linear,"[(1792, 1920), (1920, 1408)]",358710,matmul_linear_601,98.83372329999999,362842.9186950402
matmul,linear,"[(1920, 1920), (1920, 1408)]",379830,matmul_linear_602,104.19572330000001,364435.11523346754
matmul,linear,"[(2048, 1920), (1920, 1408)]",400950,matmul_linear_603,136.3892857,293874.7047887062
matmul,linear,"[(1024, 1920), (1920, 1536)]",230160,matmul_linear_604,74.4425894,309077.8535043812
matmul,linear,"[(1152, 1920), (1920, 1536)]",258930,matmul_linear_605,78.2944464,330613.1117284457
matmul,linear,"[(1280, 1920), (1920, 1536)]",287700,matmul_linear_606,82.0382944,350589.8846497716
matmul,linear,"[(1408, 1920), (1920, 1536)]",316470,matmul_linear_607,86.1250985,367353.8613154678
matmul,linear,"[(1536, 1920), (1920, 1536)]",345240,matmul_linear_608,88.50058030000001,389999.1370109694
matmul,linear,"[(1664, 1920), (1920, 1536)]",368280,matmul_linear_609,93.80141959999999,392516.65928987716
matmul,linear,"[(1792, 1920), (1920, 1536)]",391320,matmul_linear_610,99.09126799999999,394808.6613767018
matmul,linear,"[(1920, 1920), (1920, 1536)]",414360,matmul_linear_611,104.40085690000001,396793.2940817653
matmul,linear,"[(2048, 1920), (1920, 1536)]",437400,matmul_linear_612,136.47888390000003,320389.1390528142
matmul,linear,"[(1024, 1920), (1920, 1664)]",245520,matmul_linear_613,83.7128662,293188.24963826174
matmul,linear,"[(1152, 1920), (1920, 1664)]",276210,matmul_linear_614,87.93259810000002,314015.5907686071
matmul,linear,"[(1280, 1920), (1920, 1664)]",306900,matmul_linear_615,92.2801697,332474.1608383713
matmul,linear,"[(1408, 1920), (1920, 1664)]",337590,matmul_linear_616,96.7396966,348867.3958725233
matmul,linear,"[(1536, 1920), (1920, 1664)]",368280,matmul_linear_617,101.35231250000001,363266.1540776388
matmul,linear,"[(1664, 1920), (1920, 1664)]",398970,matmul_linear_618,87.11443740000001,457883.7876563041
matmul,linear,"[(1792, 1920), (1920, 1664)]",423930,matmul_linear_619,92.050732,460439.52075036196
matmul,linear,"[(1920, 1920), (1920, 1664)]",448890,matmul_linear_620,97.50183909999998,460291.31583929283
matmul,linear,"[(2048, 1920), (1920, 1664)]",473850,matmul_linear_621,102.49724080000001,462205.1277298383
matmul,linear,"[(1024, 1920), (1920, 1792)]",260880,matmul_linear_622,83.8498661,311027.5093616399
matmul,linear,"[(1152, 1920), (1920, 1792)]",293490,matmul_linear_623,88.0552947,333201.93374504714
matmul,linear,"[(1280, 1920), (1920, 1792)]",326100,matmul_linear_624,92.4199552,352745.87543275504
matmul,linear,"[(1408, 1920), (1920, 1792)]",358710,matmul_linear_625,96.76497300000001,370602.3201463612
matmul,linear,"[(1536, 1920), (1920, 1792)]",391320,matmul_linear_626,101.54555350000001,385263.9933136018
matmul,linear,"[(1664, 1920), (1920, 1792)]",423930,matmul_linear_627,106.1118571,399412.37456949573
matmul,linear,"[(1792, 1920), (1920, 1792)]",456540,matmul_linear_628,96.2403213,474274.9748890333
matmul,linear,"[(1920, 1920), (1920, 1792)]",483420,matmul_linear_629,101.28303589999999,477196.1194382998
matmul,linear,"[(2048, 1920), (1920, 1792)]",510300,matmul_linear_630,106.3725715,479628.93087387655
matmul,linear,"[(1024, 1920), (1920, 1920)]",276240,matmul_linear_631,71.6232679,385584.71964401944
matmul,linear,"[(1152, 1920), (1920, 1920)]",310770,matmul_linear_632,100.0885628,310395.0169191559
matmul,linear,"[(1280, 1920), (1920, 1920)]",345300,matmul_linear_633,105.4137232,327466.45863353775
matmul,linear,"[(1408, 1920), (1920, 1920)]",379830,matmul_linear_634,110.28875020000001,344295.9599788809
matmul,linear,"[(1536, 1920), (1920, 1920)]",414360,matmul_linear_635,115.98198229999998,357162.3883321919
matmul,linear,"[(1664, 1920), (1920, 1920)]",448890,matmul_linear_636,121.1342857,370472.21034160105
matmul,linear,"[(1792, 1920), (1920, 1920)]",483420,matmul_linear_637,126.6597054,381568.34390884347
matmul,linear,"[(1920, 1920), (1920, 1920)]",517950,matmul_linear_638,136.8111518,378487.55897119787
matmul,linear,"[(2048, 1920), (1920, 1920)]",546750,matmul_linear_639,143.6156965,380603.5117501936
matmul,linear,"[(1024, 1920), (1920, 2048)]",291600,matmul_linear_640,93.77527649999999,310856.16124363017
matmul,linear,"[(1152, 1920), (1920, 2048)]",328050,matmul_linear_641,98.2969736,333633.5708166706
matmul,linear,"[(1280, 1920), (1920, 2048)]",364500,matmul_linear_642,102.904991,354110.2248471117
matmul,linear,"[(1408, 1920), (1920, 2048)]",400950,matmul_linear_643,107.52141959999999,372802.4425938662
matmul,linear,"[(1536, 1920), (1920, 2048)]",437400,matmul_linear_644,132.3350359,330424.71480834804
matmul,linear,"[(1664, 1920), (1920, 2048)]",473850,matmul_linear_645,138.3652947,342363.0439499942
matmul,linear,"[(1792, 1920), (1920, 2048)]",510300,matmul_linear_646,144.71541059999998,352523.12277888117
matmul,linear,"[(1920, 1920), (1920, 2048)]",546750,matmul_linear_647,152.3060179,358881.2192181278
matmul,linear,"[(2048, 1920), (1920, 2048)]",583200,matmul_linear_648,143.77856249999996,405523.7521501164
matmul,linear,"[(1024, 2048), (2048, 1024)]",179968,matmul_linear_649,52.66341100000001,341632.5170980664
matmul,linear,"[(1152, 2048), (2048, 1024)]",196352,matmul_linear_650,56.8348659,345378.0738736643
matmul,linear,"[(1280, 2048), (2048, 1024)]",212736,matmul_linear_651,69.041009,308029.9116007995
matmul,linear,"[(1408, 2048), (2048, 1024)]",229120,matmul_linear_652,73.93886610000001,309777.62199398933
matmul,linear,"[(1536, 2048), (2048, 1024)]",245504,matmul_linear_653,79.04472310000001,310488.72796532064
matmul,linear,"[(1664, 2048), (2048, 1024)]",261888,matmul_linear_654,84.0971698,311311.19329321355
matmul,linear,"[(1792, 2048), (2048, 1024)]",278272,matmul_linear_655,89.10488409999999,312197.13478747464
matmul,linear,"[(1920, 2048), (2048, 1024)]",294656,matmul_linear_656,94.20344659999999,312686.8572061354
matmul,linear,"[(2048, 2048), (2048, 1024)]",311040,matmul_linear_657,99.3855624,312862.96211329784
matmul,linear,"[(1024, 2048), (2048, 1152)]",196352,matmul_linear_658,56.2445264,349004.1930081929
matmul,linear,"[(1152, 2048), (2048, 1152)]",220896,matmul_linear_659,52.6991072,419064.59639756475
matmul,linear,"[(1280, 2048), (2048, 1152)]",239328,matmul_linear_660,56.6650894,422255.2852984646
matmul,linear,"[(1408, 2048), (2048, 1152)]",257760,matmul_linear_661,60.91527670000001,423045.0860338947
matmul,linear,"[(1536, 2048), (2048, 1152)]",276192,matmul_linear_662,64.7068483,426735.80989680183
matmul,linear,"[(1664, 2048), (2048, 1152)]",294624,matmul_linear_663,68.94914270000001,427206.2556874981
matmul,linear,"[(1792, 2048), (2048, 1152)]",313056,matmul_linear_664,72.7142767,430428.93352922535
matmul,linear,"[(1920, 2048), (2048, 1152)]",331488,matmul_linear_665,77.03613399999999,430201.967126232
matmul,linear,"[(2048, 2048), (2048, 1152)]",349920,matmul_linear_666,80.72500009999999,433371.6625166038
matmul,linear,"[(1024, 2048), (2048, 1280)]",212736,matmul_linear_667,68.2661517,311527.3507475302
matmul,linear,"[(1152, 2048), (2048, 1280)]",239328,matmul_linear_668,71.9417323,332569.22042131587
matmul,linear,"[(1280, 2048), (2048, 1280)]",265920,matmul_linear_669,62.3922858,426106.5359368513
matmul,linear,"[(1408, 2048), (2048, 1280)]",286400,matmul_linear_670,66.4855804,430670.09823321033
matmul,linear,"[(1536, 2048), (2048, 1280)]",306880,matmul_linear_671,70.615,434481.8877009135
matmul,linear,"[(1664, 2048), (2048, 1280)]",327360,matmul_linear_672,74.6774465,438265.2834192717
matmul,linear,"[(1792, 2048), (2048, 1280)]",347840,matmul_linear_673,78.8370087,441114.10202617187
matmul,linear,"[(1920, 2048), (2048, 1280)]",368320,matmul_linear_674,90.88915180000001,405140.8815636015
matmul,linear,"[(2048, 2048), (2048, 1280)]",388800,matmul_linear_675,87.00216069999999,446785.4530413979
matmul,linear,"[(1024, 2048), (2048, 1408)]",229120,matmul_linear_676,68.0157232,336763.2857527273
matmul,linear,"[(1152, 2048), (2048, 1408)]",257760,matmul_linear_677,71.06445529999999,362612.975019454
matmul,linear,"[(1280, 2048), (2048, 1408)]",286400,matmul_linear_678,74.5637053,384001.0835602882
matmul,linear,"[(1408, 2048), (2048, 1408)]",315040,matmul_linear_679,88.5055626,355855.0278481592
matmul,linear,"[(1536, 2048), (2048, 1408)]",337568,matmul_linear_680,94.1514555,358437.2081688105
matmul,linear,"[(1664, 2048), (2048, 1408)]",360096,matmul_linear_681,99.7472679,360908.3840702368
matmul,linear,"[(1792, 2048), (2048, 1408)]",382624,matmul_linear_682,131.71699069999997,290389.47897046065
matmul,linear,"[(1920, 2048), (2048, 1408)]",405152,matmul_linear_683,139.27558059999996,290799.52327220823
matmul,linear,"[(2048, 2048), (2048, 1408)]",427680,matmul_linear_684,146.8237053,291188.1125879065
matmul,linear,"[(1024, 2048), (2048, 1536)]",245504,matmul_linear_685,78.72026810000001,311768.85655436426
matmul,linear,"[(1152, 2048), (2048, 1536)]",276192,matmul_linear_686,82.7574196,333636.8435784337
matmul,linear,"[(1280, 2048), (2048, 1536)]",306880,matmul_linear_687,86.8734287,353149.55465928325
matmul,linear,"[(1408, 2048), (2048, 1536)]",337568,matmul_linear_688,90.8979999,371270.1075616296
matmul,linear,"[(1536, 2048), (2048, 1536)]",368256,matmul_linear_689,94.2988752,390420.0345380154
matmul,linear,"[(1664, 2048), (2048, 1536)]",392832,matmul_linear_690,100.05960720000002,392497.9833348776
matmul,linear,"[(1792, 2048), (2048, 1536)]",417408,matmul_linear_691,131.85487510000002,316466.2245581998
matmul,linear,"[(1920, 2048), (2048, 1536)]",441984,matmul_linear_692,139.4073033,316945.0826732261
matmul,linear,"[(2048, 2048), (2048, 1536)]",466560,matmul_linear_693,147.083741,317107.05281761906
matmul,linear,"[(1024, 2048), (2048, 1664)]",261888,matmul_linear_694,78.57269620000001,333206.62261275435
matmul,linear,"[(1152, 2048), (2048, 1664)]",294624,matmul_linear_695,81.9260265,359521.98166659527
matmul,linear,"[(1280, 2048), (2048, 1664)]",327360,matmul_linear_696,85.7691518,381575.68773835065
matmul,linear,"[(1408, 2048), (2048, 1664)]",360096,matmul_linear_697,89.0858574,404112.3076653467
matmul,linear,"[(1536, 2048), (2048, 1664)]",392832,matmul_linear_698,93.038866,422123.5468777102
matmul,linear,"[(1664, 2048), (2048, 1664)]",425568,matmul_linear_699,91.58160720000001,464587.1932162378
matmul,linear,"[(1792, 2048), (2048, 1664)]",452192,matmul_linear_700,96.7508479,467277.81612764555
matmul,linear,"[(1920, 2048), (2048, 1664)]",478816,matmul_linear_701,102.56900909999999,466723.26777006953
matmul,linear,"[(2048, 2048), (2048, 1664)]",505440,matmul_linear_702,107.7059909,469177.5172267599
matmul,linear,"[(1024, 2048), (2048, 1792)]",278272,matmul_linear_703,88.5484374,314159.63932368613
matmul,linear,"[(1152, 2048), (2048, 1792)]",313056,matmul_linear_704,92.8574377,337036.16028412123
matmul,linear,"[(1280, 2048), (2048, 1792)]",347840,matmul_linear_705,97.63726779999999,356157.40850564855
matmul,linear,"[(1408, 2048), (2048, 1792)]",382624,matmul_linear_706,101.9808571,375091.98296677193
matmul,linear,"[(1536, 2048), (2048, 1792)]",417408,matmul_linear_707,131.0952676,318300.5095238083
matmul,linear,"[(1664, 2048), (2048, 1792)]",452192,matmul_linear_708,135.8505537,332759.8873425129
matmul,linear,"[(1792, 2048), (2048, 1792)]",486976,matmul_linear_709,111.59766060000001,436267.57023560756
matmul,linear,"[(1920, 2048), (2048, 1792)]",515648,matmul_linear_710,116.49244630000001,442545.00950736745
matmul,linear,"[(2048, 2048), (2048, 1792)]",544320,matmul_linear_711,122.21784840000001,445268.6651548023
matmul,linear,"[(1024, 2048), (2048, 1920)]",294656,matmul_linear_712,75.5113928,390113.9651700346
matmul,linear,"[(1152, 2048), (2048, 1920)]",331488,matmul_linear_713,106.24642850000001,311899.19345994765
matmul,linear,"[(1280, 2048), (2048, 1920)]",368320,matmul_linear_714,111.7545716,329479.35834456724
matmul,linear,"[(1408, 2048), (2048, 1920)]",405152,matmul_linear_715,117.3189912,345242.21259140864
matmul,linear,"[(1536, 2048), (2048, 1920)]",441984,matmul_linear_716,122.88057129999997,359585.82773019717
matmul,linear,"[(1664, 2048), (2048, 1920)]",478816,matmul_linear_717,128.3281427,373018.46795706794
matmul,linear,"[(1792, 2048), (2048, 1920)]",515648,matmul_linear_718,134.02411620000004,384642.69752356695
matmul,linear,"[(1920, 2048), (2048, 1920)]",552480,matmul_linear_719,134.5876963,410398.1474447007
matmul,linear,"[(2048, 2048), (2048, 1920)]",583200,matmul_linear_720,141.5611785,411877.35578331596
matmul,linear,"[(1024, 2048), (2048, 2048)]",311040,matmul_linear_721,99.4084196,312791.00184025057
matmul,linear,"[(1152, 2048), (2048, 2048)]",349920,matmul_linear_722,104.06783030000001,336142.2364252942
matmul,linear,"[(1280, 2048), (2048, 2048)]",388800,matmul_linear_723,108.8828391,356981.06365863484
matmul,linear,"[(1408, 2048), (2048, 2048)]",427680,matmul_linear_724,133.57888399999996,320070.3646513472
matmul,linear,"[(1536, 2048), (2048, 2048)]",466560,matmul_linear_725,140.0995714,332920.2907387339
matmul,linear,"[(1664, 2048), (2048, 2048)]",505440,matmul_linear_726,146.5698752,344745.75995599944
matmul,linear,"[(1792, 2048), (2048, 2048)]",544320,matmul_linear_727,153.13216970000002,355357.6422879483
matmul,linear,"[(1920, 2048), (2048, 2048)]",583200,matmul_linear_728,161.1874466,361714.7767097888
matmul,linear,"[(2048, 2048), (2048, 2048)]",622080,matmul_linear_729,141.6931337,438933.271236064
