kernel_name,batch_size,seq_len,hidden_dim,dim_product,avg_duration_us,min_duration_us,max_duration_us,stddev_duration_us,predicted_duration_us,residuals,relative_error_pct
"layer_norm_(2,128,512)",2,128,512,131072,7.058553600000001,6.96,7.211429,0.1141795831293844,14.775666446682308,-7.717112846682308,-109.3299461051384
"layer_norm_(2,128,1024)",2,128,1024,262144,9.5741337,9.424196,9.754285,0.1393061665700966,16.538568396901226,-6.964434696901225,-72.74219177554649
"layer_norm_(2,128,1536)",2,128,1536,393216,12.9848572,12.767143,13.372857,0.2611708041245548,18.301470347120144,-5.316613147120144,-40.944717875835735
"layer_norm_(2,128,2048)",2,128,2048,524288,15.5032588,15.335625,15.678482,0.1035647947355775,20.064372297339062,-4.561113497339063,-29.420353205605153
"layer_norm_(2,128,2560)",2,128,2560,655360,15.986018,15.757232,16.182857,0.1449231978854085,21.82727424755798,-5.841256247557981,-36.53978274988794
"layer_norm_(2,128,3072)",2,128,3072,786432,18.2034288,18.004375,18.339911,0.1090248581550715,23.5901761977769,-5.386747397776897,-29.591938183519012
"layer_norm_(2,128,3584)",2,128,3584,917504,20.6572678,20.535715,20.798482,0.08271430959339,25.353078147995816,-4.695810347995817,-22.73200112163825
"layer_norm_(2,128,4096)",2,128,4096,1048576,22.898008800000003,22.794375,23.044196,0.0854078632364854,27.115980098214735,-4.2179712982147315,-18.42069035371639
"layer_norm_(2,256,512)",2,256,512,262144,9.651017900000005,9.598661,9.987143,0.1182826437840497,16.538568396901226,-6.887550496901222,-71.36605245443818
"layer_norm_(2,256,1024)",2,256,1024,524288,15.6310091,15.422947,15.722857,0.0921637808727845,20.064372297339062,-4.433363197339062,-28.362616699769323
"layer_norm_(2,256,1536)",2,256,1536,786432,18.6919911,18.488571,18.808571,0.0925730532864,23.5901761977769,-4.898185097776899,-26.20472624650939
"layer_norm_(2,256,2048)",2,256,2048,1048576,23.1957053,23.097143,23.277054,0.0539643206408955,27.115980098214735,-3.9202747982147343,-16.900864826105263
"layer_norm_(2,256,2560)",2,256,2560,1310720,25.6896963,25.54,25.9,0.1441405833668796,30.641783998652567,-4.952087698652566,-19.276552127447943
"layer_norm_(2,256,3072)",2,256,3072,1572864,29.800705500000003,29.544197,29.982946,0.1578480466146336,34.16758789909041,-4.366882399090404,-14.653620865084566
"layer_norm_(2,256,3584)",2,256,3584,1835008,33.896705299999994,33.657053,34.085625,0.1345355848374947,37.69339179952824,-3.796686499528249,-11.200753778061875
"layer_norm_(2,256,4096)",2,256,4096,2097152,37.92057140000001,37.868571,38.014285,0.0441144747729008,41.21919569996608,-3.2986242999660718,-8.69877266661143
"layer_norm_(2,384,512)",2,384,512,393216,13.358169800000002,13.145803,13.697054,0.1865178004539451,18.301470347120144,-4.943300547120142,-37.005822063439716
"layer_norm_(2,384,1024)",2,384,1024,786432,18.9921607,18.804375,19.295803,0.1591436241492077,23.5901761977769,-4.598015497776899,-24.21007051491987
"layer_norm_(2,384,1536)",2,384,1536,1179648,26.291151900000006,26.144286,26.432857,0.0864314919503683,28.878882048433653,-2.5877301484336463,-9.842589469933593
"layer_norm_(2,384,2048)",2,384,2048,1572864,29.627428400000003,29.39,29.758482,0.1356984436389908,34.16758789909041,-4.540159499090404,-15.324176765508286
"layer_norm_(2,384,2560)",2,384,2560,1966080,35.549991000000006,35.305715,35.781428,0.153982541406486,39.45629374974716,-3.906302749747155,-10.9881961707027
"layer_norm_(2,384,3072)",2,384,3072,2359296,41.5127142,41.404285,41.617232,0.0684245389848479,44.744999600403915,-3.232285400403917,-7.786254073466287
"layer_norm_(2,384,3584)",2,384,3584,2752512,47.4645891,47.367143,47.580089,0.0795113783282348,50.03370545106066,-2.5691163510606643,-5.412701131043109
"layer_norm_(2,384,4096)",2,384,4096,3145728,53.33040179999999,53.218482,53.472768,0.0790388689721712,55.322411301717416,-1.9920095017174262,-3.7352231269283753
"layer_norm_(2,512,512)",2,512,512,524288,15.6345982,15.469911,15.93,0.1344436312344736,20.064372297339062,-4.429774097339063,-28.3331495998347
"layer_norm_(2,512,1024)",2,512,1024,1048576,23.6956696,23.495625,23.857143,0.1268427032975183,27.115980098214735,-3.420310498214736,-14.434327267184448
"layer_norm_(2,512,1536)",2,512,1536,1572864,30.4561875,30.285625,30.654375,0.1485015389102833,34.16758789909041,-3.711400399090408,-12.186030832291166
"layer_norm_(2,512,2048)",2,512,2048,2097152,36.6643394,36.544286,36.837232,0.0984062772548355,41.21919569996608,-4.554856299966076,-12.423123870509652
"layer_norm_(2,512,2560)",2,512,2560,2621440,44.5669911,44.467143,44.8,0.0897933544700763,48.270803500841744,-3.7038124008417412,-8.310662913121233
"layer_norm_(2,512,3072)",2,512,3072,3145728,53.051125,52.912768,53.335714,0.1253555010635308,55.322411301717416,-2.271286301717417,-4.2813159979499344
"layer_norm_(2,512,3584)",2,512,3584,3670016,60.88901790000001,60.734286,61.094375,0.1278715204522356,62.37401910259309,-1.4850012025930752,-2.438865420742933
"layer_norm_(2,512,4096)",2,512,4096,4194304,68.6165537,68.419911,68.735625,0.1203361444455139,69.42562690346875,-0.8090732034687562,-1.1791224709508492
"layer_norm_(2,640,512)",2,640,512,655360,17.7037142,17.451518,17.882768,0.1440012450307286,21.82727424755798,-4.12356004755798,-23.292061772879162
"layer_norm_(2,640,1024)",2,640,1024,1310720,27.466866,27.282857,27.704196,0.1452410488265021,30.641783998652567,-3.1749179986525675,-11.559083583298392
"layer_norm_(2,640,1536)",2,640,1536,1966080,35.9716964,35.827054,36.142857,0.0961576683949627,39.45629374974716,-3.484597349747162,-9.687053151452602
"layer_norm_(2,640,2048)",2,640,2048,2621440,45.9778749,45.848571,46.158571,0.1053651082605943,48.270803500841744,-2.2929286008417407,-4.98702605509447
"layer_norm_(2,640,2560)",2,640,2560,3276800,56.53245539999999,56.377143,56.74,0.140265701905112,57.085313251936334,-0.552857851936345,-0.9779477081342994
"layer_norm_(2,640,3072)",2,640,3072,3932160,64.3258482,64.251339,64.398571,0.0480792241959977,65.89982300303092,-1.5739748030309215,-2.4468776503920577
"layer_norm_(2,640,3584)",2,640,3584,4587520,73.033268,72.882857,73.307143,0.1483273320853409,74.71433275412551,-1.6810647541255008,-2.301779449504438
"layer_norm_(2,640,4096)",2,640,4096,5242880,82.021241,81.917143,82.238482,0.1107435879277509,83.5288425052201,-1.5076015052200944,-1.8380622956193682
"layer_norm_(2,768,512)",2,768,512,786432,19.910143,19.7,20.155625,0.1470000043968254,23.5901761977769,-3.680033197776897,-18.48320827116559
"layer_norm_(2,768,1024)",2,768,1024,1572864,30.240268200000003,30.00009,30.441518,0.1511370263229144,34.16758789909041,-3.927319699090404,-12.987053134305215
"layer_norm_(2,768,1536)",2,768,1536,2359296,42.1989819,42.08,42.365625,0.1022228875790002,44.744999600403915,-2.5460177004039153,-6.0333628579885605
"layer_norm_(2,768,2048)",2,768,2048,3145728,54.308580500000005,54.145804,54.542857,0.1304844458557334,55.322411301717416,-1.0138308017174111,-1.866796724170338
"layer_norm_(2,768,2560)",2,768,2560,3932160,64.3425624,64.208571,64.491518,0.0844244061226101,65.89982300303092,-1.5572606030309117,-2.420265132354927
"layer_norm_(2,768,3072)",2,768,3072,4718592,75.6431693,75.561428,75.895803,0.0984223896468119,76.47723470434443,-0.8340654043444289,-1.1026314894825922
"layer_norm_(2,768,3584)",2,768,3584,5505024,87.0187323,86.821429,87.554375,0.2321034469919953,87.05464640565793,-0.03591410565793751,-0.04127169485085399
"layer_norm_(2,768,4096)",2,768,4096,6291456,98.9974463,98.767143,99.60866,0.2471101210751772,97.63205810697144,1.3653881930285507,1.3792155697540966
"layer_norm_(2,896,512)",2,896,512,917504,23.7348037,23.458482,23.958482,0.1412582106341667,25.353078147995816,-1.618274447995816,-6.818149703070079
"layer_norm_(2,896,1024)",2,896,1024,1835008,35.218580200000005,35.08,35.297232,0.0665782161835069,37.69339179952824,-2.4748115995282376,-7.027005590441823
"layer_norm_(2,896,1536)",2,896,1536,2752512,49.32758030000001,49.214196,49.575715,0.1205304582382483,50.03370545106066,-0.7061251510606539,-1.4315017010081352
"layer_norm_(2,896,2048)",2,896,2048,3670016,64.74053570000001,64.604285,64.877143,0.0983656164589247,62.37401910259309,2.366516597406921,3.6553861839714754
"layer_norm_(2,896,2560)",2,896,2560,4587520,75.0266787,74.90134,75.18,0.0742729691416902,74.71433275412551,0.3123459458744975,0.4163131719097376
"layer_norm_(2,896,3072)",2,896,3072,5505024,88.5968662,88.35009,89.457054,0.3281842811097328,87.05464640565793,1.54221979434206,1.7407159648972552
"layer_norm_(2,896,3584)",2,896,3584,6422528,100.774875,100.601518,101.178572,0.175100897298926,99.39496005719036,1.3799149428096342,1.3693045442225895
"layer_norm_(2,896,4096)",2,896,4096,7340032,113.84584840000002,113.678572,114.348482,0.1898257999899446,111.73527370872279,2.110574691277236,1.8538881487023429
"layer_norm_(2,1024,512)",2,1024,512,1048576,25.662125000000003,25.51,25.757232,0.0752763553831989,27.115980098214735,-1.4538550982147314,-5.665372989238931
"layer_norm_(2,1024,1024)",2,1024,1024,2097152,37.8215713,37.604196,37.962857,0.135844797306869,41.21919569996608,-3.3976243999660767,-8.98329784613173
"layer_norm_(2,1024,1536)",2,1024,1536,3145728,53.8865892,53.707232,54.058661,0.12093892314608,55.322411301717416,-1.435822101717413,-2.6645258551962927
"layer_norm_(2,1024,2048)",2,1024,2048,4194304,69.9121338,69.658482,70.14009,0.148070299733906,69.42562690346875,0.4865068965312531,0.6958833468350712
"layer_norm_(2,1024,2560)",2,1024,2560,5242880,82.0835625,81.96,82.144286,0.0548918975062198,83.5288425052201,-1.4452800052200985,-1.760742298703347
"layer_norm_(2,1024,3072)",2,1024,3072,6291456,98.7673839,98.575714,99.08991,0.1463253510051035,97.63205810697144,1.1353257930285565,1.149494649142526
"layer_norm_(2,1024,3584)",2,1024,3584,7340032,112.20429450000002,111.967143,113.044196,0.3181244772095253,111.73527370872279,0.46902079127723084,0.41800609626152124
"layer_norm_(2,1024,4096)",2,1024,4096,8388608,127.2219911,126.942857,127.744196,0.2286614005566842,125.83848931047413,1.3835017895258659,1.0874706311099904
"layer_norm_(4,128,512)",4,128,512,262144,9.8205892,9.625625,10.06,0.1743050725785748,16.538568396901226,-6.717979196901226,-68.4070890257911
"layer_norm_(4,128,1024)",4,128,1024,524288,15.6608571,15.352768,15.835804,0.1317557784306928,20.064372297339062,-4.403515197339063,-28.117970614386508
"layer_norm_(4,128,1536)",4,128,1536,786432,18.6942677,18.458571,18.851428,0.1127685814223584,23.5901761977769,-4.895908497776897,-26.18935695339859
"layer_norm_(4,128,2048)",4,128,2048,1048576,23.109562500000003,22.924286,23.261429,0.1164237430502618,27.115980098214735,-4.006417598214732,-17.336622440233267
"layer_norm_(4,128,2560)",4,128,2560,1310720,25.6744464,25.481518,25.862768,0.1402896365557098,30.641783998652567,-4.967337598652566,-19.347399049089393
"layer_norm_(4,128,3072)",4,128,3072,1572864,29.8157231,29.68866,29.917143,0.0858878118690631,34.16758789909041,-4.351864799090407,-14.595872065535808
"layer_norm_(4,128,3584)",4,128,3584,1835008,33.7556071,33.571428,33.854286,0.1003296448164211,37.69339179952824,-3.937784699528244,-11.665572145873934
"layer_norm_(4,128,4096)",4,128,4096,2097152,37.8254555,37.651518,37.994286,0.1117949825422007,41.21919569996608,-3.393740199966082,-8.972106627945518
"layer_norm_(4,256,512)",4,256,512,524288,15.9534555,15.804375,16.171429,0.1073860195631215,20.064372297339062,-4.110916797339062,-25.768190454657685
"layer_norm_(4,256,1024)",4,256,1024,1048576,23.6701605,23.541339,23.892857,0.0883810415068372,27.115980098214735,-3.445819598214733,-14.557652020208028
"layer_norm_(4,256,1536)",4,256,1536,1572864,30.726151700000003,30.434286,30.932768,0.1660345349846426,34.16758789909041,-3.441436199090404,-11.2003489167516
"layer_norm_(4,256,2048)",4,256,2048,2097152,36.7784552,36.638571,36.897143,0.0816292972430858,41.21919569996608,-4.440740499966076,-12.074298596331678
"layer_norm_(4,256,2560)",4,256,2560,2621440,44.68131240000001,44.588571,44.794286,0.0746876291678274,48.270803500841744,-3.589491100841734,-8.033539992531045
"layer_norm_(4,256,3072)",4,256,3072,3145728,53.0452681,52.962768,53.237143,0.0845968947452836,55.322411301717416,-2.277143201717415,-4.292830036082738
"layer_norm_(4,256,3584)",4,256,3584,3670016,60.8035717,60.672857,61.042857,0.1212396151319533,62.37401910259309,-1.5704474025930892,-2.5828209736453513
"layer_norm_(4,256,4096)",4,256,4096,4194304,68.5988661,68.474285,68.8,0.0994024720969713,69.42562690346875,-0.8267608034687584,-1.205210596722616
"layer_norm_(4,384,512)",4,384,512,786432,20.611580300000004,20.390089,20.8,0.1174908063789109,23.5901761977769,-2.978595897776895,-14.451079705794779
"layer_norm_(4,384,1024)",4,384,1024,1572864,30.1247499,29.857143,30.248661,0.1057155707026585,34.16758789909041,-4.0428379990904055,-13.42032054211479
"layer_norm_(4,384,1536)",4,384,1536,2359296,42.2838571,42.207143,42.357232,0.0434689029804323,44.744999600403915,-2.4611425004039162,-5.820525063698402
"layer_norm_(4,384,2048)",4,384,2048,3145728,54.3369911,54.18991,54.551429,0.1115718460718372,55.322411301717416,-0.9854202017174174,-1.8135347242615674
"layer_norm_(4,384,2560)",4,384,2560,3932160,64.2976964,64.174196,64.362857,0.0577589649918823,65.89982300303092,-1.6021266030309107,-2.4917325079019634
"layer_norm_(4,384,3072)",4,384,3072,4718592,75.71558909999999,75.512768,75.834286,0.1176274101630062,76.47723470434443,-0.7616456043444373,-1.0059297080004326
"layer_norm_(4,384,3584)",4,384,3584,5505024,87.10727670000001,86.925714,87.351339,0.1373308417144912,87.05464640565793,0.05263029434208022,0.06042008926916689
"layer_norm_(4,384,4096)",4,384,4096,6291456,98.9476876,98.647232,99.557143,0.2466071224821626,97.63205810697144,1.3156294930285526,1.3296212624463117
"layer_norm_(4,512,512)",4,512,512,1048576,24.9387322,24.86,25.054286,0.0591138441235784,27.115980098214735,-2.177247898214734,-8.73038725767597
"layer_norm_(4,512,1024)",4,512,1024,2097152,37.6340268,37.53,37.880089,0.1069323069451987,41.21919569996608,-3.585168899966078,-9.526402579821934
"layer_norm_(4,512,1536)",4,512,1536,3145728,54.4028393,54.192857,54.611429,0.1286144871596687,55.322411301717416,-0.9195720017174196,-1.6903014871090003
"layer_norm_(4,512,2048)",4,512,2048,4194304,70.19715169999999,70.015714,70.384285,0.1102649380427285,69.42562690346875,0.7715247965312386,1.099082765962481
"layer_norm_(4,512,2560)",4,512,2560,5242880,82.28115210000001,82.184286,82.552858,0.1106783511637312,83.5288425052201,-1.2476904052200837,-1.5163744957091863
"layer_norm_(4,512,3072)",4,512,3072,6291456,98.866125,98.522857,99.311339,0.2116926003855593,97.63205810697144,1.2340668930285545,1.2482201492458156
"layer_norm_(4,512,3584)",4,512,3584,7340032,112.3371339,112.174285,112.781518,0.1953701989565527,111.73527370872279,0.6018601912772112,0.5357624592888169
"layer_norm_(4,512,4096)",4,512,4096,8388608,127.4348837,127.132946,127.93991,0.217936039178189,125.83848931047413,1.5963943895258694,1.2527138120861874
"layer_norm_(4,640,512)",4,640,512,1310720,28.9265983,28.798661,29.127143,0.1146060894766169,30.641783998652567,-1.7151856986525686,-5.929441411894494
"layer_norm_(4,640,1024)",4,640,1024,2621440,46.9952767,46.891339,47.077143,0.0518864367741911,48.270803500841744,-1.275526800841746,-2.7141595717889366
"layer_norm_(4,640,1536)",4,640,1536,3932160,64.53884819999999,64.418661,64.592857,0.0581783711009121,65.89982300303092,-1.3609748030309277,-2.1087683480396042
"layer_norm_(4,640,2048)",4,640,2048,5242880,81.47401769999999,81.405714,81.537142,0.0390976294167708,83.5288425052201,-2.0548248052201075,-2.5220614660078406
"layer_norm_(4,640,2560)",4,640,2560,6553600,99.9848839,99.881518,100.160089,0.1006420143384453,101.15786200740928,-1.1729781074092784,-1.1731554427591613
"layer_norm_(4,640,3072)",4,640,3072,7864320,118.55742870000002,118.292947,119.081518,0.2325970545743837,118.78688150959846,-0.22945280959844183,-0.19353726891214348
"layer_norm_(4,640,3584)",4,640,3584,9175040,136.042607,135.808661,136.704286,0.270392438429364,136.41590101178764,-0.3732940117876353,-0.2743949267214758
"layer_norm_(4,640,4096)",4,640,4096,10485760,154.4024109,154.157143,154.871429,0.1883541541756179,154.04492051397682,0.35749038602318706,0.23153160882618515
"layer_norm_(4,768,512)",4,768,512,1572864,32.195705399999994,32.067143,32.32,0.0880130990556392,34.16758789909041,-1.9718824990904125,-6.124675557164258
"layer_norm_(4,768,1024)",4,768,1024,3145728,55.462402,55.312947,55.625625,0.0980180637070987,55.322411301717416,0.13999069828258115,0.25240648301272844
"layer_norm_(4,768,1536)",4,768,1536,4718592,76.6958392,76.505714,76.955714,0.1507791852616867,76.47723470434443,0.21860449565556905,0.28502784236510326
"layer_norm_(4,768,2048)",4,768,2048,6291456,97.6014288,97.362857,98.090089,0.22838662815926,97.63205810697144,-0.0306293069714485,-0.03138202723877388
"layer_norm_(4,768,2560)",4,768,2560,7864320,118.1807322,117.895804,118.745714,0.2328978695898974,118.78688150959846,-0.6061493095984645,-0.5129002827403911
"layer_norm_(4,768,3072)",4,768,3072,9437184,138.78928580000002,138.591518,139.215803,0.1795185463899334,139.94170491222548,-1.1524191122254592,-0.830337230703913
"layer_norm_(4,768,3584)",4,768,3584,11010048,160.35871419999998,160.19,160.818571,0.1957935421700883,161.0965283148525,-0.7378141148525117,-0.4601022891292999
"layer_norm_(4,768,4096)",4,768,4096,12582912,182.0422858,181.781429,182.751429,0.2699403313511264,182.2513517174795,-0.20906591747950642,-0.11484470026332004
"layer_norm_(4,896,512)",4,896,512,1835008,37.5692678,37.32,37.817143,0.1501390946191782,37.69339179952824,-0.12412399952824416,-0.33038706047990685
"layer_norm_(4,896,1024)",4,896,1024,3670016,65.77157159999999,65.55,65.944286,0.1398503365770396,62.37401910259309,3.397552497406899,5.165685439401754
"layer_norm_(4,896,1536)",4,896,1536,5505024,88.8200177,88.544286,89.570089,0.3112818315928313,87.05464640565793,1.76537129434206,1.9875826869397935
"layer_norm_(4,896,2048)",4,896,2048,7340032,110.8333125,110.590089,111.391429,0.2254479368788831,111.73527370872279,-0.9019612087227813,-0.8137997397874229
"layer_norm_(4,896,2560)",4,896,2560,9175040,135.2227232,135.012768,135.322857,0.0910470570539111,136.41590101178764,-1.193177811787649,-0.882379664860683
"layer_norm_(4,896,3072)",4,896,3072,11010048,159.6599999,159.4,160.49866,0.31868809282796,161.0965283148525,-1.4365284148524893,-0.8997422120457418
"layer_norm_(4,896,3584)",4,896,3584,12845056,184.0609821,183.784375,184.515625,0.2121608118707477,185.77715561791734,-1.7161735179173547,-0.93239398069981
"layer_norm_(4,896,4096)",4,896,4096,14680064,209.1863035,208.891428,209.931429,0.2768030374970867,210.4577829209822,-1.271479420982189,-0.60782154457937
"layer_norm_(4,1024,512)",4,1024,512,2097152,40.8278571,40.734375,40.91,0.0560109128502842,41.21919569996608,-0.3913385999660761,-0.9585087921895271
"layer_norm_(4,1024,1024)",4,1024,1024,4194304,72.41999129999999,72.201429,72.561429,0.0984334209572354,69.42562690346875,2.994364396531239,4.134720734951593
"layer_norm_(4,1024,1536)",4,1024,1536,6291456,99.666759,99.342946,100.185715,0.2379242639389453,97.63205810697144,2.034700893028557,2.041504021444659
"layer_norm_(4,1024,2048)",4,1024,2048,8388608,124.883277,124.662858,125.198482,0.1583677555031662,125.83848931047413,-0.9552123104741241,-0.7648840848996332
"layer_norm_(4,1024,2560)",4,1024,2560,10485760,153.849991,153.594286,154.40866,0.2382002428742105,154.04492051397682,-0.194929513976831,-0.12670102397135077
"layer_norm_(4,1024,3072)",4,1024,3072,12582912,182.1787413,181.944196,182.78,0.2340149630182984,182.2513517174795,-0.07261041747949548,-0.039856690721078926
"layer_norm_(4,1024,3584)",4,1024,3584,14680064,208.5541697,208.401518,209.04,0.1890597684525815,210.4577829209822,-1.9036132209822085,-0.9127667999736035
"layer_norm_(4,1024,4096)",4,1024,4096,16777216,237.136866,236.882857,237.762947,0.2467887721986841,238.6642141244849,-1.527348124484888,-0.6440787340441988
"layer_norm_(6,128,512)",6,128,512,393216,13.2967147,13.085715,13.675804,0.2179057547850801,18.301470347120144,-5.0047556471201435,-37.639039116332576
"layer_norm_(6,128,1024)",6,128,1024,786432,18.9839822,18.76,19.255714,0.1535636293208053,23.5901761977769,-4.606193997776899,-24.26358152493895
"layer_norm_(6,128,1536)",6,128,1536,1179648,26.0988929,25.937143,26.221429,0.0745625384544189,28.878882048433653,-2.7799891484336534,-10.651751241270672
"layer_norm_(6,128,2048)",6,128,2048,1572864,29.3234373,29.027232,29.471429,0.1489008251943775,34.16758789909041,-4.844150599090408,-16.519722942202307
"layer_norm_(6,128,2560)",6,128,2560,1966080,35.3954107,35.185715,35.555714,0.1184377718523298,39.45629374974716,-4.0608830497471615,-11.472908406589449
"layer_norm_(6,128,3072)",6,128,3072,2359296,41.3299018,41.237233,41.572857,0.090720542035907,44.744999600403915,-3.415097800403913,-8.263019391940372
"layer_norm_(6,128,3584)",6,128,3584,2752512,47.2152767,47.135625,47.402768,0.0813531827268551,50.03370545106066,-2.818428751060665,-5.969315331918123
"layer_norm_(6,128,4096)",6,128,4096,3145728,53.3244553,53.120089,53.545804,0.1466161923519658,55.322411301717416,-1.9979560017174194,-3.746791205793001
"layer_norm_(6,256,512)",6,256,512,786432,19.874705,19.605714,20.042857,0.1379563349840173,23.5901761977769,-3.7154711977768997,-18.694472183496057
"layer_norm_(6,256,1024)",6,256,1024,1572864,29.9191697,29.734285,30.097232,0.1520149951346544,34.16758789909041,-4.2484181990904055,-14.199652736654672
"layer_norm_(6,256,1536)",6,256,1536,2359296,42.379723,42.258661,42.5,0.0777749020242966,44.744999600403915,-2.3652766004039165,-5.581151628584068
"layer_norm_(6,256,2048)",6,256,2048,3145728,54.8061162,54.695625,54.982768,0.1011763568833041,55.322411301717416,-0.516295101717418,-0.9420392056852552
"layer_norm_(6,256,2560)",6,256,2560,3932160,64.80268720000001,64.701339,64.937053,0.0699943613170218,65.89982300303092,-1.097135803030909,-1.693040598215978
"layer_norm_(6,256,3072)",6,256,3072,4718592,76.2240089,76.044196,76.41009,0.1214822821699159,76.47723470434443,-0.25322580434442443,-0.3322126558269024
"layer_norm_(6,256,3584)",6,256,3584,5505024,87.7228571,87.378661,88.372768,0.2935710838547534,87.05464640565793,0.6682106943420649,0.7617292874767355
"layer_norm_(6,256,4096)",6,256,4096,6291456,98.9169822,98.668571,99.364196,0.1825452210091775,97.63205810697144,1.2849240930285646,1.2989924120719532
"layer_norm_(6,384,512)",6,384,512,1179648,27.0392856,26.865804,27.177142,0.1003239530368162,28.878882048433653,-1.839596448433653,-6.80342105056819
"layer_norm_(6,384,1024)",6,384,1024,2359296,43.8534823,43.745714,43.952946,0.0644472170626642,44.744999600403915,-0.8915173004039119,-2.0329452842651716
"layer_norm_(6,384,1536)",6,384,1536,3538944,60.45069650000001,60.358571,60.495715,0.0402795672470683,60.61111715237417,-0.1604206523741638,-0.265374365660392
"layer_norm_(6,384,2048)",6,384,2048,4718592,77.70958909999999,77.567143,77.957143,0.1456176003857366,76.47723470434443,1.2323543956555625,1.5858459810792678
"layer_norm_(6,384,2560)",6,384,2560,5898240,94.9844465,94.647143,95.488572,0.2189438418769385,92.34335225631469,2.641094243685316,2.780554439178962
"layer_norm_(6,384,3072)",6,384,3072,7077888,108.1755358,108.02,108.498572,0.1463783231734354,108.20946980828495,-0.03393400828494464,-0.03136939238062423
"layer_norm_(6,384,3584)",6,384,3584,8257536,124.850857,124.50991,125.455714,0.2391241985575231,124.07558736025521,0.775269639744792,0.6209566024402956
"layer_norm_(6,384,4096)",6,384,4096,9437184,139.05845530000002,138.741518,139.724375,0.288026924481821,139.94170491222548,-0.8832496122254554,-0.6351642626260751
"layer_norm_(6,512,512)",6,512,512,1572864,33.0821788,32.862857,33.224286,0.1366338510527728,34.16758789909041,-1.0854090990904055,-3.2809480465367824
"layer_norm_(6,512,1024)",6,512,1024,3145728,55.6923127,55.575803,55.845715,0.1051093716321244,55.322411301717416,0.36990139828258606,0.6641875338794937
"layer_norm_(6,512,1536)",6,512,1536,4718592,76.3612945,76.16991,76.585804,0.1188456242547438,76.47723470434443,-0.11594020434442598,-0.15183111431462962
"layer_norm_(6,512,2048)",6,512,2048,6291456,97.27816040000002,97.034375,97.611428,0.1539163410588152,97.63205810697144,-0.35389770697142353,-0.3637997527052572
"layer_norm_(6,512,2560)",6,512,2560,7864320,117.74227700000002,117.511429,118.185625,0.1754549677014331,118.78688150959846,-1.044604509598443,-0.8871957772639669
"layer_norm_(6,512,3072)",6,512,3072,9437184,138.7362679,138.512857,139.189911,0.2097637540755722,139.94170491222548,-1.2054370122254738,-0.8688694243197771
"layer_norm_(6,512,3584)",6,512,3584,11010048,160.2991785,160.125714,160.847232,0.2081554479001206,161.0965283148525,-0.7973498148524811,-0.4974135378070456
"layer_norm_(6,512,4096)",6,512,4096,12582912,182.0290089,181.715625,182.575714,0.2376815391575949,182.2513517174795,-0.22234281747950035,-0.12214691428751735
"layer_norm_(6,640,512)",6,640,512,1966080,39.83414280000001,39.77,39.971429,0.0589889396804372,39.45629374974716,0.37784905025284843,0.9485557456324838
"layer_norm_(6,640,1024)",6,640,1024,3932160,66.25412510000001,66.124196,66.365715,0.0766047487815069,65.89982300303092,0.3543020969690929,0.5347623207375095
"layer_norm_(6,640,1536)",6,640,1536,5898240,93.2111785,93.054286,93.404286,0.1222974253133636,92.34335225631469,0.8678262436853146,0.9310323693475397
"layer_norm_(6,640,2048)",6,640,2048,7864320,118.3825896,118.09009,118.951429,0.2438665461710114,118.78688150959846,-0.40429190959845585,-0.34151298004589
"layer_norm_(6,640,2560)",6,640,2560,9830400,148.64746469999997,148.34009,149.315715,0.2949217836930294,145.23041076288223,3.4170539371177426,2.29876368494682
"layer_norm_(6,640,3072)",6,640,3072,11796480,175.4694643,175.191518,176.225715,0.2991646860785179,171.673940016166,3.7955242838339984,2.1630682574745848
"layer_norm_(6,640,3584)",6,640,3584,13762560,199.6069822,199.265625,200.137143,0.2247471188468416,198.11746926944977,1.4895129305502337,0.7462228596080812
"layer_norm_(6,640,4096)",6,640,4096,15728640,224.8495715,224.551428,225.399911,0.2177364923532094,224.56099852273354,0.2885729772664547,0.12834046128767237
"layer_norm_(6,768,512)",6,768,512,2359296,46.3337144,46.254286,46.398483,0.0549023649808356,44.744999600403915,1.588714799596083,3.428852661974545
"layer_norm_(6,768,1024)",6,768,1024,4718592,78.11284839999999,77.912857,78.338661,0.1543274723726584,76.47723470434443,1.6356136956555645,2.0939112183951094
"layer_norm_(6,768,1536)",6,768,1536,7077888,108.7158392,108.538482,108.918571,0.1095377639069422,108.20946980828495,0.5063693917150545,0.46577333665567144
"layer_norm_(6,768,2048)",6,768,2048,9437184,140.304009,140.117143,140.867143,0.2265138965891511,139.94170491222548,0.3623040877745325,0.2582278940971191
"layer_norm_(6,768,2560)",6,768,2560,11796480,172.9425896,172.71009,173.481339,0.2134360061778562,171.673940016166,1.2686495838339908,0.7335668945216204
"layer_norm_(6,768,3072)",6,768,3072,14155776,206.3285892,206.128571,206.804375,0.2155826997237416,203.40617512010652,2.9224140798934855,1.416388340183293
"layer_norm_(6,768,3584)",6,768,3584,16515072,238.5034285,238.239911,239.094286,0.2392411798115304,235.13841022404705,3.3650182759529628,1.410888848481674
"layer_norm_(6,768,4096)",6,768,4096,18874368,264.41411600000004,264.049911,264.971428,0.2515417997139505,266.8706453279876,-2.456529327987539,-0.9290462117338466
"layer_norm_(6,896,512)",6,896,512,2752512,53.6634198,53.51134,53.811339,0.0989787338874135,50.03370545106066,3.6297143489393378,6.763852103475779
"layer_norm_(6,896,1024)",6,896,1024,5505024,90.0335714,89.794286,90.30991,0.1630513370705347,87.05464640565793,2.9789249943420657,3.308682470350238
"layer_norm_(6,896,1536)",6,896,1536,8257536,126.689277,126.421429,127.411429,0.2780840245609215,124.07558736025521,2.6136896397447913,2.063070925682835
"layer_norm_(6,896,2048)",6,896,2048,11010048,162.386991,162.098482,163.039911,0.2617899098539366,161.0965283148525,1.290462685147503,0.7946835378872825
"layer_norm_(6,896,2560)",6,896,2560,13762560,199.3814195,199.12,200.224196,0.3190921457392854,198.11746926944977,1.263950230550222,0.6339358169481896
"layer_norm_(6,896,3072)",6,896,3072,16515072,239.7744553,239.491339,240.325714,0.2286972201658038,235.13841022404705,4.63604507595295,1.9335024951479682
"layer_norm_(6,896,3584)",6,896,3584,19267584,274.6745624,274.467143,275.01991,0.1618085392638782,272.1593511786443,2.5152112213557416,0.9157059173513554
"layer_norm_(6,896,4096)",6,896,4096,22020096,307.897009,307.678661,308.448483,0.2307468913381616,309.18029213324155,-1.2832831332415253,-0.4167897367400296
"layer_norm_(6,1024,512)",6,1024,512,3145728,60.0110001,59.865715,60.187054,0.1147730381835295,55.322411301717416,4.688588798282581,7.812882289029842
"layer_norm_(6,1024,1024)",6,1024,1024,6291456,101.6433126,101.41,101.887143,0.1616656106949718,97.63205810697144,4.011254493028559,3.9464027592392337
"layer_norm_(6,1024,1536)",6,1024,1536,9437184,141.5901784,141.41,141.917143,0.1656878470720737,139.94170491222548,1.6484734877745382,1.1642569466347519
"layer_norm_(6,1024,2048)",6,1024,2048,12582912,184.3612769,184.041429,184.89134,0.2183362623129039,182.2513517174795,2.1099251825204988,1.1444513826322378
"layer_norm_(6,1024,2560)",6,1024,2560,15728640,225.2168841,225.075625,225.747143,0.1950536784952898,224.56099852273354,0.6558855772664458,0.2912239816688086
"layer_norm_(6,1024,3072)",6,1024,3072,18874368,265.2039644,264.985714,265.657143,0.1897758188935485,266.8706453279876,-1.6666809279875565,-0.6284524938223572
"layer_norm_(6,1024,3584)",6,1024,3584,22020096,304.6398482,304.47,305.198661,0.2313233192380075,309.18029213324155,-4.540443933241534,-1.4904300800007861
"layer_norm_(6,1024,4096)",6,1024,4096,25165824,346.7334377,346.547143,347.304197,0.2185910836963946,351.4899389384956,-4.756501238495559,-1.3718034436041238
"layer_norm_(8,128,512)",8,128,512,524288,15.5342946,15.292768,15.818572,0.1914979241571269,20.064372297339062,-4.5300776973390615,-29.161785674768016
"layer_norm_(8,128,1024)",8,128,1024,1048576,23.5665716,23.432947,23.685714,0.0638083325422493,27.115980098214735,-3.549408498214735,-15.061200069571152
"layer_norm_(8,128,1536)",8,128,1536,1572864,30.4027233,30.197143,30.588572,0.1443116935625796,34.16758789909041,-3.764864599090405,-12.383313698383082
"layer_norm_(8,128,2048)",8,128,2048,2097152,36.324276600000005,36.188571,36.437143,0.0814476905288834,41.21919569996608,-4.894919099966074,-13.475613441304082
"layer_norm_(8,128,2560)",8,128,2560,2621440,44.2829728,44.187143,44.357053,0.049370020401049,48.270803500841744,-3.987830700841741,-9.005336472897639
"layer_norm_(8,128,3072)",8,128,3072,3145728,52.806107,52.651428,53.051339,0.1237153899821861,55.322411301717416,-2.516304301717419,-4.765176690107867
"layer_norm_(8,128,3584)",8,128,3584,3670016,60.6464195,60.465625,60.917143,0.1603097745403155,62.37401910259309,-1.727599602593088,-2.848642371365531
"layer_norm_(8,128,4096)",8,128,4096,4194304,68.3557054,68.162946,68.551339,0.1121210088869226,69.42562690346875,-1.0699215034687484,-1.5652263365696293
"layer_norm_(8,256,512)",8,256,512,1048576,25.7075623,25.608482,25.821428,0.0809114169653733,27.115980098214735,-1.4084177982147352,-5.478612797973207
"layer_norm_(8,256,1024)",8,256,1024,2097152,37.4604642,37.228572,37.557142,0.1084953768372953,41.21919569996608,-3.758731499966082,-10.033862580822163
"layer_norm_(8,256,1536)",8,256,1536,3145728,54.152259,54.02,54.335714,0.107693417647815,55.322411301717416,-1.1701523017174154,-2.160855933484539
"layer_norm_(8,256,2048)",8,256,2048,4194304,69.9761161,69.754196,70.134286,0.1118938569572393,69.42562690346875,0.5504891965312453,0.7866815525236693
"layer_norm_(8,256,2560)",8,256,2560,5242880,82.0738662,81.949911,82.294375,0.1089878956406529,83.5288425052201,-1.4549763052201001,-1.772764428660606
"layer_norm_(8,256,3072)",8,256,3072,6291456,98.53827680000002,98.402857,99.065714,0.1935478647551788,97.63205810697144,0.9062186930285776,0.9196615999972281
"layer_norm_(8,256,3584)",8,256,3584,7340032,112.1152944,111.912947,112.461428,0.160883814620087,111.73527370872279,0.3800206912772097,0.33895526325015807
"layer_norm_(8,256,4096)",8,256,4096,8388608,127.1488301,126.924375,127.717232,0.2208972208926566,125.83848931047413,1.310340789525867,1.0305567015404784
"layer_norm_(8,384,512)",8,384,512,1572864,33.4018392,33.164285,33.58,0.1686992575145356,34.16758789909041,-0.765748699090409,-2.2925345353150766
"layer_norm_(8,384,1024)",8,384,1024,3145728,55.317357300000005,55.187053,55.51134,0.1081013116304941,55.322411301717416,-0.005054001717411438,-0.009136375929895404
"layer_norm_(8,384,1536)",8,384,1536,4718592,76.3960356,76.242857,76.661518,0.1303240854350766,76.47723470434443,-0.0811991043444209,-0.10628706543042254
"layer_norm_(8,384,2048)",8,384,2048,6291456,97.55874099999998,97.232857,97.907054,0.1960934334936631,97.63205810697144,-0.07331710697145866,-0.07515175597792788
"layer_norm_(8,384,2560)",8,384,2560,7864320,118.25113410000002,117.97,118.775625,0.252929629193775,118.78688150959846,-0.5357474095984429,-0.4530590033456963
"layer_norm_(8,384,3072)",8,384,3072,9437184,138.37769629999997,138.207143,138.785804,0.1821887543395304,139.94170491222548,-1.564008612225507,-1.1302461697546757
"layer_norm_(8,384,3584)",8,384,3584,11010048,160.0695625,159.838482,160.68,0.2571922306176017,161.0965283148525,-1.0269658148525025,-0.6415746996575332
"layer_norm_(8,384,4096)",8,384,4096,12582912,181.6461429,181.367232,182.327232,0.2807096106918468,182.2513517174795,-0.6052088174795074,-0.33318010931434283
"layer_norm_(8,512,512)",8,512,512,2097152,42.5513213,42.345803,42.658572,0.085682311435326,41.21919569996608,1.332125600033919,3.1306327496672095
"layer_norm_(8,512,1024)",8,512,1024,4194304,73.0655804,72.932858,73.33,0.1073205957609663,69.42562690346875,3.6399534965312483,4.981762242363914
"layer_norm_(8,512,1536)",8,512,1536,6291456,100.6132947,100.248483,101.234197,0.2491605818525913,97.63205810697144,2.981236593028555,2.963064276860974
"layer_norm_(8,512,2048)",8,512,2048,8388608,124.6537052,124.41,125.092767,0.223565398131087,125.83848931047413,-1.1847841104741264,-0.9504604043443438
"layer_norm_(8,512,2560)",8,512,2560,10485760,153.5614555,153.350089,154.082857,0.2361413709173411,154.04492051397682,-0.48346501397682573,-0.3148348733753867
"layer_norm_(8,512,3072)",8,512,3072,12582912,181.852866,181.627232,182.548571,0.2537383368621241,182.2513517174795,-0.39848571747950245,-0.21912534360580405
"layer_norm_(8,512,3584)",8,512,3584,14680064,208.3628482,208.082857,209.08,0.282679531580202,210.4577829209822,-2.094934720982195,-1.0054262259706408
"layer_norm_(8,512,4096)",8,512,4096,16777216,236.929009,236.697054,237.547143,0.243450563550158,238.6642141244849,-1.735205124484878,-0.732373436164956
"layer_norm_(8,640,512)",8,640,512,2621440,51.642437400000006,51.495804,51.761518,0.0819135722768552,48.270803500841744,3.3716338991582617,6.52880473677693
"layer_norm_(8,640,1024)",8,640,1024,5242880,85.4011427,85.292857,85.53991,0.072129282783764,83.5288425052201,1.8723001947798963,2.192359651857324
"layer_norm_(8,640,1536)",8,640,1536,7864320,121.61909810000002,121.342857,122.157053,0.2317980131409699,118.78688150959846,2.8322165904015577,2.3287597381069194
"layer_norm_(8,640,2048)",8,640,2048,10485760,157.5024108,157.192857,158.129911,0.2594328225883853,154.04492051397682,3.4574902860231873,2.1951983264647192
"layer_norm_(8,640,2560)",8,640,2560,13107200,192.6276964,192.314286,193.199911,0.269576947607911,189.30295951835518,3.32473688164481,1.7259910925482107
"layer_norm_(8,640,3072)",8,640,3072,15728640,227.3717052,227.117143,227.987143,0.2561513388044055,224.56099852273354,2.8107066772664666,1.2361725812779218
"layer_norm_(8,640,3584)",8,640,3584,18350080,255.9837143,255.734375,256.517054,0.2434348379313738,259.8190375271119,-3.8353232271118998,-1.4982684494596772
"layer_norm_(8,640,4096)",8,640,4096,20971520,291.215857,290.949911,291.778571,0.266177823603783,295.0770765314902,-3.8612195314901783,-1.3258960453826447
"layer_norm_(8,768,512)",8,768,512,3145728,60.5917053,60.395803,60.798571,0.1468347042834608,55.322411301717416,5.269293998282585,8.696394947449324
"layer_norm_(8,768,1024)",8,768,1024,6291456,102.4660178,102.214286,103.031429,0.2339058639266861,97.63205810697144,4.833959693028561,4.717622287677662
"layer_norm_(8,768,1536)",8,768,1536,9437184,141.7111252,141.564197,142.375804,0.2392098021592449,139.94170491222548,1.7694202877745226,1.2486107108932352
"layer_norm_(8,768,2048)",8,768,2048,12582912,187.2293126,186.927143,187.618661,0.2035776953866357,182.2513517174795,4.9779608825204775,2.658750819192228
"layer_norm_(8,768,2560)",8,768,2560,15728640,229.4920268,229.211428,230.111429,0.2536809241660311,224.56099852273354,4.931028277266449,2.1486708475339715
"layer_norm_(8,768,3072)",8,768,3072,18874368,263.2064196,262.96866,263.761428,0.2147438556654086,266.8706453279876,-3.6642257279875707,-1.3921490720310572
"layer_norm_(8,768,3584)",8,768,3584,22020096,304.4290089,304.26,305.005803,0.220240596910367,309.18029213324155,-4.7512832332415655,-1.5607196076384051
"layer_norm_(8,768,4096)",8,768,4096,25165824,346.4987143,346.25,347.037054,0.2076526541955489,351.4899389384956,-4.9912246384955665,-1.4404742160671176
"layer_norm_(8,896,512)",8,896,512,3670016,70.139857,69.922857,70.342857,0.1449294004572174,62.37401910259309,7.765837897406918,11.071932891746439
"layer_norm_(8,896,1024)",8,896,1024,7340032,116.006991,115.687143,116.32,0.2080156337388539,111.73527370872279,4.271717291277213,3.682292984633325
"layer_norm_(8,896,1536)",8,896,1536,11010048,163.6508482,163.39,164.144196,0.2095934558407986,161.0965283148525,2.554319885147521,1.5608351030517427
"layer_norm_(8,896,2048)",8,896,2048,14680064,216.742884,216.517232,217.138661,0.1811356533264524,210.4577829209822,6.285101079017807,2.899795814758009
"layer_norm_(8,896,2560)",8,896,2560,18350080,261.7495804,261.477143,262.077053,0.1636058837125807,259.8190375271119,1.930542872888111,0.7375533782854198
"layer_norm_(8,896,3072)",8,896,3072,22020096,304.9140089,304.717233,305.362857,0.1940616630114508,309.18029213324155,-4.266283233241552,-1.3991758688400335
"layer_norm_(8,896,3584)",8,896,3584,25690112,351.817723,351.531428,352.222857,0.2164151591055146,358.54154673937126,-6.723823739371255,-1.9111668627823093
"layer_norm_(8,896,4096)",8,896,4096,29360128,400.5682678,400.314285,401.188661,0.2533825190597643,407.90280134550096,-7.33453354550096,-1.8310320949244598
"layer_norm_(8,1024,512)",8,1024,512,4194304,78.37773250000001,78.181518,78.528571,0.1162824627345453,69.42562690346875,8.952105596531254,11.421746089083724
"layer_norm_(8,1024,1024)",8,1024,1024,8388608,130.91200009999997,130.658571,131.32009,0.1932492854800374,125.83848931047413,5.073510789525841,3.8755123943185725
"layer_norm_(8,1024,1536)",8,1024,1536,12582912,185.6023124,185.291428,186.052947,0.2115777377373205,182.2513517174795,3.35096068252048,1.8054520114483659
"layer_norm_(8,1024,2048)",8,1024,2048,16777216,242.02283930000004,241.83,242.418482,0.199611827793093,238.6642141244849,3.358625175515158,1.3877306725387042
"layer_norm_(8,1024,2560)",8,1024,2560,20971520,306.3696782999999,306.179911,306.912946,0.2137867131132973,295.0770765314902,11.292601768509712,3.685939754603227
"layer_norm_(8,1024,3072)",8,1024,3072,25165824,345.9298482,345.694286,346.545715,0.2583745172001192,351.4899389384956,-5.560090738495603,-1.607288520324799
"layer_norm_(8,1024,3584)",8,1024,3584,29360128,399.8344198,399.592768,400.448661,0.2333339924418392,407.90280134550096,-8.068381545500984,-2.0179307098015338
"layer_norm_(8,1024,4096)",8,1024,4096,33554432,456.1061159000001,455.822767,456.604196,0.2165616774169817,464.31566375250634,-8.209547852506262,-1.7999205812680181
"layer_norm_(10,128,512)",10,128,512,655360,17.7574195,17.592768,17.917143,0.1287189622042706,21.82727424755798,-4.069854747557979,-22.919178924381324
"layer_norm_(10,128,1024)",10,128,1024,1310720,27.488812499999995,27.307232,27.684197,0.1408283762293269,30.641783998652567,-3.1529714986525725,-11.470017115699607
"layer_norm_(10,128,1536)",10,128,1536,1966080,35.935,35.815714,36.134375,0.0932410268009143,39.45629374974716,-3.5212937497471586,-9.799064282029104
"layer_norm_(10,128,2048)",10,128,2048,2621440,46.29600000000001,46.165715,46.415715,0.0740342999636732,48.270803500841744,-1.9748035008417375,-4.265602861676467
"layer_norm_(10,128,2560)",10,128,2560,3276800,56.546732,56.395714,56.897232,0.1544180762245444,57.085313251936334,-0.5385812519363355,-0.952453365362185
"layer_norm_(10,128,3072)",10,128,3072,3932160,64.4218216,64.327054,64.522857,0.0706176336684614,65.89982300303092,-1.478001403030916,-2.2942558380418663
"layer_norm_(10,128,3584)",10,128,3584,4587520,73.1181967,73.015804,73.314196,0.0861551716511157,74.71433275412551,-1.596136054125509,-2.182953253995539
"layer_norm_(10,128,4096)",10,128,4096,5242880,82.0796068,81.954285,82.384375,0.1218508974241358,83.5288425052201,-1.4492357052201044,-1.765646500660508
"layer_norm_(10,256,512)",10,256,512,1310720,28.450732100000003,28.261518,28.687053,0.1529441660167015,30.641783998652567,-2.191051898652564,-7.701214474732492
"layer_norm_(10,256,1024)",10,256,1024,2621440,47.5892857,47.431339,47.705625,0.0767449001360996,48.270803500841744,-0.6815178008417462,-1.4320824337183657
"layer_norm_(10,256,1536)",10,256,1536,3932160,67.36116960000001,67.25,67.521518,0.075748297590258,65.89982300303092,1.4613465969690935,2.16941986851887
"layer_norm_(10,256,2048)",10,256,2048,5242880,81.5788124,81.492768,81.695714,0.0641278820018593,83.5288425052201,-1.950030105220094,-2.390363438558826
"layer_norm_(10,256,2560)",10,256,2560,6553600,100.1052854,99.930089,100.351339,0.1589812406076773,101.15786200740928,-1.0525766074092786,-1.0514695634734972
"layer_norm_(10,256,3072)",10,256,3072,7864320,118.5774554,118.311428,119.198661,0.246774760466209,118.78688150959846,-0.20942610959845354,-0.1766154526524386
"layer_norm_(10,256,3584)",10,256,3584,9175040,136.1193125,135.845714,136.85866,0.3110771637131705,136.41590101178764,-0.29658851178763257,-0.2178886348604152
"layer_norm_(10,256,4096)",10,256,4096,10485760,154.4754375,154.14,155.167054,0.3040319289651677,154.04492051397682,0.43051698602317856,0.27869607815364084
"layer_norm_(10,384,512)",10,384,512,1966080,40.345116,40.13,40.475625,0.126607715222169,39.45629374974716,0.8888222502528365,2.203047948239476
"layer_norm_(10,384,1024)",10,384,1024,3932160,67.3261784,67.218571,67.495803,0.0863990427624446,65.89982300303092,1.426355396969086,2.118574722145652
"layer_norm_(10,384,1536)",10,384,1536,5898240,93.4619018,93.250089,93.650089,0.1404790430600461,92.34335225631469,1.1185495436853188,1.196797328262069
"layer_norm_(10,384,2048)",10,384,2048,7864320,122.6384376,122.429911,123.184286,0.220122280242495,118.78688150959846,3.8515560904015445,3.140578244289003
"layer_norm_(10,384,2560)",10,384,2560,9830400,149.13698200000002,148.805714,149.761428,0.2662164927180705,145.23041076288223,3.906571237117788,2.6194517179634143
"layer_norm_(10,384,3072)",10,384,3072,11796480,174.88929449999998,174.68991,175.524286,0.2529990511928844,171.673940016166,3.215354483833977,1.838508465041568
"layer_norm_(10,384,3584)",10,384,3584,13762560,200.2991249,200.081429,201.011429,0.2599303315024757,198.11746926944977,2.181655630550239,1.0891987828900587
"layer_norm_(10,384,4096)",10,384,4096,15728640,225.30827689999995,225.055804,225.652946,0.1949786824116656,224.56099852273354,0.7472783772664116,0.3316692966402122
"layer_norm_(10,512,512)",10,512,512,2621440,52.1710089,52.102946,52.308571,0.0589313802588321,48.270803500841744,3.900205399158253,7.475809805852256
"layer_norm_(10,512,1024)",10,512,1024,5242880,84.78585690000001,84.641428,84.934285,0.1041127881241721,83.5288425052201,1.2570143947799153,1.4825755624107104
"layer_norm_(10,512,1536)",10,512,1536,7864320,121.2408838,120.947053,121.755803,0.2183688008621092,118.78688150959846,2.4540022904015473,2.024071594900026
"layer_norm_(10,512,2048)",10,512,2048,10485760,159.21111609999997,159.024286,159.537143,0.1613589656114947,154.04492051397682,5.16619558602315,3.2448711576007545
"layer_norm_(10,512,2560)",10,512,2560,13107200,193.0769999,192.885714,193.401518,0.1445132613610657,189.30295951835518,3.7740403816448236,1.9546814916326156
"layer_norm_(10,512,3072)",10,512,3072,15728640,228.0567054,227.917054,228.461339,0.1593666892903856,224.56099852273354,3.495706877266457,1.5328235454139192
"layer_norm_(10,512,3584)",10,512,3584,18350080,256.8064465,256.461429,257.307143,0.2298835822581388,259.8190375271119,-3.0125910271119096,-1.1730978985030696
"layer_norm_(10,512,4096)",10,512,4096,20971520,292.02360689999995,291.874375,292.595803,0.2082331104088502,295.0770765314902,-3.053469631490259,-1.0456242438426848
"layer_norm_(10,640,512)",10,640,512,3276800,63.490839300000005,63.322857,63.761339,0.1476953797141257,57.085313251936334,6.40552604806367,10.088898049995805
"layer_norm_(10,640,1024)",10,640,1024,6553600,105.8701606,105.704286,106.112858,0.135451810672612,101.15786200740928,4.712298592590727,4.4510167604210915
"layer_norm_(10,640,1536)",10,640,1536,9830400,151.91044630000002,151.764286,152.34991,0.1735948467367794,145.23041076288223,6.680035537117789,4.39735100502946
"layer_norm_(10,640,2048)",10,640,2048,13107200,196.9497143,196.809911,197.177143,0.1153805494122753,189.30295951835518,7.64675478164483,3.882592472308466
"layer_norm_(10,640,2560)",10,640,2560,16384000,239.26646450000004,239.087232,239.447143,0.1110616860300314,233.37550827382813,5.890956226171909,2.4620902216624296
"layer_norm_(10,640,3072)",10,640,3072,19660800,280.73098229999994,280.481339,281.115625,0.1752725737549372,277.448057029301,3.282925270698911,1.169420362441738
"layer_norm_(10,640,3584)",10,640,3584,22937600,335.9975626,335.757143,336.615714,0.2475231386513731,321.520605784774,14.476956815226004,4.308649355430177
"layer_norm_(10,640,4096)",10,640,4096,26214400,361.3376876,361.132768,361.642857,0.1809858374190288,365.5931545402469,-4.255466940246947,-1.1776980609223746
"layer_norm_(10,768,512)",10,768,512,3932160,73.2490268,73.17,73.425803,0.0841606397483089,65.89982300303092,7.349203796969078,10.033176027082833
"layer_norm_(10,768,1024)",10,768,1024,7864320,124.9892411,124.755625,125.405714,0.182908044009036,118.78688150959846,6.202359590401542,4.962314784709532
"layer_norm_(10,768,1536)",10,768,1536,11796480,184.16415190000004,180.494286,214.991429,10.832295462203229,171.673940016166,12.490211883834036,6.782108111146484
"layer_norm_(10,768,2048)",10,768,2048,15728640,237.1031609,233.478571,267.872947,10.812432334883878,224.56099852273354,12.542162377266465,5.289749124245633
"layer_norm_(10,768,2560)",10,768,2560,19660800,278.6673037,277.987054,283.352947,1.649943177158258,277.448057029301,1.2192466706989649,0.4375277093905312
"layer_norm_(10,768,3072)",10,768,3072,23592960,333.4771247,333.237142,333.918571,0.205167308150115,330.33511553586857,3.142009164131423,0.9421963101541109
"layer_norm_(10,768,3584)",10,768,3584,27525120,375.9330091000001,375.695804,376.404286,0.2030719951174696,383.2221740424361,-7.2891649424360025,-1.9389531554801689
"layer_norm_(10,768,4096)",10,768,4096,31457280,429.021009,428.722947,429.378661,0.2096166656240317,436.10923254900365,-7.088223549003658,-1.6521856506574153
"layer_norm_(10,896,512)",10,896,512,4587520,85.123857,84.941518,85.268572,0.0808518724279853,74.71433275412551,10.409524245874493,12.228680199341172
"layer_norm_(10,896,1024)",10,896,1024,9175040,142.9585626,142.778482,143.332768,0.1698077294643041,136.41590101178764,6.542661588212354,4.576613998644356
"layer_norm_(10,896,1536)",10,896,1536,13762560,209.1275357,208.834285,209.598572,0.2349020673567092,198.11746926944977,11.01006643055024,5.264761712845182
"layer_norm_(10,896,2048)",10,896,2048,18350080,265.6466965,259.170089,321.925714,19.77499021175901,259.8190375271119,5.827658972888116,2.193763012930265
"layer_norm_(10,896,2560)",10,896,2560,22937600,326.7820088,326.517232,327.228482,0.2187327070314109,321.520605784774,5.261403015226051,1.6100650811673605
"layer_norm_(10,896,3072)",10,896,3072,27525120,386.1092768,385.797143,386.544286,0.2334269947550982,383.2221740424361,2.8871027575638664,0.7477423960106898
"layer_norm_(10,896,3584)",10,896,3584,32112640,449.6791784999999,449.470089,450.12866,0.171279373700311,444.92374230009824,4.7554361999016805,1.0575175430102066
"layer_norm_(10,896,4096)",10,896,4096,36700160,502.631125,502.325804,502.839911,0.2024047740466778,506.6253105577604,-3.9941855577603746,-0.7946554359840677
"layer_norm_(10,1024,512)",10,1024,512,5242880,100.7801521,94.79,153.682858,18.588411518479464,83.5288425052201,17.251309594779897,17.1177649917239
"layer_norm_(10,1024,1024)",10,1024,1024,10485760,162.30000890000002,162.045625,162.640089,0.1561687329023389,154.04492051397682,8.255088386023203,5.086314191830708
"layer_norm_(10,1024,1536)",10,1024,1536,15728640,230.4172678,230.148482,230.611428,0.1436837097832145,224.56099852273354,5.856269277266449,2.5415930555819437
"layer_norm_(10,1024,2048)",10,1024,2048,20971520,298.89425,298.655625,299.508571,0.2355257160896841,295.0770765314902,3.817173468509793,1.2770983277563197
"layer_norm_(10,1024,2560)",10,1024,2560,26214400,371.4680357,371.32,372.102857,0.2287149290924943,365.5931545402469,5.874881159753045,1.5815307361997728
"layer_norm_(10,1024,3072)",10,1024,3072,31457280,442.5938573,442.392857,443.105804,0.2157987775297615,436.10923254900365,6.484624750996375,1.4651411545915223
"layer_norm_(10,1024,3584)",10,1024,3584,36700160,497.1002855,496.955625,497.677142,0.2139553488756488,506.6253105577604,-9.525025057760388,-1.9161173983595285
"layer_norm_(10,1024,4096)",10,1024,4096,41943040,565.8867142000001,565.577143,566.448482,0.2586774182670221,577.1413885665171,-11.254674366516952,-1.9888564414218137
"layer_norm_(12,128,512)",12,128,512,786432,19.812285600000003,19.617143,20.001339,0.1529898660537871,23.5901761977769,-3.7778905977768957,-19.068423876228067
"layer_norm_(12,128,1024)",12,128,1024,1572864,30.029580400000004,29.874375,30.16,0.1141984250652243,34.16758789909041,-4.138007499090403,-13.77977129207707
"layer_norm_(12,128,1536)",12,128,1536,2359296,42.1426073,42.070089,42.207232,0.0431806319779021,44.744999600403915,-2.6023923004039133,-6.175204779994505
"layer_norm_(12,128,2048)",12,128,2048,3145728,54.53883020000001,54.368572,54.715714,0.1167317158938009,55.322411301717416,-0.7835811017174095,-1.4367398399340976
"layer_norm_(12,128,2560)",12,128,2560,3932160,64.4865623,64.392857,64.582768,0.061065932972392,65.89982300303092,-1.4132607030309146,-2.191558446636121
"layer_norm_(12,128,3072)",12,128,3072,4718592,75.9295713,75.794375,76.154286,0.1189854632008556,76.47723470434443,-0.5476634043444193,-0.721278146271345
"layer_norm_(12,128,3584)",12,128,3584,5505024,87.2714733,87.075715,88.095803,0.310682732991589,87.05464640565793,0.21682689434206281,0.24845105295370648
"layer_norm_(12,128,4096)",12,128,4096,6291456,98.934161,98.66,99.581429,0.2489709143980926,97.63205810697144,1.302102893028561,1.3161307276144596
"layer_norm_(12,256,512)",12,256,512,1572864,33.436286100000004,33.182858,33.598483,0.1138743974204811,34.16758789909041,-0.7313017990904029,-2.1871502023378215
"layer_norm_(12,256,1024)",12,256,1024,3145728,55.5717142,55.46,55.701429,0.0806690317942527,55.322411301717416,0.24930289828258623,0.44861473480079583
"layer_norm_(12,256,1536)",12,256,1536,4718592,76.3732679,76.237143,76.662857,0.127456634907242,76.47723470434443,-0.10396680434442374,-0.13612983600564738
"layer_norm_(12,256,2048)",12,256,2048,6291456,97.0397144,96.778661,97.605625,0.232863421193244,97.63205810697144,-0.5923437069714481,-0.6104136957058565
"layer_norm_(12,256,2560)",12,256,2560,7864320,122.51171430000002,117.258571,168.02,15.99060386312397,118.78688150959846,3.724832790401564,3.040389085798274
"layer_norm_(12,256,3072)",12,256,3072,9437184,138.4129909,138.154285,139.117142,0.2757668681781161,139.94170491222548,-1.528714012225464,-1.1044584776944257
"layer_norm_(12,256,3584)",12,256,3584,11010048,160.0258483,159.74,160.600089,0.2529904352140378,161.0965283148525,-1.0706800148524849,-0.6690669202673334
"layer_norm_(12,256,4096)",12,256,4096,12582912,181.6831608,181.448661,182.337054,0.2514431708574426,182.2513517174795,-0.5681909174795123,-0.3127372481729261
"layer_norm_(12,384,512)",12,384,512,2359296,47.4708482,47.417143,47.57,0.0548490225473528,44.744999600403915,2.725848599596084,5.742152716782685
"layer_norm_(12,384,1024)",12,384,1024,4718592,78.9871517,78.904197,79.121428,0.0708740504401218,76.47723470434443,2.5099169956555727,3.177626919867238
"layer_norm_(12,384,1536)",12,384,1536,7077888,108.592598,108.477232,108.680089,0.0685927119290191,108.20946980828495,0.38312819171504486,0.3528124372851314
"layer_norm_(12,384,2048)",12,384,2048,9437184,140.6419733,140.439911,141.128482,0.2234506331822912,139.94170491222548,0.7002683877745142,0.4979085342330831
"layer_norm_(12,384,2560)",12,384,2560,11796480,173.2236966,172.944197,173.825625,0.2553638099266739,171.673940016166,1.5497565838340108,0.8946562244382971
"layer_norm_(12,384,3072)",12,384,3072,14155776,205.6660003,205.365715,206.052768,0.2106585286524396,203.40617512010652,2.2598251798934825,1.0987840365432937
"layer_norm_(12,384,3584)",12,384,3584,16515072,237.7364106,237.457232,238.357143,0.2572457536767349,235.13841022404705,2.5980003759529495,1.0928071006860527
"layer_norm_(12,384,4096)",12,384,4096,18874368,263.9508749,263.828571,264.474196,0.1901033309816571,266.8706453279876,-2.9197704279876007,-1.106179484759723
"layer_norm_(12,512,512)",12,512,512,3145728,61.5375806,61.395715,61.798482,0.1441512906846296,55.322411301717416,6.215169298282582,10.099794690795145
"layer_norm_(12,512,1024)",12,512,1024,6291456,102.1922499,101.955803,102.427053,0.151402703236139,97.63205810697144,4.560191793028551,4.46236558789039
"layer_norm_(12,512,1536)",12,512,1536,9437184,141.9592679,141.774196,142.54,0.2565768684609144,139.94170491222548,2.017562987774511,1.4212266783425072
"layer_norm_(12,512,2048)",12,512,2048,12582912,184.1207678,183.842857,184.574286,0.197621130916262,182.2513517174795,1.8694160825205017,1.0153205990055088
"layer_norm_(12,512,2560)",12,512,2560,15728640,225.6425892,225.372857,226.18991,0.2484979660765393,224.56099852273354,1.0815906772664619,0.4793380013503505
"layer_norm_(12,512,3072)",12,512,3072,18874368,263.6734463,263.477143,264.008482,0.1525022717521472,266.8706453279876,-3.1971990279875513,-1.2125601090486262
"layer_norm_(12,512,3584)",12,512,3584,22020096,304.73158040000004,304.444375,305.138571,0.2362561261560632,309.18029213324155,-4.44871173324151,-1.459878798056307
"layer_norm_(12,512,4096)",12,512,4096,25165824,350.6117234,346.457232,385.704286,12.331032374104549,351.4899389384956,-0.8782155384955672,-0.25048093942188104
"layer_norm_(12,640,512)",12,640,512,3932160,73.2014286,73.082947,73.311429,0.0784737240117153,65.89982300303092,7.3016055969690825,9.974676364402377
"layer_norm_(12,640,1024)",12,640,1024,7864320,123.7944107,123.649911,124.425715,0.2374176040056604,118.78688150959846,5.0075291904015415,4.045036574822955
"layer_norm_(12,640,1536)",12,640,1536,11796480,181.0945712,180.77,181.637232,0.247320757905286,171.673940016166,9.42063118383399,5.202050575789977
"layer_norm_(12,640,2048)",12,640,2048,15728640,232.8722854,232.689911,233.374196,0.1969987232571203,224.56099852273354,8.311286877266468,3.569032211364413
"layer_norm_(12,640,2560)",12,640,2560,19660800,284.2812859,277.681339,342.285715,20.38089039935069,277.448057029301,6.833228870698974,2.40368578925827
"layer_norm_(12,640,3072)",12,640,3072,23592960,334.38713390000004,334.068571,335.057233,0.2634427504809848,330.33511553586857,4.05201836413147,1.211774602949659
"layer_norm_(12,640,3584)",12,640,3584,27525120,375.0654375,374.78991,375.611518,0.2130900000439272,383.2221740424361,-8.156736542436136,-2.174750250730884
"layer_norm_(12,640,4096)",12,640,4096,31457280,428.0887231,427.864285,428.735804,0.2554553973803704,436.10923254900365,-8.020509449003669,-1.8735624220426164
"layer_norm_(12,768,512)",12,768,512,4718592,86.63673229999999,86.545625,86.872857,0.1025717556705768,76.47723470434443,10.159497595655566,11.726547534683007
"layer_norm_(12,768,1024)",12,768,1024,9437184,146.19656259999996,146.037053,146.652857,0.1965178079899033,139.94170491222548,6.254857687774489,4.278389024021069
"layer_norm_(12,768,1536)",12,768,1536,14155776,214.5585447,214.30134,214.92,0.179379305881292,203.40617512010652,11.152369579893474,5.1978212265966555
"layer_norm_(12,768,2048)",12,768,2048,18874368,270.19686629999995,269.942947,270.775714,0.2380049002899071,266.8706453279876,3.326220972012379,1.2310361025132215
"layer_norm_(12,768,2560)",12,768,2560,23592960,329.4067502,329.175804,329.934286,0.2293905244404504,330.33511553586857,-0.928365335868591,-0.2818294814252993
"layer_norm_(12,768,3072)",12,768,3072,28311552,397.637125,397.402857,398.045715,0.2244596465222336,393.7995857437496,3.837539256250409,0.9650857565803015
"layer_norm_(12,768,3584)",12,768,3584,33030144,459.4509912,459.188571,459.934285,0.2031777122459757,457.26405595163067,2.186935248369309,0.4759887975554137
"layer_norm_(12,768,4096)",12,768,4096,37748736,510.9704287,510.781429,511.431518,0.1973355760413317,520.7285261595117,-9.758097459511703,-1.9097186278153206
"layer_norm_(12,896,512)",12,896,512,5505024,101.14154449999998,100.971428,101.435625,0.1456283406897689,87.05464640565793,14.086898094342047,13.927904862419863
"layer_norm_(12,896,1024)",12,896,1024,11010048,169.31643749999998,169.04,169.861339,0.2207417957334096,161.0965283148525,8.219909185147486,4.8547614788714695
"layer_norm_(12,896,1536)",12,896,1536,16515072,254.3785804,254.16866,254.861339,0.1990074874745497,235.13841022404705,19.240170175952954,7.563596803511745
"layer_norm_(12,896,2048)",12,896,2048,22020096,319.52541080000003,319.402857,319.962857,0.1598356202393166,309.18029213324155,10.34511866675848,3.237651315698889
"layer_norm_(12,896,2560)",12,896,2560,27525120,382.0975537,381.875625,383.0,0.3353607432979343,383.2221740424361,-1.124620342436117,-0.29432806662748257
"layer_norm_(12,896,3072)",12,896,3072,33030144,461.7688481,461.554285,462.185714,0.1753126465714287,457.26405595163067,4.504792148369347,0.9755513319932305
"layer_norm_(12,896,3584)",12,896,3584,38535168,519.9646696,519.754197,520.537054,0.2255573322107891,531.3059378608252,-11.341268260825245,-2.1811613218932533
"layer_norm_(12,896,4096)",12,896,4096,44040192,592.0575357,591.845625,592.75009,0.2572610847943465,605.3478197700198,-13.290284070019766,-2.244762251747447
"layer_norm_(12,1024,512)",12,1024,512,6291456,113.8045627,113.635714,114.224286,0.1626548997021709,97.63205810697144,16.172504593028563,14.210769945719024
"layer_norm_(12,1024,1024)",12,1024,1024,12582912,191.3481609,191.148571,191.848483,0.1874084510654879,182.2513517174795,9.096809182520502,4.754061465620547
"layer_norm_(12,1024,1536)",12,1024,1536,18874368,270.6987052,270.504196,271.092857,0.1692698494073896,266.8706453279876,3.8280598720124317,1.4141404441458818
"layer_norm_(12,1024,2048)",12,1024,2048,25165824,354.1592768,353.887143,354.645714,0.211300631324611,351.4899389384956,2.6693378615044026,0.7537111227533438
"layer_norm_(12,1024,2560)",12,1024,2560,31457280,432.41541050000006,432.215714,432.687232,0.1279521497246814,436.10923254900365,-3.693822049003586,-0.8542299740734114
"layer_norm_(12,1024,3072)",12,1024,3072,37748736,542.6010266999999,542.374285,543.067054,0.2105787543773616,520.7285261595117,21.872500540488204,4.031046655682307
"layer_norm_(12,1024,3584)",12,1024,3584,44040192,591.4868571000001,591.247143,591.865714,0.1711294013549318,605.3478197700198,-13.860962670019717,-2.3434100865704113
"layer_norm_(12,1024,4096)",12,1024,4096,50331648,675.3767052,675.154285,675.947232,0.2217292154627718,689.9671133805278,-14.590408180527902,-2.1603363083432425
