kernel_name,total_cycles,main_avg,main_min,main_max,main_stddev,fusion_avg,fusion_min,fusion_max,fusion_stddev,copy-start_avg,copy-start_min,copy-start_max,copy-start_stddev,copy-done_avg,copy-done_min,copy-done_max,copy-done_stddev
matmul_128x128x128,509.0,1.503808,1.422946,2.108572,0.158727,1.355844,1.308571,1.517232,0.073295,0.008571,0.008571,0.008572,0.0,0.086397,0.054375,0.674197,0.134851
matmul_128x128x256,1019.0,1.701527,1.642768,2.068571,0.115954,1.561357,1.462857,1.788571,0.080183,0.008572,0.008571,0.008572,0.0,0.078326,0.054375,0.512768,0.099669
matmul_128x128x384,1529.0,2.030214,1.941429,2.615625,0.160561,1.895009,1.832768,2.078482,0.08974,0.008572,0.008571,0.008572,0.0,0.08033,0.054375,0.555714,0.109062
matmul_128x128x512,2039.0,2.435522,2.357143,3.165714,0.182509,2.312656,2.265714,2.531518,0.078707,0.008571,0.008571,0.008572,0.0,0.086487,0.054375,0.68,0.136163
matmul_128x128x640,2549.0,2.764433,2.662768,3.234286,0.138497,2.643938,2.562946,2.814286,0.089091,0.008571,0.008571,0.008572,0.0,0.084201,0.054375,0.634286,0.1262
matmul_128x128x768,3059.0,2.726862,2.664285,3.468572,0.177265,2.594107,2.541339,2.767143,0.05104,0.008571,0.008571,0.008572,0.0,0.097085,0.054375,0.891428,0.182236
matmul_128x128x896,3569.0,3.083344,2.997053,3.778482,0.180685,2.951438,2.88,3.14,0.086744,0.008572,0.008571,0.008572,0.0,0.095509,0.054375,0.861429,0.175715
matmul_128x128x1024,4079.0,3.090723,2.982857,3.657232,0.168726,2.964701,2.87,3.167143,0.109703,0.008571,0.008571,0.008572,0.0,0.090339,0.054375,0.751428,0.151665
matmul_128x256x128,1019.0,2.201071,1.584196,12.581518,2.385867,1.491799,1.415715,1.668661,0.06849,0.008219,0.001518,0.008572,0.001537,0.087612,0.044286,0.711518,0.143155
matmul_128x256x256,2039.0,1.886004,1.84,2.355804,0.110822,1.737076,1.697232,1.83,0.030608,0.008572,0.008571,0.008572,0.0,0.082504,0.054375,0.601339,0.11903
matmul_128x256x384,3059.0,4.206433,2.04,44.477143,9.239631,1.950719,1.9,2.142857,0.056827,0.008281,0.002767,0.008572,0.001265,0.085013,0.044375,0.662857,0.132589
matmul_128x256x512,4079.0,2.236009,2.145625,2.812768,0.157275,2.079388,1.994196,2.291518,0.092496,0.008571,0.008571,0.008572,0.0,0.090196,0.054375,0.754285,0.152353
matmul_128x256x640,5099.0,2.536147,2.451428,3.414286,0.210802,2.373585,2.327054,2.561518,0.072262,0.008571,0.008571,0.008572,0.0,0.092558,0.054375,0.798572,0.161972
matmul_128x256x768,6119.0,2.879362,2.791518,3.592857,0.182236,2.71821,2.662857,2.910089,0.078922,0.008572,0.008571,0.008572,0.0,0.0955,0.054375,0.861339,0.175697
matmul_128x256x896,7139.0,3.239062,3.112768,3.95991,0.205883,3.075942,2.982946,3.314286,0.117919,0.008571,0.008571,0.008572,0.0,0.098353,0.054375,0.918571,0.188172
matmul_128x256x1024,8159.0,3.568165,3.449911,4.578572,0.25006,3.409437,3.337232,3.604375,0.091637,0.008572,0.008571,0.008572,0.0,0.101558,0.054375,0.98,0.201529
matmul_128x384x128,1529.0,2.349433,1.747143,13.108571,2.470441,1.636411,1.607143,1.712768,0.028071,0.008219,0.001518,0.008572,0.001537,0.079866,0.044285,0.557232,0.109543
matmul_128x384x256,3059.0,1.823361,1.767143,2.621428,0.187414,1.665429,1.648571,1.828572,0.038754,0.008571,0.008571,0.008572,0.0,0.095643,0.054375,0.862857,0.176012
matmul_128x384x384,4589.0,2.290112,2.209911,3.114285,0.204689,2.127237,2.078482,2.324285,0.084944,0.008571,0.008571,0.008572,0.0,0.091187,0.054375,0.782768,0.158661
matmul_128x384x512,6119.0,2.782875,2.68,3.71,0.224133,2.610375,2.534286,2.768571,0.075637,0.008571,0.008571,0.008572,0.0,0.108554,0.054375,1.118661,0.231735
matmul_128x384x640,7649.0,3.254348,3.155714,4.051428,0.199623,3.090223,3.017054,3.281429,0.083728,0.008572,0.008571,0.008572,0.0,0.100576,0.054375,0.962768,0.197801
matmul_128x384x768,9179.0,3.743549,3.642857,4.621518,0.222024,3.568344,3.497142,3.797053,0.090086,0.008571,0.008571,0.008572,0.0,0.105018,0.054375,1.051339,0.217102
matmul_128x384x896,10709.0,4.588339,4.058571,12.679911,1.874883,3.977281,3.924196,4.188482,0.076949,0.008281,0.002768,0.008572,0.001265,0.115527,0.044375,1.274285,0.265848
matmul_128x384x1024,12239.0,4.655004,4.528572,5.70009,0.254038,4.479625,4.387142,4.711428,0.087711,0.008572,0.008571,0.008572,0.0,0.11521,0.054375,1.251429,0.260667
matmul_128x512x128,2039.0,1.911348,1.848572,2.327054,0.11974,1.757473,1.632947,1.951518,0.078637,0.008571,0.008571,0.008572,0.0,0.082799,0.054375,0.605803,0.119987
matmul_128x512x256,4079.0,2.377067,2.305625,2.937054,0.150596,2.221786,2.117233,2.488661,0.088685,0.008572,0.008571,0.008572,0.0,0.090143,0.054375,0.752857,0.152038
matmul_128x512x384,6119.0,2.645567,2.557232,3.314375,0.17328,2.48237,2.361429,2.684285,0.092817,0.008572,0.008571,0.008572,0.0,0.096187,0.054375,0.881518,0.180168
matmul_128x512x512,8159.0,2.840857,2.752858,3.645625,0.198982,2.671107,2.58991,2.908482,0.077994,0.008572,0.008571,0.008572,0.0,0.102625,0.054375,0.997142,0.205217
matmul_128x512x640,10199.0,3.5835,3.474286,4.464286,0.220351,3.408567,3.287143,3.667232,0.093153,0.008571,0.008571,0.008572,0.0,0.107656,0.054375,1.102857,0.228315
matmul_128x512x768,12239.0,3.823482,3.654196,5.002857,0.290074,3.646004,3.535625,3.827053,0.107759,0.008572,0.008571,0.008572,0.0,0.113942,0.054375,1.232768,0.256677
matmul_128x512x896,14279.0,4.497554,4.28991,5.882768,0.339798,4.309643,4.162768,4.525714,0.12712,0.008572,0.008571,0.008572,0.0,0.119594,0.054375,1.345715,0.281292
matmul_128x512x1024,16319.0,4.717929,4.525714,5.912768,0.297167,4.517857,4.324375,4.728482,0.120787,0.008571,0.008571,0.008572,0.0,0.128455,0.054375,1.522946,0.319919
matmul_128x640x128,2549.0,2.049915,1.995625,2.538572,0.129133,1.898085,1.842947,2.095715,0.065267,0.008571,0.008571,0.008572,0.0,0.084,0.054375,0.632768,0.125898
matmul_128x640x256,5099.0,2.547522,2.461428,3.265715,0.179246,2.389116,2.344286,2.547143,0.062315,0.008571,0.008571,0.008572,0.0,0.093201,0.054375,0.81,0.164446
matmul_128x640x384,7649.0,3.216478,3.16,4.082858,0.200683,3.056514,3.042947,3.167232,0.027735,0.008572,0.008571,0.008572,0.0,0.099674,0.054375,0.95,0.195079
matmul_128x640x512,10199.0,3.997152,3.895714,4.911429,0.22204,3.821281,3.751429,4.017054,0.078557,0.008571,0.008571,0.008572,0.0,0.10737,0.054375,1.098661,0.227418
matmul_128x640x640,12749.0,4.718669,4.591428,5.950089,0.295276,4.53604,4.464197,4.712857,0.093856,0.008571,0.008571,0.008572,0.0,0.115705,0.054375,1.26134,0.262827
matmul_128x640x768,15299.0,5.421799,5.285714,6.717232,0.308105,5.231576,5.157143,5.394286,0.082046,0.008571,0.008571,0.008572,0.0,0.127687,0.054375,1.49866,0.314523
matmul_128x640x896,17849.0,6.119571,5.988482,7.777143,0.386283,5.910871,5.872947,6.105804,0.0681,0.008571,0.008571,0.008572,0.0,0.140915,0.054375,1.767143,0.373083
matmul_128x640x1024,20399.0,6.879933,6.708571,8.695804,0.427593,6.660714,6.585714,6.870089,0.100986,0.008571,0.008571,0.008572,0.0,0.155147,0.054375,2.052768,0.435344
matmul_128x768x128,3059.0,1.972411,1.912857,2.449911,0.125926,1.816991,1.694197,2.001339,0.071933,0.008572,0.008571,0.008572,0.0,0.086022,0.054375,0.674286,0.134958
matmul_128x768x256,6119.0,2.656067,2.575625,3.315714,0.162593,2.492013,2.359911,2.645804,0.068443,0.008571,0.008571,0.008572,0.0,0.095701,0.054375,0.864286,0.176326
matmul_128x768x384,9179.0,3.1015,3.007143,3.932768,0.203587,2.929219,2.822857,3.092857,0.080295,0.008572,0.008571,0.008572,0.0,0.104857,0.054375,1.048572,0.216504
matmul_128x768x512,12239.0,3.562558,3.438483,4.869911,0.30968,3.362933,3.26,3.531429,0.084888,0.008572,0.008571,0.008572,0.0,0.129647,0.054375,1.545714,0.324869
matmul_128x768x640,15299.0,4.254496,4.125625,5.672858,0.331739,4.062505,4.008572,4.222768,0.070984,0.008571,0.008571,0.008572,0.0,0.12379,0.054375,1.428482,0.299317
matmul_128x768x768,18359.0,4.941929,4.798572,6.318661,0.327735,4.742933,4.628572,4.960089,0.096668,0.008572,0.008571,0.008572,0.0,0.133781,0.054375,1.627054,0.342581
matmul_128x768x896,21419.0,5.437844,5.291429,7.224286,0.413045,5.230839,5.185625,5.429911,0.061321,0.008571,0.008571,0.008572,0.0,0.14192,0.054375,1.785714,0.377113
matmul_128x768x1024,24479.0,5.907871,5.681339,7.792857,0.44534,5.694357,5.572858,5.875715,0.116538,0.008571,0.008571,0.008572,0.0,0.15021,0.054375,1.955625,0.414191
matmul_128x896x128,3569.0,2.277714,2.205714,2.990089,0.169232,2.130442,2.091429,2.258572,0.05324,0.008571,0.008571,0.008572,0.0,0.087125,0.054375,0.691429,0.138638
matmul_128x896x256,7139.0,2.877366,2.721429,3.87134,0.250323,2.718018,2.585804,2.90009,0.104387,0.008571,0.008571,0.008572,0.0,0.113937,0.054375,1.23,0.256043
matmul_128x896x384,10709.0,3.567286,3.435714,4.479911,0.23131,3.409143,3.272946,3.57,0.103731,0.008571,0.008571,0.008572,0.0,0.110277,0.054375,1.154375,0.239533
matmul_128x896x512,14279.0,4.263487,4.100089,5.561518,0.316067,4.098156,4.008572,4.287232,0.105458,0.008571,0.008571,0.008572,0.0,0.120246,0.054375,1.359911,0.284399
matmul_128x896x640,17849.0,6.095991,6.00134,7.542767,0.335045,5.901853,5.867143,6.105714,0.047365,0.008571,0.008571,0.008572,0.0,0.133478,0.054375,1.618571,0.340704
matmul_128x896x768,21419.0,6.916848,6.732857,8.758482,0.437616,6.715286,6.552768,6.967232,0.116859,0.008571,0.008571,0.008572,0.0,0.159879,0.054375,2.151428,0.456893
matmul_128x896x896,24989.0,7.666049,7.521429,9.605714,0.453833,7.457152,7.345804,7.724286,0.08632,0.008571,0.008571,0.008572,0.0,0.162589,0.054375,2.207053,0.469033
matmul_128x896x1024,28559.0,9.03017,8.87,11.437142,0.555431,8.772009,8.725714,8.965715,0.06235,0.008571,0.008571,0.008572,0.0,0.185103,0.054375,2.648571,0.565159
matmul_128x1024x128,4079.0,2.53579,2.492857,3.101517,0.134205,2.37612,2.277143,2.564196,0.047802,0.008571,0.008571,0.008572,0.0,0.08958,0.054375,0.742768,0.149853
matmul_128x1024x256,8159.0,2.861067,2.805715,3.695714,0.193188,2.686634,2.627053,2.77,0.029982,0.008571,0.008571,0.008572,0.0,0.103201,0.054375,1.014196,0.208997
matmul_128x1024x384,12239.0,3.690085,3.512857,5.041428,0.323898,3.49671,3.398571,3.622857,0.090708,0.008571,0.008571,0.008572,0.0,0.126496,0.054375,1.481339,0.310823
matmul_128x1024x512,16319.0,4.279411,4.144285,5.688572,0.333583,4.089848,4.037053,4.297143,0.088395,0.008572,0.008571,0.008572,0.0,0.126991,0.054375,1.488572,0.312369
matmul_128x1024x640,20399.0,5.005134,4.867143,6.707142,0.398234,4.795996,4.742767,4.991428,0.081717,0.008571,0.008571,0.008572,0.0,0.138589,0.054375,1.724375,0.363805
matmul_128x1024x768,24479.0,7.003585,6.774375,9.025804,0.480549,6.764768,6.572768,7.02134,0.128168,0.008571,0.008571,0.008572,0.0,0.17071,0.054375,2.361429,0.502586
matmul_128x1024x896,28559.0,7.73838,7.562857,9.98,0.520012,7.493848,7.442857,7.681518,0.077174,0.008572,0.008571,0.008572,0.0,0.17442,0.054375,2.435803,0.518797
matmul_128x1024x1024,32639.0,8.700933,8.49,11.00866,0.540863,8.460924,8.365804,8.711428,0.111514,0.008571,0.008571,0.008572,0.0,0.176924,0.054375,2.487232,0.530021
matmul_256x128x128,1019.0,1.610134,1.528572,1.948482,0.118317,1.462147,1.334285,1.647232,0.09579,0.008572,0.008571,0.008572,0.0,0.078429,0.054375,0.52,0.101305
matmul_256x128x256,2039.0,1.951661,1.895715,2.63866,0.163068,1.799839,1.771428,1.98,0.054918,0.008571,0.008571,0.008572,0.0,0.082433,0.054375,0.598482,0.118391
matmul_256x128x384,3059.0,2.26383,2.162767,2.762768,0.155293,2.111857,1.982858,2.354286,0.112604,0.008571,0.008571,0.008572,0.0,0.086696,0.054375,0.692857,0.139064
matmul_256x128x512,4079.0,2.604125,2.477143,3.385625,0.209269,2.447812,2.352857,2.65866,0.112354,0.008571,0.008571,0.008572,0.0,0.089946,0.054375,0.754375,0.152432
matmul_256x128x640,5099.0,2.92879,2.797232,3.718483,0.20723,2.754214,2.597143,2.942857,0.105211,0.008571,0.008571,0.008572,0.0,0.103911,0.054375,1.027143,0.211805
matmul_256x128x768,6119.0,3.205196,3.12,3.887054,0.17707,3.041701,2.925714,3.317143,0.092899,0.008572,0.008571,0.008572,0.0,0.096514,0.054375,0.88009,0.179766
matmul_256x128x896,7139.0,3.568737,3.424286,4.581518,0.253537,3.40896,3.311339,3.62991,0.110572,0.008572,0.008571,0.008572,0.0,0.100134,0.054375,0.948482,0.194625
matmul_256x128x1024,8159.0,3.83658,3.770089,4.844196,0.233873,3.698786,3.678572,3.844375,0.045692,0.008571,0.008571,0.008572,0.0,0.1015,0.054375,0.981428,0.20187
matmul_256x256x128,1275.0,1.933,1.857143,2.295804,0.113887,1.797201,1.711429,1.99,0.084495,0.008571,0.008571,0.008572,0.0,0.078482,0.054375,0.518482,0.100944
matmul_256x256x256,2551.0,2.37771,2.292768,3.052946,0.169514,2.232375,2.175714,2.424375,0.087663,0.008571,0.008571,0.008572,0.0,0.083009,0.054375,0.614197,0.121865
matmul_256x256x384,3827.0,2.840986,2.754285,3.35,0.138342,2.687844,2.614286,2.849911,0.074163,0.008571,0.008571,0.008572,0.0,0.085795,0.054375,0.667054,0.133351
matmul_256x256x512,5103.0,3.284411,3.191339,3.901518,0.166599,3.129214,3.062857,3.298572,0.089051,0.008571,0.008571,0.008572,0.0,0.091165,0.054375,0.778482,0.157683
matmul_256x256x640,6379.0,3.72758,3.617053,4.357232,0.165847,3.575076,3.497143,3.80134,0.088944,0.008571,0.008571,0.008572,0.0,0.092214,0.054375,0.795714,0.161395
matmul_256x256x768,7655.0,4.155835,4.058482,4.848571,0.18342,3.994639,3.928572,4.218572,0.09688,0.008572,0.008571,0.008572,0.0,0.095518,0.054375,0.864197,0.176348
matmul_256x256x896,8931.0,4.576696,4.457142,5.632768,0.260771,4.398098,4.338572,4.597232,0.094824,0.008571,0.008571,0.008572,0.0,0.111071,0.054375,1.174285,0.243919
matmul_256x256x1024,10207.0,5.089277,4.937232,6.042946,0.244551,4.923777,4.817232,5.172858,0.111947,0.008572,0.008571,0.008572,0.0,0.101013,0.054375,0.972857,0.200016
matmul_256x384x128,1913.0,1.962652,1.897232,2.552947,0.15331,1.809866,1.77,2.014286,0.076681,0.008571,0.008571,0.008572,0.0,0.079848,0.054375,0.548482,0.107514
matmul_256x384x256,3827.0,2.59637,2.512768,3.307053,0.172701,2.436777,2.38,2.558571,0.054616,0.008571,0.008571,0.008572,0.0,0.09562,0.054375,0.857232,0.174726
matmul_256x384x384,5741.0,3.086138,2.972857,3.888482,0.206655,2.915732,2.831428,3.114286,0.09891,0.008571,0.008571,0.008572,0.0,0.102473,0.054375,0.997142,0.205252
matmul_256x384x512,7655.0,3.502571,3.414196,4.215714,0.180115,3.34367,3.275714,3.514286,0.078743,0.008572,0.008571,0.008572,0.0,0.096844,0.054375,0.887054,0.181288
matmul_256x384x640,9569.0,4.220223,4.094375,5.271518,0.256372,4.040696,3.979911,4.217143,0.088653,0.008572,0.008571,0.008572,0.0,0.114357,0.054375,1.235714,0.257258
matmul_256x384x768,11483.0,4.865728,4.755714,5.975803,0.267156,4.68071,4.615714,4.867053,0.078674,0.008571,0.008571,0.008572,0.0,0.117777,0.054375,1.304196,0.272184
matmul_256x384x896,13397.0,5.345857,5.217143,6.284375,0.236948,5.172933,5.094286,5.394375,0.09925,0.008571,0.008571,0.008572,0.0,0.109214,0.054375,1.134197,0.235148
matmul_256x384x1024,15311.0,5.810719,5.652767,7.047053,0.302004,5.621692,5.524375,5.829911,0.106849,0.008571,0.008571,0.008572,0.0,0.124505,0.054375,1.438571,0.301468
matmul_256x512x128,2551.0,2.533277,2.464197,3.222946,0.169866,2.373714,2.324286,2.55,0.067491,0.008571,0.008571,0.008572,0.0,0.09358,0.054375,0.824375,0.167657
matmul_256x512x256,5103.0,2.821576,2.748571,3.554285,0.174166,2.662638,2.630089,2.815714,0.048412,0.008571,0.008571,0.008572,0.0,0.08958,0.054375,0.744196,0.15018
matmul_256x512x384,7655.0,3.534362,3.44866,4.231518,0.174749,3.374335,3.295715,3.537143,0.073663,0.008572,0.008571,0.008572,0.0,0.095799,0.054375,0.864375,0.176324
matmul_256x512x512,10207.0,4.219572,4.152857,5.04,0.193101,4.048411,3.998661,4.184196,0.044314,0.008572,0.008571,0.008572,0.0,0.101299,0.054375,0.975804,0.200626
matmul_256x512x640,12759.0,4.907862,4.824196,6.001518,0.256621,4.737933,4.714196,4.907233,0.049102,0.008572,0.008571,0.008572,0.0,0.107853,0.054375,1.108482,0.229561
matmul_256x512x768,15311.0,5.645299,5.521428,6.685715,0.257496,5.46821,5.394375,5.711518,0.102984,0.008571,0.008571,0.008572,0.0,0.114393,0.054375,1.231429,0.256266
matmul_256x512x896,17863.0,6.357442,6.20866,7.488571,0.280966,6.173205,6.061339,6.38991,0.103087,0.008572,0.008571,0.008572,0.0,0.120567,0.054375,1.358571,0.284018
matmul_256x512x1024,20415.0,7.039848,6.922857,8.602768,0.36562,6.834009,6.781429,7.058661,0.07502,0.008571,0.008571,0.008572,0.0,0.139879,0.054375,1.751518,0.369736
matmul_256x640x128,3189.0,2.593995,2.531339,3.071518,0.127647,2.445594,2.372857,2.610089,0.071435,0.008571,0.008571,0.008572,0.0,0.084375,0.054375,0.642857,0.128126
matmul_256x640x256,6379.0,3.488357,3.425804,4.155625,0.16217,3.329286,3.298572,3.488482,0.061851,0.008571,0.008571,0.008572,0.0,0.092487,0.054375,0.797232,0.16168
matmul_256x640x384,9569.0,4.248214,4.138482,5.192768,0.229697,4.078987,4.014375,4.225625,0.079505,0.008572,0.008571,0.008572,0.0,0.100214,0.054375,0.951518,0.195303
matmul_256x640x512,12759.0,4.950594,4.861429,6.004286,0.248091,4.774772,4.73,4.951339,0.061862,0.008571,0.008571,0.008572,0.0,0.107911,0.054375,1.104375,0.228605
matmul_256x640x640,15949.0,5.902009,5.790089,6.982857,0.258719,5.720781,5.667054,5.894196,0.072842,0.008571,0.008571,0.008572,0.0,0.114933,0.054375,1.25,0.260403
matmul_256x640x768,19139.0,6.800661,6.68866,8.044197,0.297329,6.61533,6.57,6.852946,0.086462,0.008571,0.008571,0.008572,0.0,0.122848,0.054375,1.402947,0.293675
matmul_256x640x896,22329.0,7.528058,7.408483,8.955715,0.336418,7.327737,7.264286,7.534375,0.08027,0.008572,0.008571,0.008572,0.0,0.134,0.054375,1.631429,0.343534
matmul_256x640x1024,25519.0,8.297509,8.135714,9.955804,0.393721,8.081277,8.004285,8.298482,0.103927,0.008571,0.008571,0.008572,0.0,0.146437,0.054375,1.88,0.397707
matmul_256x768x128,3827.0,3.009567,2.95,3.548572,0.132031,2.863648,2.82,3.000089,0.041598,0.008571,0.008571,0.008572,0.0,0.086067,0.054375,0.672947,0.134641
matmul_256x768x256,7655.0,3.745134,3.642768,4.452857,0.185109,3.589946,3.515804,3.802857,0.083615,0.008571,0.008571,0.008572,0.0,0.096464,0.054375,0.885715,0.181068
matmul_256x768x384,11483.0,4.901496,4.822947,5.785714,0.210893,4.735,4.658661,4.89,0.055099,0.008571,0.008571,0.008572,0.0,0.105058,0.054375,1.051429,0.217113
matmul_256x768x512,15311.0,5.639067,5.545803,6.742946,0.260762,5.4535,5.421339,5.654286,0.059079,0.008571,0.008571,0.008572,0.0,0.11537,0.054375,1.25866,0.262289
matmul_256x768x640,19139.0,6.834491,6.734285,8.077143,0.290722,6.645991,6.600089,6.83,0.062203,0.008571,0.008571,0.008572,0.0,0.123786,0.054375,1.425714,0.298683
matmul_256x768x768,22967.0,7.573942,7.454285,8.997143,0.335111,7.380272,7.325714,7.578571,0.0811,0.008571,0.008571,0.008572,0.0,0.133268,0.054375,1.614197,0.339749
matmul_256x768x896,26795.0,8.777339,8.638572,10.338482,0.368435,8.572076,8.507143,8.747143,0.084147,0.008571,0.008571,0.008572,0.0,0.141228,0.054375,1.778571,0.375633
matmul_256x768x1024,30623.0,9.522728,9.342857,11.505803,0.465383,9.303919,9.221428,9.487143,0.109179,0.008571,0.008571,0.008572,0.0,0.15071,0.054375,1.964375,0.416084
matmul_256x896x128,4465.0,3.19171,3.084286,3.972857,0.189195,3.026643,2.959911,3.217143,0.065391,0.008571,0.008571,0.008572,0.0,0.100299,0.054375,0.959911,0.19721
matmul_256x896x256,8931.0,4.426286,4.345803,5.177232,0.186072,4.263522,4.191428,4.482946,0.075687,0.008571,0.008571,0.008572,0.0,0.098513,0.054375,0.924375,0.189467
matmul_256x896x384,13397.0,5.406,5.301339,6.372857,0.233333,5.234013,5.177054,5.382946,0.069867,0.008572,0.008571,0.008572,0.0,0.109067,0.054375,1.134197,0.235182
matmul_256x896x512,17863.0,6.420875,6.284286,7.892858,0.34608,6.222054,6.152857,6.401339,0.078685,0.008571,0.008571,0.008572,0.0,0.136478,0.054375,1.677143,0.353453
matmul_256x896x640,22329.0,7.596491,7.474286,9.014197,0.332795,7.391576,7.305625,7.524375,0.070614,0.008571,0.008571,0.008572,0.0,0.134781,0.054375,1.645714,0.346632
matmul_256x896x768,26795.0,8.784862,8.604286,10.512857,0.409076,8.575576,8.494375,8.749911,0.100541,0.008571,0.008571,0.008572,0.0,0.15021,0.054375,1.954286,0.413884
matmul_256x896x896,31261.0,9.832196,9.614286,11.814196,0.466981,9.602714,9.497054,9.812857,0.105012,0.008571,0.008571,0.008572,0.0,0.163598,0.054375,2.225804,0.473103
matmul_256x896x1024,35727.0,10.821424,10.594375,12.784286,0.463884,10.588205,10.445625,10.794286,0.117322,0.008571,0.008571,0.008572,0.0,0.166643,0.054375,2.285625,0.486128
matmul_256x1024x128,5103.0,3.432339,3.38,4.017143,0.142672,3.272844,3.215625,3.441429,0.053347,0.008571,0.008571,0.008572,0.0,0.089929,0.054375,0.748483,0.151084
matmul_256x1024x256,10207.0,4.645237,4.572946,5.521518,0.208885,4.475862,4.447143,4.652858,0.061645,0.008571,0.008571,0.008572,0.0,0.102777,0.054375,1.005715,0.207149
matmul_256x1024x384,15311.0,5.90692,5.804285,7.201339,0.302408,5.714995,5.681428,5.857143,0.057319,0.008571,0.008571,0.008572,0.0,0.124656,0.054375,1.444286,0.302744
matmul_256x1024x512,20415.0,7.44363,7.28134,8.588661,0.278557,7.250076,7.008572,7.434285,0.113001,0.008571,0.008571,0.008572,0.0,0.126728,0.054375,1.487232,0.312122
matmul_256x1024x640,25519.0,8.553643,8.395625,10.392857,0.427262,8.320518,8.14,8.535625,0.086969,0.008571,0.008571,0.008572,0.0,0.160616,0.054375,2.159911,0.45867
matmul_256x1024x768,30623.0,9.719482,9.568571,11.658572,0.451994,9.491067,9.364286,9.757054,0.088081,0.008571,0.008571,0.008572,0.0,0.164036,0.054375,2.235804,0.475297
matmul_256x1024x896,35727.0,10.873817,10.635714,13.019911,0.506745,10.634553,10.471428,10.885714,0.130701,0.008571,0.008571,0.008572,0.0,0.176768,0.054375,2.48,0.528398
matmul_256x1024x1024,40831.0,12.082951,11.837143,14.558661,0.582088,11.844156,11.714285,12.082857,0.132547,0.008571,0.008571,0.008572,0.0,0.175545,0.054375,2.46,0.52409
matmul_384x128x128,1529.0,1.803344,1.688661,2.372858,0.162256,1.641781,1.48,1.804375,0.107321,0.008572,0.008571,0.008572,0.0,0.09225,0.054375,0.8,0.16237
matmul_384x128x256,3059.0,2.149424,2.078572,2.621339,0.132259,1.995429,1.887143,2.221429,0.085052,0.008572,0.008571,0.008572,0.0,0.085656,0.054375,0.665804,0.133096
matmul_384x128x384,4589.0,2.546991,2.465625,3.379911,0.206071,2.373589,2.271518,2.577143,0.08126,0.008571,0.008571,0.008572,0.0,0.103085,0.054375,1.012857,0.208717
matmul_384x128x512,6119.0,2.973937,2.851517,3.777143,0.206946,2.799777,2.668661,3.008482,0.101022,0.008571,0.008571,0.008572,0.0,0.104652,0.054375,1.042858,0.21524
matmul_384x128x640,7649.0,3.366,3.221428,4.082857,0.196406,3.200188,3.038482,3.468572,0.119025,0.008571,0.008571,0.008572,0.0,0.10171,0.054375,0.98,0.201494
matmul_384x128x768,9179.0,3.748201,3.608571,4.807143,0.261603,3.577862,3.485715,3.765804,0.10362,0.008571,0.008571,0.008572,0.0,0.104518,0.054375,1.044286,0.215598
matmul_384x128x896,10709.0,4.05571,3.94,4.997053,0.22892,3.877067,3.757142,4.107142,0.085329,0.008571,0.008571,0.008572,0.0,0.110987,0.054375,1.168571,0.242627
matmul_384x128x1024,12239.0,4.509848,4.357142,5.49,0.258585,4.327134,4.188482,4.65,0.134696,0.008571,0.008571,0.008572,0.0,0.114509,0.054375,1.241429,0.258534
matmul_384x256x128,1913.0,2.235348,2.177232,2.847143,0.151333,2.074121,2.031428,2.257054,0.061243,0.008571,0.008571,0.008572,0.0,0.090223,0.054375,0.757054,0.152983
matmul_384x256x256,3827.0,2.838804,2.777053,3.505714,0.163085,2.67613,2.637143,2.868482,0.055365,0.008571,0.008571,0.008572,0.0,0.093009,0.054375,0.810089,0.164511
matmul_384x256x384,5741.0,3.455197,3.352857,4.442768,0.24017,3.293652,3.234286,3.451429,0.081423,0.008571,0.008571,0.008572,0.0,0.102638,0.054375,1.004286,0.206853
matmul_384x256x512,7655.0,4.029553,3.924196,4.705625,0.176932,3.868286,3.790089,4.042858,0.086995,0.008571,0.008571,0.008572,0.0,0.095237,0.054375,0.857232,0.174815
matmul_384x256x640,9569.0,4.546067,4.452767,5.341428,0.202603,4.375085,4.305804,4.637232,0.089207,0.008571,0.008571,0.008572,0.0,0.101281,0.054375,0.977143,0.200937
matmul_384x256x768,11483.0,5.157781,5.05,6.042857,0.225252,4.990192,4.918571,5.248572,0.09985,0.008572,0.008571,0.008572,0.0,0.10542,0.054375,1.057233,0.218362
matmul_384x256x896,13397.0,5.644509,5.557143,6.638571,0.239429,5.470348,5.417143,5.677053,0.070721,0.008571,0.008571,0.008572,0.0,0.110768,0.054375,1.162768,0.241346
matmul_384x256x1024,15311.0,7.23621,7.107054,8.562768,0.317752,7.04642,6.984375,7.267143,0.095579,0.008571,0.008571,0.008572,0.0,0.128228,0.054375,1.515714,0.318312
matmul_384x384x128,2297.0,2.792286,2.720089,3.155715,0.116371,2.645424,2.508572,2.840089,0.091846,0.008571,0.008571,0.008572,0.0,0.081411,0.054375,0.577053,0.11371
matmul_384x384x256,4595.0,3.619143,3.472857,4.051429,0.134335,3.470571,3.305625,3.637232,0.104524,0.008572,0.008571,0.008572,0.0,0.085786,0.054375,0.668483,0.133681
matmul_384x384x384,6893.0,4.375737,4.252857,4.921428,0.165459,4.221567,4.074286,4.43,0.119492,0.008571,0.008571,0.008572,0.0,0.091621,0.054375,0.779911,0.157905
matmul_384x384x512,9191.0,5.146576,5.008661,6.015714,0.222184,4.988862,4.895625,5.224285,0.108174,0.008572,0.008571,0.008572,0.0,0.095857,0.054375,0.867232,0.176966
matmul_384x384x640,11489.0,5.894062,5.720089,6.875625,0.252159,5.728147,5.618482,5.977232,0.120756,0.008571,0.008571,0.008572,0.0,0.10029,0.054375,0.957143,0.196576
matmul_384x384x768,13787.0,6.441563,6.26009,7.615625,0.298596,6.259862,6.067053,6.521429,0.133657,0.008572,0.008571,0.008572,0.0,0.125433,0.054375,1.46,0.306171
matmul_384x384x896,16085.0,9.027768,8.84,10.188572,0.297878,8.882174,8.748572,9.21,0.137274,0.008571,0.008571,0.008572,0.0,0.108857,0.054375,1.13,0.234267
matmul_384x384x1024,18383.0,8.319902,8.105714,9.294196,0.273036,8.166375,7.965714,8.552768,0.163515,0.008571,0.008571,0.008572,0.0,0.116937,0.054375,1.291428,0.269447
matmul_384x512x128,3063.0,3.081768,3.0,3.47,0.116034,2.931094,2.812767,3.090089,0.080537,0.008571,0.008571,0.008572,0.0,0.081835,0.054375,0.585625,0.115579
matmul_384x512x256,6127.0,3.486,3.388661,4.031518,0.158404,3.332277,3.245714,3.541428,0.095047,0.008572,0.008571,0.008572,0.0,0.088942,0.054375,0.732857,0.147726
matmul_384x512x384,9191.0,4.254786,4.181429,4.968482,0.177634,4.09029,4.044286,4.275715,0.071084,0.008571,0.008571,0.008572,0.0,0.095455,0.054375,0.862947,0.176076
matmul_384x512x512,12255.0,5.092264,4.967143,6.247143,0.281381,4.907759,4.848482,5.141339,0.089997,0.008572,0.008571,0.008572,0.0,0.119308,0.054375,1.338482,0.279698
matmul_384x512x640,15319.0,5.961156,5.811339,7.218661,0.303478,5.767419,5.678571,5.94,0.10108,0.008572,0.008571,0.008572,0.0,0.12658,0.054375,1.48,0.310496
matmul_384x512x768,18383.0,6.748879,6.607143,8.025714,0.308006,6.559009,6.482946,6.741429,0.095074,0.008572,0.008571,0.008572,0.0,0.126563,0.054375,1.481339,0.310808
matmul_384x512x896,21447.0,7.54158,7.391428,9.082857,0.366212,7.333067,7.25009,7.557143,0.097356,0.008571,0.008571,0.008572,0.0,0.141143,0.054375,1.771518,0.374034
matmul_384x512x1024,24511.0,8.349594,8.20009,9.582946,0.313402,8.153183,8.05,8.484285,0.134652,0.008571,0.008571,0.008572,0.0,0.125871,0.054375,1.465714,0.307382
matmul_384x640x128,3829.0,3.37642,3.294285,3.85,0.134502,3.228197,3.144285,3.397143,0.081152,0.008572,0.008571,0.008572,0.0,0.084656,0.054375,0.644196,0.128369
matmul_384x640x256,7659.0,4.216509,4.108661,4.848661,0.17228,4.06279,3.994196,4.224285,0.0884,0.008571,0.008571,0.008572,0.0,0.09237,0.054375,0.798661,0.162035
matmul_384x640x384,11489.0,5.090705,4.977143,6.167143,0.262593,4.917486,4.841339,5.120089,0.090043,0.008571,0.008571,0.008572,0.0,0.115281,0.054375,1.254197,0.261286
matmul_384x640x512,15319.0,5.937005,5.794286,7.111429,0.287473,5.755496,5.674286,5.947143,0.102349,0.008572,0.008571,0.008572,0.0,0.109339,0.054375,1.134196,0.235119
matmul_384x640x640,19149.0,7.046134,6.924197,8.462946,0.334109,6.856937,6.78,7.111429,0.098692,0.008571,0.008571,0.008572,0.0,0.115795,0.054375,1.267232,0.264159
matmul_384x640x768,22979.0,8.041219,7.922947,9.457232,0.332813,7.850576,7.797054,8.031339,0.083941,0.008572,0.008571,0.008572,0.0,0.122594,0.054375,1.404375,0.294061
matmul_384x640x896,26809.0,8.866433,8.741518,10.228571,0.32289,8.673576,8.591428,8.877232,0.079509,0.008571,0.008571,0.008572,0.0,0.131504,0.054375,1.581518,0.332656
matmul_384x640x1024,30639.0,9.778277,9.522947,11.582857,0.43654,9.559938,9.427054,9.867232,0.140426,0.008571,0.008571,0.008572,0.0,0.157018,0.054375,2.094197,0.44442
matmul_384x768x128,4595.0,3.721272,3.67,4.255625,0.13473,3.567732,3.525715,3.767054,0.051551,0.008571,0.008571,0.008572,0.0,0.085571,0.054375,0.664286,0.132768
matmul_384x768x256,9191.0,4.581719,4.5,5.5,0.221768,4.418121,4.372768,4.578661,0.079624,0.008572,0.008571,0.008572,0.0,0.095781,0.054375,0.864286,0.176308
matmul_384x768x384,13787.0,5.94021,5.824196,6.807053,0.215934,5.775491,5.691429,5.945804,0.084257,0.008571,0.008571,0.008572,0.0,0.105411,0.054375,1.055714,0.218015
matmul_384x768x512,18383.0,6.756728,6.655714,7.824286,0.256227,6.578567,6.52134,6.774375,0.074795,0.008571,0.008571,0.008572,0.0,0.114692,0.054375,1.241339,0.258471
matmul_384x768x640,22979.0,8.105504,7.961429,9.301429,0.294258,7.913062,7.818571,8.142857,0.114232,0.008571,0.008571,0.008572,0.0,0.123415,0.054375,1.415625,0.296454
matmul_384x768x768,27575.0,8.933647,8.798572,10.597143,0.391768,8.728629,8.682857,8.974285,0.084213,0.008572,0.008571,0.008572,0.0,0.145,0.054375,1.849911,0.391134
matmul_384x768x896,32171.0,10.28617,10.077233,12.098572,0.433176,10.062915,9.944375,10.32134,0.121609,0.008571,0.008571,0.008572,0.0,0.157562,0.054375,2.097142,0.44497
matmul_384x768x1024,36767.0,16.130737,15.982946,18.235714,0.48724,15.901915,15.837142,16.065625,0.066843,0.008571,0.008571,0.008572,0.0,0.168045,0.054375,2.305714,0.490415
matmul_384x896x128,5361.0,4.015005,3.968572,4.574285,0.134227,3.859071,3.828572,4.031428,0.043812,0.008572,0.008571,0.008572,0.0,0.08708,0.054375,0.692768,0.138956
matmul_384x896x256,10723.0,5.379071,5.321339,6.167233,0.183937,5.21392,5.167053,5.341429,0.036206,0.008571,0.008571,0.008572,0.0,0.099442,0.054375,0.942768,0.193473
matmul_384x896x384,16085.0,6.591571,6.478571,7.59,0.244305,6.408518,6.344286,6.604375,0.089899,0.008571,0.008571,0.008572,0.0,0.110991,0.054375,1.171428,0.243282
matmul_384x896x512,21447.0,7.537562,7.442857,8.757142,0.28721,7.359518,7.331429,7.55134,0.061482,0.008571,0.008571,0.008572,0.0,0.120866,0.054375,1.370089,0.286592
matmul_384x896x640,26809.0,8.972098,8.804286,10.480089,0.358151,8.776286,8.685803,8.927143,0.090331,0.008571,0.008571,0.008572,0.0,0.131982,0.054375,1.587143,0.333837
matmul_384x896x768,32171.0,14.442424,14.255625,16.214375,0.42101,14.241714,14.161518,14.464196,0.110676,0.008571,0.008571,0.008572,0.0,0.141571,0.054375,1.78,0.375882
matmul_384x896x896,37533.0,16.637692,16.457233,18.734197,0.490828,16.401866,16.304375,16.611339,0.103024,0.008572,0.008571,0.008572,0.0,0.170522,0.054375,2.362947,0.502977
matmul_384x896x1024,42895.0,18.433339,18.201518,20.664286,0.523122,18.188942,18.094285,18.414197,0.103999,0.008571,0.008571,0.008572,0.0,0.176513,0.054375,2.484375,0.52946
matmul_384x1024x128,6127.0,4.396344,4.301339,5.022946,0.16737,4.239277,4.174286,4.405714,0.086753,0.008571,0.008571,0.008572,0.0,0.089295,0.054375,0.737143,0.148628
matmul_384x1024x256,12255.0,5.689415,5.621429,6.531429,0.201773,5.524161,5.477143,5.772857,0.060592,0.008571,0.008571,0.008572,0.0,0.101446,0.054375,0.982857,0.20221
matmul_384x1024x384,18383.0,7.092973,6.989911,8.172946,0.25656,6.916924,6.848572,7.118482,0.070752,0.008571,0.008571,0.008572,0.0,0.115442,0.054375,1.262768,0.263215
matmul_384x1024x512,24511.0,9.384817,9.245804,10.58,0.292782,9.189938,9.024286,9.452947,0.113837,0.008572,0.008571,0.008572,0.0,0.126424,0.054375,1.478661,0.310225
matmul_384x1024x640,30639.0,10.959147,10.757143,12.737232,0.426929,10.735763,10.572857,11.01,0.135862,0.008571,0.008571,0.008572,0.0,0.157362,0.054375,2.097143,0.445017
matmul_384x1024x768,36767.0,12.472107,12.27,14.351429,0.445994,12.253687,12.14,12.512857,0.118066,0.008571,0.008571,0.008572,0.0,0.152464,0.055625,1.991429,0.421887
matmul_384x1024x896,42895.0,18.486371,18.28,20.662858,0.510932,18.247437,18.145625,18.448661,0.111038,0.008571,0.008571,0.008572,0.0,0.17479,0.054375,2.448571,0.521641
matmul_384x1024x1024,49023.0,20.717585,20.485715,23.207232,0.583278,20.459429,20.362857,20.687142,0.121284,0.008572,0.008571,0.008572,0.0,0.188473,0.054375,2.717143,0.580117
matmul_512x128x128,2039.0,1.95892,1.860089,2.39,0.132548,1.808357,1.637143,1.981339,0.104558,0.008571,0.008571,0.008572,0.0,0.085522,0.054375,0.662857,0.132451
matmul_512x128x256,4079.0,2.408143,2.320089,3.297053,0.215966,2.238987,2.198572,2.427143,0.071116,0.008571,0.008571,0.008572,0.0,0.100156,0.054375,0.954286,0.195952
matmul_512x128x384,6119.0,2.889263,2.775714,3.775804,0.219772,2.719853,2.630089,2.882857,0.087428,0.008571,0.008571,0.008572,0.0,0.105527,0.054375,1.065715,0.220283
matmul_512x128x512,8159.0,3.299915,3.208661,4.09,0.192899,3.128576,3.037232,3.315715,0.070851,0.008572,0.008571,0.008572,0.0,0.102009,0.054375,0.992768,0.204355
matmul_512x128x640,10199.0,3.829138,3.652857,4.834285,0.258176,3.654366,3.527054,3.914375,0.120322,0.008571,0.008571,0.008572,0.0,0.108281,0.054375,1.115803,0.231142
matmul_512x128x768,12239.0,4.234563,4.092857,5.237143,0.253009,4.051714,3.911339,4.3,0.107939,0.008572,0.008571,0.008572,0.0,0.114223,0.054375,1.237053,0.257596
matmul_512x128x896,14279.0,4.691094,4.48,6.205714,0.364241,4.487987,4.319911,4.654196,0.118742,0.008571,0.008571,0.008572,0.0,0.143786,0.054375,1.824286,0.385534
matmul_512x128x1024,16319.0,5.09642,4.977143,6.334285,0.293933,4.902978,4.789911,5.141429,0.084619,0.008571,0.008571,0.008572,0.0,0.126513,0.054375,1.481428,0.310839
matmul_512x256x128,2551.0,2.546428,2.505714,3.052946,0.12037,2.392871,2.352946,2.502857,0.028834,0.008571,0.008571,0.008572,0.0,0.082804,0.054375,0.608571,0.120621
matmul_512x256x256,5103.0,3.31863,3.25,3.918571,0.155655,3.156237,3.107232,3.355714,0.075221,0.008571,0.008571,0.008572,0.0,0.089674,0.054375,0.750089,0.151511
matmul_512x256x384,7655.0,4.018152,3.947143,4.737142,0.177064,3.860009,3.821518,4.035625,0.063404,0.008571,0.008571,0.008572,0.0,0.095567,0.054375,0.86,0.175374
matmul_512x256x512,10207.0,4.798451,4.654375,5.761428,0.239914,4.62792,4.537143,4.747143,0.087815,0.008571,0.008571,0.008572,0.0,0.101696,0.054375,0.982857,0.202153
matmul_512x256x640,12759.0,5.403853,5.297143,6.400089,0.241401,5.227138,5.171428,5.411518,0.077568,0.008571,0.008571,0.008572,0.0,0.11121,0.054375,1.172946,0.24358
matmul_512x256x768,15311.0,6.203692,6.051429,7.405715,0.294711,6.023701,5.92991,6.202857,0.104692,0.008571,0.008571,0.008572,0.0,0.115,0.054375,1.24991,0.260367
matmul_512x256x896,17863.0,7.538848,7.414196,8.691518,0.28135,7.359558,7.287053,7.572767,0.098342,0.008571,0.008571,0.008572,0.0,0.11987,0.054375,1.35,0.282212
matmul_512x256x1024,20415.0,8.484862,8.295804,9.714286,0.312241,8.29521,8.168572,8.542857,0.134344,0.008571,0.008571,0.008572,0.0,0.126759,0.054375,1.482768,0.31109
matmul_512x384x128,3063.0,3.1755,3.117232,3.585715,0.114391,3.023375,2.902768,3.187232,0.07602,0.008572,0.008571,0.008572,0.0,0.081995,0.054375,0.591339,0.116853
matmul_512x384x256,6127.0,4.043344,3.92,4.537054,0.150246,3.884018,3.724285,4.055804,0.107704,0.008571,0.008571,0.008572,0.0,0.089375,0.054375,0.741429,0.149593
matmul_512x384x384,9191.0,4.95171,4.82,5.778571,0.214056,4.775799,4.61866,4.997143,0.109172,0.008571,0.008571,0.008572,0.0,0.10671,0.054375,1.085714,0.2246
matmul_512x384x512,12255.0,5.756929,5.642768,6.501339,0.19623,5.594424,5.414286,5.908571,0.108976,0.008571,0.008571,0.008572,0.0,0.102201,0.054375,0.992857,0.204331
matmul_512x384x640,15319.0,8.256223,8.131429,9.088483,0.213586,8.08,7.885715,8.354375,0.106617,0.008572,0.008571,0.008572,0.0,0.108049,0.054375,1.108571,0.229536
matmul_512x384x768,18383.0,7.111491,6.944286,8.43,0.315341,6.909004,6.72,7.154285,0.094492,0.008571,0.008571,0.008572,0.0,0.133223,0.054375,1.617143,0.340435
matmul_512x384x896,21447.0,8.359933,8.085714,9.677053,0.326619,8.177692,7.965715,8.355804,0.125524,0.008571,0.008571,0.008572,0.0,0.1215,0.054375,1.377232,0.288085
matmul_512x384x1024,24511.0,8.740076,8.51866,10.065715,0.3361,8.55133,8.405715,8.845714,0.14757,0.008571,0.008571,0.008572,0.0,0.126491,0.054375,1.477143,0.309861
matmul_512x512x128,3575.0,3.548062,3.508572,4.025714,0.118143,3.40329,3.374375,3.568571,0.038306,0.008572,0.008571,0.008572,0.0,0.082,0.054375,0.589911,0.116524
matmul_512x512x256,7151.0,4.485723,4.417142,5.117143,0.16062,4.334799,4.295714,4.552857,0.07003,0.008572,0.008571,0.008572,0.0,0.090125,0.054375,0.751428,0.151714
matmul_512x512x384,10727.0,5.469129,5.365714,6.455714,0.238607,5.306308,5.242947,5.531518,0.092159,0.008572,0.008571,0.008572,0.0,0.095924,0.054375,0.868571,0.177258
matmul_512x512x512,14303.0,27.462429,7.008482,414.191518,88.721981,6.949741,6.881518,7.155715,0.090394,0.008219,0.001518,0.008572,0.001537,0.101594,0.044285,1.0,0.206122
matmul_512x512x640,17879.0,8.270344,8.137053,9.431518,0.284377,8.095201,8.02,8.297142,0.104393,0.008571,0.008571,0.008572,0.0,0.108237,0.054375,1.117143,0.23146
matmul_512x512x768,21455.0,9.473643,9.304375,10.464197,0.260103,9.292848,9.172946,9.545714,0.130033,0.008571,0.008571,0.008572,0.0,0.114138,0.054375,1.231517,0.256345
matmul_512x512x896,25031.0,10.572924,10.394286,11.677143,0.286614,10.387303,10.267232,10.62,0.13288,0.008572,0.008571,0.008572,0.0,0.120116,0.054375,1.351518,0.282504
matmul_512x512x1024,28607.0,11.815147,11.604285,13.287232,0.36539,11.625857,11.487143,11.87009,0.142558,0.008572,0.008571,0.008572,0.0,0.125844,0.054375,1.467054,0.307695
matmul_512x640x128,4469.0,4.025933,3.95,4.711429,0.172707,3.878634,3.832857,4.051428,0.077988,0.008571,0.008571,0.008572,0.0,0.08367,0.054375,0.625715,0.124355
matmul_512x640x256,8939.0,5.027924,4.932858,5.639911,0.163204,4.868741,4.771518,5.011518,0.086758,0.008571,0.008571,0.008572,0.0,0.092487,0.054375,0.801429,0.162644
matmul_512x640x384,13409.0,5.929277,5.834375,6.922947,0.239475,5.753938,5.70009,5.927143,0.079076,0.008571,0.008571,0.008572,0.0,0.110888,0.054375,1.171429,0.243306
matmul_512x640x512,17879.0,6.944205,6.787054,8.257142,0.314561,6.746937,6.625714,6.927232,0.095438,0.008571,0.008571,0.008572,0.0,0.130995,0.054375,1.571428,0.330458
matmul_512x640x640,22349.0,8.271594,8.162857,9.352857,0.259163,8.085714,8.025715,8.274286,0.07602,0.008572,0.008571,0.008572,0.0,0.116058,0.054375,1.27,0.264733
matmul_512x640x768,26819.0,9.240491,9.10866,10.452768,0.295023,9.05029,8.971428,9.288571,0.097563,0.008572,0.008571,0.008572,0.0,0.123156,0.054375,1.417143,0.296862
matmul_512x640x896,31289.0,13.726638,13.495625,15.371429,0.403109,13.525768,13.367232,13.772768,0.148553,0.008571,0.008571,0.008572,0.0,0.130866,0.054375,1.568483,0.329813
matmul_512x640x1024,35759.0,15.177152,14.975625,16.647143,0.358749,14.972366,14.851518,15.184197,0.123841,0.008572,0.008571,0.008572,0.0,0.139607,0.054375,1.738483,0.366808
matmul_512x768x128,5363.0,4.48521,4.412768,4.994286,0.137306,4.331299,4.272857,4.501339,0.078897,0.008572,0.008571,0.008572,0.0,0.085652,0.054375,0.665715,0.133077
matmul_512x768x256,10727.0,5.442375,5.34866,6.157143,0.182305,5.279424,5.194286,5.454375,0.087455,0.008571,0.008571,0.008572,0.0,0.096982,0.054375,0.887143,0.181276
matmul_512x768x384,16091.0,6.921688,6.797142,7.981429,0.260445,6.750366,6.678482,6.944375,0.097294,0.008572,0.008571,0.008572,0.0,0.105893,0.054375,1.072946,0.221858
matmul_512x768x512,21455.0,7.909125,7.768571,8.93,0.256323,7.730219,7.628571,7.894286,0.102684,0.008571,0.008571,0.008572,0.0,0.114326,0.054375,1.242857,0.258904
matmul_512x768x640,26819.0,9.398768,9.19,10.834285,0.349502,9.20742,9.070089,9.381429,0.117755,0.008571,0.008571,0.008572,0.0,0.123598,0.054375,1.425714,0.298727
matmul_512x768x768,32183.0,13.859504,13.728571,15.261339,0.333937,13.658491,13.591517,13.887143,0.091399,0.008571,0.008571,0.008572,0.0,0.132973,0.054375,1.607143,0.338198
matmul_512x768x896,37547.0,15.945915,15.751428,17.828571,0.444591,15.712214,15.565714,15.950089,0.11871,0.008571,0.008571,0.008572,0.0,0.16088,0.054375,2.17,0.460924
matmul_512x768x1024,42911.0,17.594643,17.357232,19.681518,0.493013,17.354585,17.235625,17.615804,0.118261,0.008571,0.008571,0.008572,0.0,0.171777,0.054375,2.388482,0.508547
matmul_512x896x128,6257.0,4.903616,4.788482,5.412857,0.154939,4.7465,4.637053,4.911428,0.104063,0.008571,0.008571,0.008572,0.0,0.088241,0.054375,0.718571,0.144609
matmul_512x896x256,12515.0,6.330995,6.252857,7.091429,0.188707,6.159714,6.108571,6.38991,0.07621,0.008571,0.008571,0.008572,0.0,0.09892,0.054375,0.927142,0.190008
matmul_512x896x384,18773.0,7.850272,7.712857,9.014196,0.281634,7.677339,7.59,7.841428,0.093324,0.008571,0.008571,0.008572,0.0,0.108768,0.054375,1.122857,0.232649
matmul_512x896x512,25031.0,8.8185,8.672857,10.248572,0.336452,8.629799,8.571518,8.812947,0.081994,0.008572,0.008571,0.008572,0.0,0.120991,0.054375,1.368571,0.286215
matmul_512x896x640,31289.0,13.786317,13.627143,15.195714,0.338166,13.586004,13.5,13.762857,0.095979,0.008571,0.008571,0.008572,0.0,0.13346,0.054375,1.624375,0.34204
matmul_512x896x768,37547.0,15.885777,15.731429,17.828482,0.455361,15.664228,15.587143,15.94866,0.096574,0.008571,0.008571,0.008572,0.0,0.161018,0.054375,2.174375,0.461896
matmul_512x896x896,43805.0,17.973487,17.818572,19.902947,0.450307,17.740366,17.617143,17.972947,0.086078,0.008571,0.008571,0.008572,0.0,0.16217,0.054375,2.197143,0.466855
matmul_512x896x1024,50063.0,20.002143,19.784286,22.192857,0.519307,19.762924,19.668571,20.048571,0.125447,0.008571,0.008571,0.008572,0.0,0.174857,0.054375,2.448482,0.521606
matmul_512x1024x128,7151.0,5.274942,5.225714,5.899911,0.146741,5.121071,5.084375,5.211518,0.034174,0.008571,0.008571,0.008572,0.0,0.090201,0.054375,0.751517,0.151717
matmul_512x1024x256,14303.0,6.8585,6.735803,7.894196,0.251861,6.668933,6.584286,6.847143,0.084141,0.008571,0.008571,0.008572,0.0,0.11521,0.054375,1.254375,0.261343
matmul_512x1024x384,21455.0,9.59637,9.481429,10.580089,0.244124,9.415629,9.27991,9.7,0.102672,0.008571,0.008571,0.008572,0.0,0.114415,0.054375,1.235714,0.257244
matmul_512x1024x512,28607.0,11.410063,11.274375,12.622857,0.293112,11.213281,11.085715,11.491428,0.100472,0.008571,0.008571,0.008572,0.0,0.126223,0.054375,1.475803,0.309615
matmul_512x1024x640,35759.0,13.306415,13.14,15.071429,0.418678,13.102286,13.021339,13.418482,0.114901,0.008572,0.008571,0.008572,0.0,0.137705,0.054375,1.702947,0.359091
matmul_512x1024x768,42911.0,17.646839,17.494285,19.634286,0.461983,17.418643,17.37,17.621339,0.075667,0.008572,0.008571,0.008572,0.0,0.161933,0.054375,2.19,0.465271
matmul_512x1024x896,50063.0,20.015156,19.807054,22.217143,0.518477,19.792085,19.711428,20.062857,0.117561,0.008571,0.008571,0.008572,0.0,0.163705,0.054375,2.222947,0.472423
matmul_512x1024x1024,57215.0,22.410009,22.175804,24.592857,0.515361,22.167134,22.042857,22.431518,0.11589,0.008571,0.008571,0.008572,0.0,0.176933,0.054375,2.488572,0.530327
matmul_640x128x128,2549.0,2.112496,2.028572,2.532947,0.13123,1.957571,1.808661,2.178572,0.099134,0.008572,0.008571,0.008572,0.0,0.084496,0.054375,0.64134,0.12775
matmul_640x128x256,5099.0,2.665344,2.557232,3.365714,0.186625,2.504647,2.437143,2.765715,0.10677,0.008571,0.008571,0.008572,0.0,0.093031,0.054375,0.815714,0.165796
matmul_640x128x384,7649.0,3.205004,3.101428,4.111428,0.223052,3.035,2.972857,3.192768,0.085872,0.008571,0.008571,0.008572,0.0,0.100625,0.054375,0.960089,0.197175
matmul_640x128x512,10199.0,3.778442,3.644196,4.612768,0.209338,3.604357,3.414285,3.762857,0.095579,0.008572,0.008571,0.008572,0.0,0.108049,0.054375,1.111517,0.230212
matmul_640x128x640,12749.0,4.14913,4.052857,5.408572,0.294731,3.961072,3.931339,4.227233,0.06676,0.008571,0.008571,0.008572,0.0,0.116018,0.054375,1.274197,0.265705
matmul_640x128x768,15299.0,4.784576,4.645714,6.267143,0.351519,4.572964,4.422946,4.755804,0.099194,0.008571,0.008571,0.008572,0.0,0.140402,0.054375,1.758482,0.371214
matmul_640x128x896,17849.0,5.204692,5.028572,6.838661,0.389374,4.986804,4.861428,5.232857,0.10757,0.008571,0.008571,0.008572,0.0,0.147955,0.054375,1.915625,0.405532
matmul_640x128x1024,20399.0,5.839147,5.611428,7.45,0.386107,5.621058,5.41134,5.841428,0.125802,0.008572,0.008571,0.008572,0.0,0.150518,0.054375,1.961429,0.415452
matmul_640x256x128,3189.0,2.902639,2.834286,3.382857,0.133821,2.752089,2.682857,2.957232,0.073145,0.008572,0.008571,0.008572,0.0,0.084777,0.054375,0.645625,0.128669
matmul_640x256x256,6379.0,3.818009,3.722857,4.441428,0.165716,3.653071,3.561428,3.825714,0.087817,0.008571,0.008571,0.008572,0.0,0.092906,0.054375,0.805714,0.16353
matmul_640x256x384,9569.0,4.628683,4.522857,5.372768,0.195649,4.462991,4.371518,4.665625,0.10087,0.008571,0.008571,0.008572,0.0,0.099504,0.054375,0.941428,0.193151
matmul_640x256x512,12759.0,5.517875,5.380089,6.730089,0.295174,5.328362,5.25,5.55,0.100772,0.008571,0.008571,0.008572,0.0,0.123554,0.054375,1.42,0.297426
matmul_640x256x640,15949.0,6.771433,6.64991,7.815804,0.257617,6.586795,6.505804,6.801339,0.09602,0.008571,0.008571,0.008572,0.0,0.115406,0.054375,1.255625,0.261585
matmul_640x256x768,19139.0,7.728933,7.637053,9.007053,0.296859,7.541786,7.502858,7.68009,0.051111,0.008572,0.008571,0.008572,0.0,0.124567,0.054375,1.440089,0.301802
matmul_640x256x896,22329.0,8.629839,8.477143,10.201428,0.374569,8.434509,8.352858,8.625714,0.106722,0.008571,0.008571,0.008572,0.0,0.131062,0.054375,1.571428,0.330443
matmul_640x256x1024,25519.0,9.691585,9.511429,11.148572,0.360677,9.488027,9.381518,9.769911,0.133487,0.008571,0.008571,0.008572,0.0,0.138411,0.054375,1.715804,0.361879
matmul_640x384x128,3829.0,3.579576,3.497053,3.99009,0.120445,3.42642,3.281429,3.577232,0.086836,0.008571,0.008571,0.008572,0.0,0.083871,0.054375,0.628571,0.124964
matmul_640x384x256,7659.0,4.516156,4.411428,5.12,0.167422,4.358277,4.217142,4.564286,0.101145,0.008571,0.008571,0.008572,0.0,0.093263,0.054375,0.810089,0.164452
matmul_640x384x384,11489.0,5.453192,5.27866,6.307054,0.23998,5.28354,5.161518,5.560089,0.141355,0.008571,0.008571,0.008572,0.0,0.101272,0.054375,0.975714,0.200612
matmul_640x384x512,15319.0,7.536134,7.442858,8.434286,0.223342,7.359295,7.242946,7.679911,0.090984,0.008571,0.008571,0.008572,0.0,0.108504,0.054375,1.121339,0.232361
matmul_640x384x640,19149.0,8.880205,8.698482,10.158482,0.314618,8.701848,8.582768,8.937053,0.122753,0.008571,0.008571,0.008572,0.0,0.116245,0.054375,1.278572,0.266657
matmul_640x384x768,22979.0,7.836996,7.711518,9.107143,0.300441,7.640513,7.482946,7.888571,0.082964,0.008572,0.008571,0.008572,0.0,0.129058,0.054375,1.529911,0.321378
matmul_640x384x896,26809.0,11.479924,11.260089,12.945714,0.359513,11.281433,11.14134,11.475715,0.125468,0.008572,0.008571,0.008572,0.0,0.13021,0.054375,1.555625,0.327013
matmul_640x384x1024,30639.0,9.533915,9.348571,11.042857,0.36279,9.330228,9.151428,9.631429,0.118812,0.008572,0.008571,0.008572,0.0,0.142496,0.054375,1.801428,0.380586
matmul_640x512x128,4469.0,4.140781,4.051429,4.612768,0.14097,3.995223,3.907143,4.195714,0.09435,0.008572,0.008571,0.008572,0.0,0.084214,0.054375,0.634375,0.126217
matmul_640x512x256,8939.0,5.199223,5.088483,5.838572,0.178514,5.039286,4.960089,5.287053,0.104495,0.008572,0.008571,0.008572,0.0,0.093768,0.054375,0.822857,0.167265
matmul_640x512x384,13409.0,6.791268,6.652767,7.685714,0.229716,6.624786,6.53,6.8,0.104445,0.008571,0.008571,0.008572,0.0,0.100513,0.054375,0.962768,0.197816
matmul_640x512x512,17879.0,7.963643,7.88,9.122858,0.274206,7.787491,7.755714,8.054197,0.071335,0.008571,0.008571,0.008572,0.0,0.108437,0.054375,1.118661,0.231762
matmul_640x512x640,22349.0,9.281786,9.14,10.537143,0.305689,9.09958,9.012768,9.311429,0.106119,0.008571,0.008571,0.008572,0.0,0.116054,0.054375,1.27,0.264734
matmul_640x512x768,26819.0,10.613371,10.465714,11.817143,0.301369,10.427147,10.340089,10.731429,0.119559,0.008572,0.008571,0.008572,0.0,0.123616,0.054375,1.42,0.297411
matmul_640x512x896,31289.0,11.85287,11.677143,13.395804,0.377418,11.64508,11.532947,11.95,0.13396,0.008571,0.008571,0.008572,0.0,0.141723,0.054375,1.788571,0.377813
matmul_640x512x1024,35759.0,13.246567,13.044285,14.724375,0.361312,13.040013,12.912858,13.238572,0.124317,0.008571,0.008571,0.008572,0.0,0.139995,0.054375,1.751428,0.369688
matmul_640x640x128,5109.0,5.051125,4.964285,5.474375,0.128461,4.904509,4.755714,5.122947,0.095191,0.008572,0.008571,0.008572,0.0,0.083527,0.054375,0.625714,0.124388
matmul_640x640x256,10219.0,6.286357,6.177232,7.028572,0.195875,6.117772,5.99,6.368572,0.102708,0.008571,0.008571,0.008572,0.0,0.100933,0.054375,0.968571,0.199051
matmul_640x640x384,15329.0,9.119844,8.974196,10.012768,0.234282,8.949634,8.851517,9.174286,0.114294,0.008572,0.008571,0.008572,0.0,0.10146,0.054375,0.982947,0.202228
matmul_640x640x512,20439.0,10.007339,9.822857,11.27,0.314591,9.843799,9.731429,10.068571,0.125106,0.008572,0.008571,0.008572,0.0,0.127134,0.054375,1.494286,0.313647
matmul_640x640x640,25549.0,11.654563,11.482857,12.905714,0.313832,11.502576,11.391429,11.751429,0.128839,0.008571,0.008571,0.008572,0.0,0.115455,0.054375,1.265625,0.263868
matmul_640x640x768,30659.0,13.222138,13.044286,14.865714,0.392906,13.063272,12.954196,13.421428,0.137735,0.008572,0.008571,0.008572,0.0,0.122804,0.054375,1.408571,0.294976
matmul_640x640x896,35769.0,14.780143,14.56991,16.378572,0.38825,14.601558,14.478572,14.865714,0.128636,0.008571,0.008571,0.008572,0.0,0.14258,0.054375,1.802857,0.380894
matmul_640x640x1024,40879.0,13.768067,13.611428,15.31,0.365516,13.552589,13.377143,13.837053,0.102651,0.008572,0.008571,0.008572,0.0,0.1445,0.054375,1.84,0.388975
matmul_640x768x128,6131.0,5.206536,5.13134,5.719911,0.138009,5.050375,4.974375,5.214285,0.078298,0.008571,0.008571,0.008572,0.0,0.086464,0.054375,0.687142,0.137806
matmul_640x768x256,12263.0,6.284857,6.185714,7.077143,0.198932,6.121987,6.057233,6.345625,0.086578,0.008571,0.008571,0.008572,0.0,0.095996,0.054375,0.867232,0.176935
matmul_640x768x384,18395.0,7.881165,7.761429,8.728571,0.216554,7.706558,7.612768,7.914375,0.093424,0.008571,0.008571,0.008572,0.0,0.105196,0.054375,1.05134,0.217061
matmul_640x768x512,24527.0,8.942799,8.812768,10.207232,0.303948,8.749933,8.687233,8.988571,0.085809,0.008572,0.008571,0.008572,0.0,0.124214,0.054375,1.434286,0.300552
matmul_640x768x640,30659.0,13.310781,13.14,14.78,0.359525,13.118862,13.019911,13.371429,0.126302,0.008572,0.008571,0.008572,0.0,0.123817,0.054375,1.43009,0.29968
matmul_640x768x768,36791.0,14.993504,14.830089,16.697142,0.40844,14.781071,14.70866,15.085625,0.11448,0.008572,0.008571,0.008572,0.0,0.149018,0.054375,1.932857,0.409241
matmul_640x768x896,42923.0,17.222937,17.032857,19.03,0.429312,17.006942,16.905714,17.242857,0.117518,0.008571,0.008571,0.008572,0.0,0.15604,0.054375,2.068571,0.438765
matmul_640x768x1024,49055.0,18.914004,18.681428,20.968482,0.492665,18.679928,18.582768,18.965803,0.134005,0.008571,0.008571,0.008572,0.0,0.166634,0.054375,2.28009,0.48486
matmul_640x896x128,7153.0,5.707924,5.612857,6.459911,0.191933,5.545915,5.481339,5.734286,0.0837,0.008571,0.008571,0.008572,0.0,0.098576,0.054375,0.92,0.188448
matmul_640x896x256,14307.0,7.286991,7.202947,8.051429,0.188586,7.125205,7.062857,7.271429,0.064911,0.008572,0.008571,0.008572,0.0,0.098585,0.054375,0.924196,0.189409
matmul_640x896x384,21461.0,8.947656,8.801339,10.131518,0.285624,8.762991,8.65,8.958661,0.093239,0.008572,0.008571,0.008572,0.0,0.123,0.054375,1.408572,0.294931
matmul_640x896x512,28615.0,12.579567,12.441429,13.964197,0.331536,12.393629,12.317143,12.618482,0.100313,0.008571,0.008571,0.008572,0.0,0.120777,0.054375,1.364285,0.285281
matmul_640x896x640,35769.0,14.926438,14.764375,16.641518,0.40888,14.710937,14.642946,14.998571,0.114351,0.008572,0.008571,0.008572,0.0,0.148772,0.054375,1.924196,0.40731
matmul_640x896x768,42923.0,17.264272,17.084285,19.062857,0.427923,17.033357,16.871428,17.264196,0.116111,0.008571,0.008571,0.008572,0.0,0.157174,0.054375,2.097233,0.44508
matmul_640x896x896,50077.0,19.427263,19.23134,21.411428,0.467061,19.210429,19.128571,19.481518,0.113045,0.008571,0.008571,0.008572,0.0,0.151433,0.054375,1.982768,0.420138
matmul_640x896x1024,57231.0,21.402482,21.21,23.601339,0.518373,21.175491,21.082768,21.468572,0.121918,0.008571,0.008571,0.008572,0.0,0.162246,0.054375,2.198571,0.467166
matmul_640x1024x128,8175.0,6.247638,6.148571,6.808661,0.155482,6.097987,6.014196,6.265714,0.08458,0.008571,0.008571,0.008572,0.0,0.089022,0.054375,0.732857,0.147707
matmul_640x1024x256,16351.0,7.851223,7.767232,8.752857,0.213295,7.679509,7.641517,7.832947,0.050781,0.008572,0.008571,0.008572,0.0,0.103786,0.054375,1.027232,0.211854
matmul_640x1024x384,24527.0,11.385415,11.204197,12.532857,0.288053,11.197295,11.007053,11.474286,0.129576,0.008572,0.008571,0.008572,0.0,0.125214,0.054375,1.454196,0.30489
matmul_640x1024x512,32703.0,13.531504,13.334285,14.907142,0.343375,13.338509,13.208482,13.655715,0.136858,0.008572,0.008571,0.008572,0.0,0.127509,0.054375,1.501517,0.31522
matmul_640x1024x640,40879.0,16.589938,16.381429,18.22,0.391554,16.381589,16.257143,16.564286,0.113204,0.008572,0.008571,0.008572,0.0,0.139482,0.054375,1.74,0.367184
matmul_640x1024x768,49055.0,19.064562,18.851518,20.752857,0.408141,18.838714,18.698572,19.065714,0.131976,0.008571,0.008571,0.008572,0.0,0.152,0.054375,1.991429,0.421994
matmul_640x1024x896,57231.0,21.562304,21.304286,23.664286,0.499927,21.326058,21.177143,21.634286,0.136428,0.008571,0.008571,0.008572,0.0,0.173786,0.054375,2.424286,0.5163
matmul_640x1024x1024,65407.0,23.959469,23.742857,26.52991,0.601897,23.686513,23.579911,24.032947,0.133865,0.008572,0.008571,0.008572,0.0,0.195098,0.054375,2.857143,0.610715
matmul_768x128x128,3059.0,2.279571,2.194196,2.722768,0.134346,2.12279,1.972857,2.327233,0.096365,0.008571,0.008571,0.008572,0.0,0.085518,0.054375,0.662946,0.132473
matmul_768x128x256,6119.0,2.891143,2.825715,3.562857,0.164015,2.727536,2.614375,2.89009,0.066978,0.008572,0.008571,0.008572,0.0,0.095371,0.054375,0.86,0.175419
matmul_768x128x384,9179.0,3.476701,3.382857,4.311339,0.206241,3.305081,3.152946,3.484375,0.086696,0.008571,0.008571,0.008572,0.0,0.105643,0.054375,1.062946,0.219621
matmul_768x128x512,12239.0,4.067072,3.952858,5.288571,0.29257,3.881505,3.821339,4.102858,0.090965,0.008571,0.008571,0.008572,0.0,0.114375,0.054375,1.241518,0.258585
matmul_768x128x640,15299.0,4.644938,4.537143,5.799911,0.27215,4.450549,4.299911,4.642857,0.070091,0.008572,0.008571,0.008572,0.0,0.123054,0.054375,1.408571,0.294918
matmul_768x128x768,18359.0,5.255312,5.080089,6.585803,0.32219,5.055429,4.925804,5.257054,0.113759,0.008571,0.008571,0.008572,0.0,0.132344,0.054375,1.594285,0.335393
matmul_768x128x896,21419.0,5.77471,5.615804,7.584286,0.423175,5.563415,5.484286,5.757143,0.091905,0.008571,0.008571,0.008572,0.0,0.141201,0.054375,1.774286,0.374656
matmul_768x128x1024,24479.0,7.332772,7.148482,8.994285,0.399288,7.112098,6.917143,7.322947,0.126423,0.008572,0.008571,0.008572,0.0,0.152844,0.054375,2.007143,0.425406
matmul_768x256x128,3827.0,3.248585,3.158661,4.24,0.239674,3.075946,3.031518,3.327054,0.081985,0.008571,0.008571,0.008572,0.0,0.100786,0.054375,0.964375,0.198122
matmul_768x256x256,7655.0,4.290129,4.192768,5.254196,0.234245,4.126009,4.06991,4.325714,0.082076,0.008571,0.008571,0.008572,0.0,0.108518,0.054375,1.125714,0.233362
matmul_768x256x384,11483.0,5.230273,5.124286,6.092858,0.218613,5.054357,4.982857,5.29,0.092987,0.008572,0.008571,0.008572,0.0,0.105,0.054375,1.05009,0.216819
matmul_768x256x512,15311.0,6.248357,6.127053,7.448661,0.287158,6.05758,5.978482,6.235714,0.085874,0.008571,0.008571,0.008572,0.0,0.122862,0.054375,1.41,0.29529
matmul_768x256x640,19139.0,7.575772,7.454286,9.088483,0.353827,7.385098,7.331428,7.601428,0.084734,0.008571,0.008571,0.008572,0.0,0.123085,0.054375,1.415714,0.29655
matmul_768x256x768,22967.0,8.729272,8.58866,10.285625,0.367087,8.52458,8.472767,8.721339,0.083899,0.008571,0.008571,0.008572,0.0,0.139594,0.054375,1.745714,0.36847
matmul_768x256x896,26795.0,9.732433,9.538571,11.545714,0.429322,9.512303,9.401429,9.691428,0.109635,0.008572,0.008571,0.008572,0.0,0.156567,0.054375,2.081429,0.441594
matmul_768x256x1024,30623.0,10.919933,10.734286,12.784197,0.439379,10.701625,10.608661,10.925625,0.101408,0.008572,0.008571,0.008572,0.0,0.15079,0.054375,1.965714,0.416373
matmul_768x384x128,4595.0,3.929643,3.827232,4.365715,0.139728,3.775013,3.652768,3.994375,0.105689,0.008571,0.008571,0.008572,0.0,0.085504,0.054375,0.662767,0.132435
matmul_768x384x256,9191.0,4.996576,4.862857,5.597143,0.173599,4.830929,4.668482,5.001518,0.109621,0.008571,0.008571,0.008572,0.0,0.095634,0.054375,0.862767,0.175993
matmul_768x384x384,13787.0,6.005272,5.874286,6.965714,0.247675,5.832728,5.745714,6.091429,0.119647,0.008571,0.008571,0.008572,0.0,0.105085,0.054375,1.052946,0.217455
matmul_768x384x512,18383.0,8.120835,7.982857,9.167053,0.257682,7.938647,7.847054,8.114286,0.09659,0.008571,0.008571,0.008572,0.0,0.113437,0.054375,1.221428,0.254191
matmul_768x384x640,22979.0,9.519705,9.352857,11.008572,0.359984,9.311281,9.118572,9.591517,0.129875,0.008571,0.008571,0.008572,0.0,0.143795,0.054375,1.828572,0.386515
matmul_768x384x768,27575.0,10.865768,10.711428,12.531518,0.394982,10.6685,10.587143,10.902768,0.109499,0.008571,0.008571,0.008572,0.0,0.13154,0.054375,1.587143,0.333939
matmul_768x384x896,32171.0,12.169938,11.977142,13.660089,0.364613,11.95842,11.784286,12.227143,0.130944,0.008572,0.008571,0.008572,0.0,0.143067,0.054375,1.810089,0.382441
matmul_768x384x1024,36767.0,10.43471,10.248661,12.162768,0.40815,10.218995,10.06,10.527054,0.111775,0.008571,0.008571,0.008572,0.0,0.152857,0.054375,2.008572,0.425731
matmul_768x512x128,5363.0,4.648125,4.571429,5.191428,0.140035,4.493196,4.437054,4.632767,0.066663,0.008571,0.008571,0.008572,0.0,0.086585,0.054375,0.682768,0.136775
matmul_768x512x256,10727.0,5.832924,5.757232,6.575715,0.179406,5.67392,5.631428,5.838661,0.062436,0.008571,0.008571,0.008572,0.0,0.096862,0.054375,0.887053,0.181283
matmul_768x512x384,16091.0,7.504433,7.405714,8.425714,0.228047,7.332246,7.287143,7.568571,0.085176,0.008571,0.008571,0.008572,0.0,0.105719,0.054375,1.067054,0.220546
matmul_768x512x512,21455.0,8.93996,8.798571,10.151339,0.295009,8.756915,8.674286,8.997232,0.09548,0.008572,0.008571,0.008572,0.0,0.114482,0.054375,1.234375,0.256921
matmul_768x512x640,26819.0,10.327384,10.18009,11.521518,0.293331,10.139763,10.047143,10.351429,0.112826,0.008572,0.008571,0.008572,0.0,0.123429,0.054375,1.417143,0.296799
matmul_768x512x768,32183.0,13.133835,12.982857,14.52,0.334233,12.938795,12.857143,13.164375,0.106743,0.008571,0.008571,0.008572,0.0,0.132085,0.054375,1.595714,0.33578
matmul_768x512x896,37547.0,13.142241,12.965803,14.998482,0.439851,12.917906,12.835625,13.235803,0.112544,0.008571,0.008571,0.008572,0.0,0.158049,0.054375,2.105715,0.446825
matmul_768x512x1024,42911.0,14.689223,14.500089,16.522857,0.431674,14.474929,14.385715,14.691428,0.099285,0.008571,0.008571,0.008572,0.0,0.150496,0.054375,1.958661,0.414822
matmul_768x640x128,6131.0,5.610938,5.501429,6.208572,0.16564,5.455906,5.384196,5.635625,0.093937,0.008572,0.008571,0.008572,0.0,0.085714,0.054375,0.661518,0.132099
matmul_768x640x256,12263.0,7.786652,7.662857,8.378572,0.168198,7.630857,7.458661,7.831429,0.109643,0.008571,0.008571,0.008572,0.0,0.095567,0.054375,0.861518,0.175722
matmul_768x640x384,18395.0,9.774844,9.658571,10.564286,0.210897,9.600732,9.445714,9.872857,0.10832,0.008572,0.008571,0.008572,0.0,0.105201,0.054375,1.054285,0.217736
matmul_768x640x512,24527.0,11.775272,11.608571,12.962947,0.290347,11.586513,11.394196,11.767233,0.112213,0.008571,0.008571,0.008572,0.0,0.127063,0.054375,1.492857,0.313335
matmul_768x640x640,30659.0,14.591272,14.405625,16.097143,0.369509,14.414237,14.3,14.682947,0.133712,0.008571,0.008571,0.008572,0.0,0.14037,0.054375,1.761428,0.371897
matmul_768x640x768,36791.0,16.787013,16.548571,18.255804,0.367654,16.618764,16.457143,16.892768,0.147178,0.008571,0.008571,0.008572,0.0,0.132237,0.054375,1.598482,0.33638
matmul_768x640x896,42923.0,16.299598,16.082947,18.04866,0.425023,16.121987,15.992768,16.49,0.142432,0.008572,0.008571,0.008572,0.0,0.141773,0.054375,1.782857,0.376491
matmul_768x640x1024,49055.0,15.151353,14.937143,17.025715,0.443965,14.926237,14.737053,15.160089,0.124467,0.008571,0.008571,0.008572,0.0,0.162094,0.054375,2.197142,0.466873
matmul_768x768x128,6899.0,6.108589,6.06,6.67,0.136595,5.956049,5.932857,6.122946,0.044879,0.008571,0.008571,0.008572,0.0,0.085987,0.054375,0.667053,0.133307
matmul_768x768x256,13799.0,7.76125,7.655714,8.462946,0.190502,7.603,7.537054,7.792768,0.09912,0.008572,0.008571,0.008572,0.0,0.096188,0.054375,0.87,0.177525
matmul_768x768x384,20699.0,9.628924,9.48134,10.451518,0.218663,9.45629,9.345714,9.735714,0.110636,0.008571,0.008571,0.008572,0.0,0.10458,0.054375,1.044286,0.215584
matmul_768x768x512,27599.0,11.343723,11.198571,12.627232,0.31293,11.14538,11.055715,11.384196,0.105652,0.008572,0.008571,0.008572,0.0,0.127978,0.054375,1.509911,0.317038
matmul_768x768x640,34499.0,14.890205,14.694286,16.389911,0.376025,14.70192,14.574285,15.032768,0.158921,0.008572,0.008571,0.008572,0.0,0.12371,0.054375,1.422857,0.298045
matmul_768x768x768,41399.0,17.054085,16.872768,18.472768,0.342727,16.850277,16.751429,17.064196,0.106763,0.008571,0.008571,0.008572,0.0,0.134853,0.054375,1.645804,0.346636
matmul_768x768x896,48299.0,16.702107,16.504286,18.577053,0.442795,16.493304,16.392767,16.711518,0.115047,0.008571,0.008571,0.008572,0.0,0.141902,0.054375,1.795714,0.379411
matmul_768x768x1024,55199.0,26.405496,26.168571,28.35,0.46222,26.173031,25.985715,26.362857,0.130198,0.008572,0.008571,0.008572,0.0,0.166063,0.054375,2.272946,0.483353
matmul_768x896x128,8049.0,6.555451,6.455714,7.108572,0.153576,6.405576,6.328482,6.562857,0.087648,0.008571,0.008571,0.008572,0.0,0.087902,0.054375,0.705714,0.141737
matmul_768x896x256,16099.0,8.276379,8.178571,9.174375,0.217586,8.107014,8.045714,8.289911,0.078015,0.008571,0.008571,0.008572,0.0,0.099098,0.054375,0.928571,0.190295
matmul_768x896x384,24149.0,11.509853,11.349911,12.647143,0.276711,11.323156,11.152857,11.495803,0.09699,0.008571,0.008571,0.008572,0.0,0.122505,0.054375,1.401518,0.293426
matmul_768x896x512,32199.0,13.581446,13.444286,14.971428,0.331303,13.389071,13.314375,13.608571,0.097256,0.008571,0.008571,0.008572,0.0,0.120536,0.054375,1.355625,0.283349
matmul_768x896x640,40249.0,16.075018,15.908661,17.657143,0.380604,15.882924,15.782946,16.114375,0.115144,0.008571,0.008571,0.008572,0.0,0.132335,0.054375,1.592946,0.335087
matmul_768x896x768,48299.0,18.482705,18.29,20.392767,0.454056,18.253143,18.164286,18.562857,0.123608,0.008572,0.008571,0.008572,0.0,0.160612,0.054375,2.17,0.460986
matmul_768x896x896,56349.0,20.774156,20.578661,22.714286,0.461036,20.554804,20.464286,20.814286,0.120412,0.008571,0.008571,0.008572,0.0,0.152402,0.054375,1.995715,0.422885
matmul_768x896x1024,64399.0,22.808862,22.634286,25.047053,0.519415,22.56558,22.502857,22.767233,0.077026,0.008571,0.008571,0.008572,0.0,0.176692,0.054375,2.482857,0.529071
matmul_768x1024x128,9199.0,7.166714,7.098661,7.928571,0.181571,7.002219,6.95,7.21,0.051997,0.008571,0.008571,0.008572,0.0,0.097911,0.054375,0.907143,0.185651
matmul_768x1024x256,18399.0,10.652951,10.482858,11.62,0.243799,10.464496,10.228572,10.647054,0.11607,0.008572,0.008571,0.008572,0.0,0.117487,0.054375,1.297232,0.270653
matmul_768x1024x384,27599.0,13.118518,12.907232,14.505625,0.346839,12.936259,12.798572,13.182857,0.15157,0.008571,0.008571,0.008572,0.0,0.11413,0.054375,1.228572,0.255671
matmul_768x1024x512,36799.0,15.211228,15.037054,16.448482,0.309384,15.02521,14.917143,15.282768,0.12307,0.008571,0.008571,0.008572,0.0,0.12621,0.054375,1.472857,0.308943
matmul_768x1024x640,45999.0,17.810567,17.611428,19.567143,0.418555,17.608286,17.497142,17.835714,0.118036,0.008572,0.008571,0.008572,0.0,0.138728,0.054375,1.727143,0.364408
matmul_768x1024x768,55199.0,20.311009,20.18134,22.078661,0.410351,20.096415,20.04,20.309911,0.073957,0.008571,0.008571,0.008572,0.0,0.151353,0.054375,1.974286,0.41821
matmul_768x1024x896,64399.0,23.000781,22.741518,25.21991,0.524971,22.769299,22.642946,22.995715,0.122689,0.008571,0.008571,0.008572,0.0,0.178482,0.054375,2.518571,0.536854
matmul_768x1024x1024,73599.0,25.536362,25.331518,27.838572,0.535117,25.294054,25.215625,25.514285,0.090386,0.008571,0.008571,0.008572,0.0,0.179942,0.054375,2.551339,0.544036
matmul_896x128x128,3569.0,2.439643,2.35991,3.11,0.164678,2.275072,2.134286,2.454286,0.072241,0.008571,0.008571,0.008572,0.0,0.096795,0.054375,0.887143,0.181319
matmul_896x128x256,7139.0,3.14533,3.037054,4.114286,0.23724,2.963147,2.868571,3.162857,0.086776,0.008572,0.008571,0.008572,0.0,0.111174,0.054375,1.18,0.245206
matmul_896x128x384,10709.0,3.787138,3.654285,4.930089,0.277797,3.597214,3.442768,3.762857,0.102693,0.008571,0.008571,0.008572,0.0,0.122585,0.054375,1.405625,0.29435
matmul_896x128x512,14279.0,4.450862,4.302857,5.788482,0.321487,4.248223,4.104375,4.511339,0.103795,0.008571,0.008571,0.008572,0.0,0.133219,0.054375,1.614375,0.339801
matmul_896x128x640,17849.0,5.071848,4.891518,6.598571,0.364326,4.862768,4.695804,5.048571,0.109501,0.008571,0.008571,0.008572,0.0,0.143737,0.054375,1.827232,0.386221
matmul_896x128x768,21419.0,5.769714,5.591429,7.611518,0.436673,5.544424,5.401428,5.802858,0.113672,0.008571,0.008571,0.008572,0.0,0.159995,0.054375,2.150089,0.456559
matmul_896x128x896,24989.0,7.167504,6.96,9.162857,0.470113,6.93608,6.744375,7.145714,0.116535,0.008571,0.008571,0.008572,0.0,0.170214,0.054375,2.354286,0.501061
matmul_896x128x1024,28559.0,7.977567,7.804375,10.247053,0.525278,7.733496,7.588572,7.969911,0.082398,0.008572,0.008571,0.008572,0.0,0.180522,0.054375,2.564286,0.546873
matmul_896x256x128,4465.0,3.556219,3.491339,4.394286,0.195233,3.390862,3.345625,3.491339,0.036149,0.008571,0.008571,0.008572,0.0,0.10208,0.054375,0.994286,0.204687
matmul_896x256x256,8931.0,4.759777,4.661429,5.514197,0.196096,4.595357,4.522768,4.815715,0.091929,0.008572,0.008571,0.008572,0.0,0.09954,0.054375,0.937143,0.19216
matmul_896x256x384,13397.0,5.833143,5.722857,6.799911,0.238188,5.653161,5.58,5.848661,0.089266,0.008571,0.008571,0.008572,0.0,0.110179,0.054375,1.152857,0.239207
matmul_896x256x512,17863.0,7.239661,7.152857,8.434286,0.277653,7.051018,7.015804,7.212857,0.046366,0.008572,0.008571,0.008572,0.0,0.120286,0.054375,1.355804,0.283448
matmul_896x256x640,22329.0,8.431643,8.254197,10.23,0.425552,8.205853,8.122768,8.417053,0.099244,0.008571,0.008571,0.008572,0.0,0.154857,0.054375,2.048482,0.434428
matmul_896x256x768,26795.0,9.75704,9.561518,11.270089,0.36396,9.551103,9.441518,9.742946,0.112536,0.008571,0.008571,0.008572,0.0,0.141264,0.054375,1.774286,0.374641
matmul_896x256x896,31261.0,10.761286,10.598661,12.821428,0.479824,10.528857,10.46,10.76,0.090193,0.008572,0.008571,0.008572,0.0,0.16758,0.054375,2.302768,0.489846
matmul_896x256x1024,35727.0,12.127844,11.942857,14.341429,0.515468,11.882585,11.811429,12.068661,0.08966,0.008571,0.008571,0.008572,0.0,0.175585,0.054375,2.464286,0.525064
matmul_896x384x128,5361.0,4.279299,4.2,4.92,0.168316,4.116371,3.972768,4.305803,0.088844,0.008571,0.008571,0.008572,0.0,0.095455,0.054375,0.854286,0.174088
matmul_896x384x256,10723.0,5.459348,5.298661,6.388572,0.244082,5.288648,5.13134,5.501339,0.124444,0.008572,0.008571,0.008572,0.0,0.11179,0.054375,1.187143,0.246704
matmul_896x384x384,16085.0,7.288054,7.137142,8.37134,0.273717,7.103219,6.929911,7.344375,0.128952,0.008571,0.008571,0.008572,0.0,0.121246,0.054375,1.38,0.288779
matmul_896x384x512,21447.0,8.697665,8.534286,9.714285,0.273316,8.514286,8.322857,8.875715,0.153155,0.008572,0.008571,0.008572,0.0,0.119201,0.054375,1.331428,0.278104
matmul_896x384x640,26809.0,10.146647,9.932946,11.701428,0.389164,9.939567,9.821428,10.342947,0.158952,0.008572,0.008571,0.008572,0.0,0.142723,0.054375,1.807054,0.381824
matmul_896x384x768,32171.0,11.577857,11.371518,13.452768,0.445051,11.349924,11.182947,11.604196,0.121435,0.008572,0.008571,0.008572,0.0,0.16279,0.054375,2.204286,0.468352
matmul_896x384x896,37533.0,13.016348,12.774286,14.972858,0.463136,12.779406,12.522857,12.991429,0.125655,0.008571,0.008571,0.008572,0.0,0.170424,0.054375,2.357053,0.501647
matmul_896x384x1024,42895.0,11.296576,11.071429,13.402857,0.498758,11.065125,10.96,11.262858,0.120796,0.008571,0.008571,0.008572,0.0,0.163701,0.054375,2.221429,0.472075
matmul_896x512x128,6257.0,5.163433,5.108571,5.714375,0.133422,5.010924,4.962857,5.171339,0.043848,0.008571,0.008571,0.008572,0.0,0.087085,0.054375,0.694286,0.139303
matmul_896x512x256,12515.0,6.635563,6.538482,7.625625,0.239217,6.458125,6.417143,6.658482,0.071035,0.008572,0.008571,0.008572,0.0,0.109982,0.054375,1.144285,0.237286
matmul_896x512x384,18773.0,8.31808,8.174285,9.625625,0.31523,8.132433,8.052947,8.325714,0.098862,0.008572,0.008571,0.008572,0.0,0.128339,0.054375,1.514375,0.317979
matmul_896x512x512,25031.0,9.804942,9.642858,11.252857,0.348571,9.606853,9.522858,9.812857,0.104676,0.008571,0.008571,0.008572,0.0,0.136125,0.054375,1.671339,0.352203
matmul_896x512x640,31289.0,11.358996,11.174196,12.907054,0.377347,11.161723,11.058571,11.424286,0.126001,0.008571,0.008571,0.008572,0.0,0.13079,0.054375,1.565803,0.329215
matmul_896x512x768,37547.0,14.492862,14.295714,16.338482,0.441866,14.274647,14.175714,14.531428,0.12763,0.008571,0.008571,0.008572,0.0,0.158045,0.054375,2.107143,0.447154
matmul_896x512x896,43805.0,14.515777,14.24,16.405804,0.454856,14.285647,14.118482,14.498572,0.142518,0.008571,0.008571,0.008572,0.0,0.163933,0.054375,2.232857,0.474644
matmul_896x512x1024,50063.0,20.683656,20.457143,22.96,0.539857,20.433352,20.335625,20.68,0.13628,0.008571,0.008571,0.008572,0.0,0.180138,0.054375,2.554197,0.544647
matmul_896x640x128,7153.0,6.124062,6.04009,6.611518,0.143988,5.9785,5.842768,6.217232,0.098381,0.008571,0.008571,0.008572,0.0,0.086857,0.054375,0.687143,0.137716
matmul_896x640x256,14307.0,8.373688,8.282857,9.028482,0.171383,8.205504,8.018571,8.415714,0.095489,0.008572,0.008571,0.008572,0.0,0.098442,0.054375,0.921428,0.188807
matmul_896x640x384,21461.0,10.469558,10.301429,11.662858,0.297483,10.292933,10.194375,10.562857,0.124689,0.008572,0.008571,0.008572,0.0,0.110138,0.054375,1.154285,0.239544
matmul_896x640x512,28615.0,12.514201,12.364286,13.919911,0.344387,12.323621,12.238482,12.622768,0.127248,0.008571,0.008571,0.008572,0.0,0.120875,0.054375,1.365803,0.285607
matmul_896x640x640,35769.0,14.734799,14.545714,16.194375,0.358597,14.523375,14.331428,14.77,0.133612,0.008571,0.008571,0.008572,0.0,0.140875,0.054375,1.770089,0.373768
matmul_896x640x768,42923.0,18.194696,17.945715,19.885714,0.408621,18.016304,17.854286,18.238572,0.128685,0.008571,0.008571,0.008572,0.0,0.141799,0.054375,1.788661,0.377817
matmul_896x640x896,50077.0,17.805214,17.562858,19.64,0.447817,17.610576,17.471429,17.974286,0.155404,0.008572,0.008571,0.008572,0.0,0.158362,0.054375,2.117232,0.449396
matmul_896x640x1024,57231.0,16.548911,16.308482,18.779911,0.529358,16.306438,16.144196,16.581339,0.145418,0.008572,0.008571,0.008572,0.0,0.180572,0.054375,2.562857,0.546534
matmul_896x768x128,8049.0,6.880518,6.791339,7.661517,0.192475,6.724049,6.661429,6.895715,0.073712,0.008571,0.008571,0.008572,0.0,0.089004,0.054375,0.728571,0.146728
matmul_896x768x256,16099.0,8.567786,8.454196,9.314286,0.201722,8.41192,8.332947,8.652857,0.107192,0.008571,0.008571,0.008572,0.0,0.09837,0.054375,0.918572,0.188168
matmul_896x768x384,24149.0,10.550737,10.438572,11.70991,0.277646,10.37721,10.327143,10.622946,0.084346,0.008572,0.008571,0.008572,0.0,0.111786,0.054375,1.182946,0.245742
matmul_896x768x512,32199.0,12.443937,12.292946,13.901428,0.35035,12.255719,12.171429,12.545714,0.113208,0.008571,0.008571,0.008572,0.0,0.120629,0.054375,1.362768,0.284967
matmul_896x768x640,40249.0,16.271513,16.050089,17.545714,0.318661,16.074848,15.918571,16.314285,0.128385,0.008572,0.008571,0.008572,0.0,0.130973,0.054375,1.565714,0.329152
matmul_896x768x768,48299.0,18.494799,18.327054,20.29009,0.422022,18.288509,18.208572,18.495715,0.098407,0.008571,0.008571,0.008572,0.0,0.142143,0.054375,1.795625,0.379335
matmul_896x768x896,56349.0,18.268138,18.037143,20.277232,0.477868,18.033219,17.918571,18.225804,0.123459,0.008571,0.008571,0.008572,0.0,0.16712,0.054375,2.291429,0.48735
matmul_896x768x1024,64399.0,29.935862,29.744375,31.938482,0.47117,29.71571,29.642947,29.94134,0.106751,0.008571,0.008571,0.008572,0.0,0.163067,0.054375,2.21,0.469599
matmul_896x896x128,8945.0,8.189031,8.032947,8.811518,0.180401,8.040777,7.904286,8.208572,0.120655,0.008571,0.008571,0.008572,0.0,0.088982,0.054375,0.724375,0.14577
matmul_896x896x256,17891.0,10.887509,10.751428,11.652858,0.198269,10.726205,10.632857,10.912857,0.095935,0.008572,0.008571,0.008572,0.0,0.09908,0.054375,0.931429,0.190955
matmul_896x896x384,26837.0,13.784138,13.530089,14.868571,0.278274,13.594357,13.377142,13.771339,0.133222,0.008571,0.008571,0.008572,0.0,0.123692,0.054375,1.422857,0.298049
matmul_896x896x512,35783.0,16.666647,16.47009,18.035804,0.340107,16.498915,16.378572,16.834286,0.131632,0.008572,0.008571,0.008572,0.0,0.131728,0.054375,1.585625,0.333548
matmul_896x896x640,44729.0,21.532272,21.305714,23.204375,0.406616,21.36592,21.214285,21.612768,0.146438,0.008571,0.008571,0.008572,0.0,0.130228,0.054375,1.557054,0.327337
matmul_896x896x768,53675.0,23.638201,23.442858,25.384375,0.420623,23.448598,23.337143,23.777143,0.130571,0.008571,0.008571,0.008572,0.0,0.15287,0.054375,2.011428,0.426383
matmul_896x896x896,62621.0,23.443772,23.101518,25.487053,0.494927,23.233,23.008571,23.484286,0.166605,0.008571,0.008571,0.008572,0.0,0.174446,0.054375,2.441428,0.520082
matmul_896x896x1024,71567.0,26.150353,25.881429,28.288661,0.509866,25.937214,25.764196,26.188661,0.144308,0.008571,0.008571,0.008572,0.0,0.176804,0.054375,2.49,0.530684
matmul_896x1024x128,10223.0,8.134585,8.005803,9.034286,0.22505,7.965148,7.882857,8.122768,0.090166,0.008572,0.008571,0.008572,0.0,0.100924,0.054375,0.967054,0.198705
matmul_896x1024x256,20447.0,11.985871,11.851518,13.034286,0.252469,11.814054,11.724196,12.02,0.089832,0.008572,0.008571,0.008572,0.0,0.101996,0.054375,0.985804,0.20276
matmul_896x1024x384,30671.0,13.587424,13.44991,14.848571,0.309166,13.402134,13.341518,13.824196,0.113576,0.008572,0.008571,0.008572,0.0,0.124312,0.054375,1.439911,0.30182
matmul_896x1024x512,40895.0,16.410638,16.218482,17.932858,0.368972,16.220741,16.101518,16.391339,0.119473,0.008571,0.008571,0.008572,0.0,0.126723,0.054375,1.482768,0.311099
matmul_896x1024x640,51119.0,19.136192,18.887143,20.96,0.440779,18.912147,18.761429,19.167143,0.138284,0.008572,0.008571,0.008572,0.0,0.158375,0.054375,2.121428,0.450356
matmul_896x1024x768,61343.0,21.741652,21.561518,23.587232,0.438852,21.52858,21.457143,21.797053,0.116155,0.008572,0.008571,0.008572,0.0,0.150366,0.054375,1.96,0.415159
matmul_896x1024x896,71567.0,24.586549,24.3,26.699911,0.505402,24.345527,24.155804,24.615715,0.14783,0.008572,0.008571,0.008572,0.0,0.176228,0.054375,2.477232,0.527887
matmul_896x1024x1024,81791.0,27.247402,26.984375,29.60991,0.559734,26.991415,26.852768,27.237143,0.142921,0.008572,0.008571,0.008572,0.0,0.187098,0.054375,2.697143,0.575844
matmul_1024x128x128,4079.0,2.593005,2.52009,3.357143,0.184529,2.436013,2.394286,2.59,0.06687,0.008571,0.008571,0.008572,0.0,0.089125,0.054375,0.73,0.147028
matmul_1024x128x256,8159.0,3.353482,3.258572,4.211429,0.208784,3.188406,3.144196,3.345714,0.071566,0.008571,0.008571,0.008572,0.0,0.101237,0.054375,0.977143,0.200948
matmul_1024x128x384,12239.0,4.100482,3.958571,5.091518,0.246972,3.919861,3.791429,4.068571,0.104709,0.008571,0.008571,0.008572,0.0,0.114607,0.054375,1.248572,0.26015
matmul_1024x128x512,16319.0,4.856004,4.725714,6.488572,0.383244,4.652188,4.598571,4.834286,0.088002,0.008571,0.008571,0.008572,0.0,0.137513,0.054375,1.697233,0.357825
matmul_1024x128x640,20399.0,5.481701,5.320089,7.192857,0.403652,5.259362,5.132857,5.47,0.100557,0.008571,0.008571,0.008572,0.0,0.151946,0.054375,1.991428,0.422007
matmul_1024x128x768,24479.0,6.296871,6.124375,8.198572,0.444305,6.066946,5.958572,6.247143,0.087552,0.008572,0.008571,0.008572,0.0,0.160996,0.054375,2.171429,0.461225
matmul_1024x128x896,28559.0,7.669384,7.462946,9.835715,0.507305,7.429187,7.245714,7.62,0.115582,0.008571,0.008571,0.008572,0.0,0.179192,0.054375,2.53,0.539313
matmul_1024x128x1024,32639.0,8.578862,8.402946,10.965714,0.552994,8.325915,8.228482,8.588482,0.082554,0.008571,0.008571,0.008572,0.0,0.18642,0.054375,2.675714,0.571084
matmul_1024x256x128,5103.0,3.85371,3.808571,4.634286,0.179093,3.684848,3.651428,3.691428,0.008235,0.008571,0.008571,0.008572,0.0,0.098763,0.054375,0.924286,0.189389
matmul_1024x256x256,10207.0,5.214013,5.14,6.051518,0.197792,5.049857,4.992767,5.165803,0.04916,0.008571,0.008571,0.008572,0.0,0.102495,0.054375,1.001428,0.20623
matmul_1024x256x384,15311.0,6.421165,6.324375,7.454375,0.249546,6.24213,6.177143,6.438482,0.081395,0.008571,0.008571,0.008572,0.0,0.113902,0.054375,1.222857,0.254412
matmul_1024x256x512,20415.0,7.970938,7.852857,9.244197,0.300477,7.779429,7.714286,7.96009,0.072715,0.008571,0.008571,0.008572,0.0,0.125612,0.054375,1.457232,0.305495
matmul_1024x256x640,25519.0,9.19321,9.065714,10.861339,0.389541,8.984433,8.928572,9.2,0.076975,0.008572,0.008571,0.008572,0.0,0.145714,0.054375,1.865804,0.394616
matmul_1024x256x768,30623.0,10.659643,10.514375,12.58,0.447906,10.446522,10.398482,10.674196,0.08029,0.008572,0.008571,0.008572,0.0,0.150719,0.054375,1.965714,0.416389
matmul_1024x256x896,35727.0,12.748839,12.560089,15.107143,0.548804,12.494915,12.418571,12.731428,0.090245,0.008571,0.008571,0.008572,0.0,0.183955,0.054375,2.632767,0.561796
matmul_1024x256x1024,40831.0,13.369375,13.152857,15.858572,0.582047,13.113353,13.021429,13.367143,0.108914,0.008572,0.008571,0.008572,0.0,0.19133,0.054375,2.772767,0.592222
matmul_1024x384x128,6127.0,4.690504,4.577143,5.195715,0.152784,4.537143,4.395715,4.73,0.110524,0.008571,0.008571,0.008572,0.0,0.089496,0.054375,0.741339,0.149544
matmul_1024x384x256,12255.0,5.870049,5.771429,6.997142,0.269299,5.676803,5.568571,5.974286,0.079097,0.008571,0.008571,0.008572,0.0,0.120134,0.054375,1.354196,0.283114
matmul_1024x384x384,18383.0,7.770942,7.61866,8.797233,0.258463,7.59142,7.452857,7.828571,0.113793,0.008571,0.008571,0.008572,0.0,0.115196,0.054375,1.251429,0.26067
matmul_1024x384x512,24511.0,9.280933,9.081518,10.807143,0.368893,9.065996,8.854286,9.288572,0.128292,0.008571,0.008571,0.008572,0.0,0.146572,0.054375,1.881518,0.398024
matmul_1024x384x640,30639.0,10.737482,10.6,12.282857,0.362679,10.527156,10.391339,10.76,0.084962,0.008572,0.008571,0.008572,0.0,0.14358,0.054375,1.825714,0.385908
matmul_1024x384x768,36767.0,12.334429,12.115804,14.20134,0.447702,12.103009,11.905625,12.32,0.137117,0.008571,0.008571,0.008572,0.0,0.163518,0.054375,2.225714,0.473101
matmul_1024x384x896,42895.0,13.798228,13.504285,15.991429,0.517768,13.576263,13.379911,13.798482,0.131865,0.008572,0.008571,0.008572,0.0,0.163085,0.054375,2.21134,0.469902
matmul_1024x384x1024,49023.0,12.217705,11.967143,14.612857,0.564768,11.972286,11.861428,12.218482,0.135381,0.008571,0.008571,0.008572,0.0,0.184661,0.054375,2.645625,0.564584
matmul_1024x512x128,7151.0,5.722924,5.644286,6.319911,0.15285,5.572442,5.505714,5.698571,0.067391,0.008571,0.008571,0.008572,0.0,0.090152,0.054375,0.755715,0.152692
matmul_1024x512x256,14303.0,8.289799,7.14,27.591429,4.435362,7.098402,7.027053,7.295625,0.095994,0.008281,0.002768,0.008572,0.001265,0.101219,0.044375,0.982857,0.202277
matmul_1024x512x384,21455.0,9.050415,8.918482,10.297143,0.296716,8.872554,8.794286,9.054286,0.086382,0.008571,0.008571,0.008572,0.0,0.114031,0.054375,1.234197,0.256984
matmul_1024x512x512,28607.0,10.688625,10.532946,12.418571,0.412579,10.472451,10.402947,10.747232,0.11416,0.008571,0.008571,0.008572,0.0,0.149728,0.054375,1.949911,0.412991
matmul_1024x512x640,35759.0,12.318924,12.185714,13.925714,0.378206,12.112848,12.054285,12.298572,0.084672,0.008571,0.008571,0.008572,0.0,0.143281,0.054375,1.815625,0.383662
matmul_1024x512x768,42911.0,15.588429,15.382768,17.492768,0.45096,15.359803,15.252946,15.594375,0.114478,0.008571,0.008571,0.008572,0.0,0.161496,0.054375,2.18009,0.463098
matmul_1024x512x896,50063.0,17.403553,17.174285,19.65,0.53188,17.15813,17.047143,17.394286,0.129017,0.008571,0.008571,0.008572,0.0,0.174589,0.054375,2.444196,0.520684
matmul_1024x512x1024,57215.0,23.097076,22.884197,25.564286,0.576245,22.848201,22.771339,23.094286,0.112407,0.008572,0.008571,0.008572,0.0,0.188344,0.054375,2.714286,0.579491
matmul_1024x640x128,8175.0,6.775277,6.677054,7.278482,0.144513,6.620348,6.467143,6.817143,0.095301,0.008572,0.008571,0.008572,0.0,0.088652,0.054375,0.724286,0.145826
matmul_1024x640x256,16351.0,9.000134,8.835625,9.834286,0.227509,8.829946,8.707232,9.074286,0.126794,0.008571,0.008571,0.008572,0.0,0.101232,0.054375,0.98,0.201604
matmul_1024x640x384,24527.0,11.169428,11.018571,12.108661,0.243407,10.993281,10.775625,11.234375,0.128216,0.008572,0.008571,0.008572,0.0,0.114563,0.054375,1.241429,0.258522
matmul_1024x640x512,32703.0,13.293116,13.148482,14.865625,0.369145,13.084803,12.914196,13.351429,0.091481,0.008571,0.008571,0.008572,0.0,0.145531,0.054375,1.868571,0.395293
matmul_1024x640x640,40879.0,15.51242,15.282947,17.041428,0.3752,15.300509,15.112946,15.562857,0.138118,0.008571,0.008571,0.008572,0.0,0.145665,0.054375,1.867232,0.394955
matmul_1024x640x768,49055.0,19.483853,19.230089,21.392768,0.463637,19.297647,19.138571,19.577143,0.154036,0.008572,0.008571,0.008572,0.0,0.149799,0.054375,1.948661,0.412688
matmul_1024x640x896,57231.0,29.26371,29.027232,31.58,0.547329,29.040795,28.862768,29.404285,0.137282,0.008571,0.008571,0.008572,0.0,0.186571,0.054375,2.682768,0.572667
matmul_1024x640x1024,65407.0,33.353929,33.158482,35.704286,0.548416,33.132647,33.015803,33.431429,0.10349,0.008572,0.008571,0.008572,0.0,0.185268,0.054375,2.651428,0.565776
matmul_1024x768x128,9199.0,7.355585,7.221339,8.151518,0.202773,7.191647,7.085625,7.331518,0.095073,0.008571,0.008571,0.008572,0.0,0.103,0.054375,1.01,0.208081
matmul_1024x768x256,18399.0,9.379522,9.254286,10.474196,0.267019,9.199915,9.134286,9.397143,0.093823,0.008571,0.008571,0.008572,0.0,0.115969,0.054375,1.264286,0.263442
matmul_1024x768x384,27599.0,11.53113,11.394197,12.582946,0.266525,11.348486,11.238571,11.561518,0.112806,0.008572,0.008571,0.008572,0.0,0.114893,0.054375,1.251428,0.26074
matmul_1024x768x512,36799.0,14.843201,14.711429,16.407143,0.369326,14.639375,14.571518,14.899911,0.085151,0.008572,0.008571,0.008572,0.0,0.140862,0.054375,1.771429,0.374078
matmul_1024x768x640,45999.0,17.35433,17.191429,19.125714,0.418964,17.138527,17.070089,17.482947,0.105876,0.008571,0.008571,0.008572,0.0,0.152214,0.054375,1.997143,0.423256
matmul_1024x768x768,55199.0,19.860317,19.651428,21.942768,0.490653,19.629277,19.519911,19.931517,0.11837,0.008571,0.008571,0.008572,0.0,0.17054,0.054375,2.357143,0.501641
matmul_1024x768x896,64399.0,31.490116,29.221339,70.632858,8.99196,29.189862,29.057054,29.482857,0.129245,0.008214,0.001428,0.008572,0.001557,0.163094,0.045625,2.227143,0.47353
matmul_1024x768x1024,73599.0,33.59592,33.364196,36.15,0.599161,33.335866,33.217143,33.624285,0.130529,0.008572,0.008571,0.008572,0.0,0.194415,0.054375,2.84,0.606939
matmul_1024x896x128,10223.0,8.836723,8.721429,9.371429,0.15445,8.680835,8.508571,8.861339,0.103616,0.008572,0.008571,0.008572,0.0,0.091723,0.054375,0.785625,0.159193
matmul_1024x896x256,20447.0,11.694062,11.52866,12.721339,0.265053,11.508853,11.354285,11.741339,0.13005,0.008571,0.008571,0.008572,0.0,0.117228,0.054375,1.294375,0.270057
matmul_1024x896x384,30671.0,14.581219,14.387143,15.691428,0.282881,14.398352,14.262857,14.67991,0.124961,0.008571,0.008571,0.008572,0.0,0.114428,0.054375,1.23866,0.257917
matmul_1024x896x512,40895.0,17.804294,17.665714,19.250089,0.342588,17.634482,17.574286,17.84991,0.086494,0.008571,0.008571,0.008572,0.0,0.133995,0.054375,1.628572,0.34288
matmul_1024x896x640,51119.0,22.889844,22.677143,24.805625,0.460573,22.693085,22.585714,23.02,0.139402,0.008572,0.008571,0.008572,0.0,0.16029,0.054375,2.157233,0.45813
matmul_1024x896x768,61343.0,25.907576,25.704285,28.021428,0.498462,25.699705,25.598572,25.961429,0.117819,0.008572,0.008571,0.008572,0.0,0.171991,0.054375,2.387232,0.508211
matmul_1024x896x896,71567.0,28.917335,28.678482,31.129911,0.521721,28.703661,28.587143,28.928483,0.122972,0.008571,0.008571,0.008572,0.0,0.17708,0.054375,2.494375,0.531624
matmul_1024x896x1024,81791.0,43.834072,43.592857,46.381517,0.59616,43.622594,43.502768,43.895714,0.132939,0.008572,0.008571,0.008572,0.0,0.174853,0.054375,2.449911,0.521935
matmul_1024x1024x128,11247.0,9.016415,8.911339,9.591517,0.164043,8.856839,8.778661,9.079911,0.09935,0.008571,0.008571,0.008572,0.0,0.089969,0.054375,0.752946,0.152099
matmul_1024x1024x256,22495.0,11.501397,11.365714,12.578482,0.269641,11.340652,11.247232,11.59,0.118078,0.008571,0.008571,0.008572,0.0,0.10137,0.054375,0.980089,0.201593
matmul_1024x1024x384,33743.0,15.17833,15.029911,16.188571,0.266494,15.003938,14.915625,15.254197,0.129019,0.008571,0.008571,0.008572,0.0,0.112996,0.054375,1.212857,0.252326
matmul_1024x1024x512,44991.0,31.333545,18.0,281.084197,57.297594,18.004714,17.872857,18.247143,0.140708,0.008281,0.002768,0.008572,0.001265,0.126889,0.044375,1.501518,0.315371
matmul_1024x1024x640,56239.0,23.203947,23.04,24.88,0.392783,22.995978,22.91991,23.158571,0.078249,0.008572,0.008571,0.008572,0.0,0.139134,0.054375,1.729911,0.36495
matmul_1024x1024x768,67487.0,26.043491,25.852858,28.064285,0.473583,25.812371,25.721429,26.054286,0.095906,0.008571,0.008571,0.008572,0.0,0.166152,0.054375,2.277143,0.484295
matmul_1024x1024x896,78735.0,28.969366,28.831339,31.272857,0.530402,28.746134,28.714375,29.0,0.0739,0.008571,0.008571,0.008572,0.0,0.163424,0.054375,2.215714,0.470828
matmul_1024x1024x1024,89983.0,44.108737,43.815804,46.534286,0.572142,43.866995,43.708572,44.122857,0.13642,0.008572,0.008571,0.008572,0.0,0.176268,0.054375,2.472857,0.526874
