operation_name,input_dim_0,input_dim_1,input_dim_2,size,computation_mean
relu,12926688,1,1,12926688,116.73186620000001
relu,14112041,1,1,14112041,127.40241980000003
relu,1358431,1,1,1358431,15.060151700000002
relu,8687805,1,1,8687805,80.79556260000001
relu,16305028,1,1,16305028,145.90528580000003
relu,13587335,1,1,13587335,122.66086580000001
relu,10177487,1,1,10177487,94.33199110000001
relu,15991941,1,1,15991941,143.13425900000001
relu,12014144,1,1,12014144,109.64700889999999
relu,7329722,1,1,7329722,68.2863124
relu,4673251,1,1,4673251,44.89041100000001
relu,9456909,1,1,9456909,87.76071449999999
relu,4689091,1,1,4689091,45.0030001
relu,3181993,1,1,3181993,31.7708482
relu,8405598,1,1,8405598,78.14700010000001
relu,4931207,1,1,4931207,47.239410899999996
relu,10406826,1,1,10406826,95.15452680000001
relu,3313948,1,1,3313948,33.082151599999996
relu,2474386,1,1,2474386,25.0180267
relu,11079581,1,1,11079581,101.2285622
relu,15842481,1,1,15842481,141.62425
relu,3378972,1,1,3378972,33.7644374
relu,11871268,1,1,11871268,108.4335446
relu,14568390,1,1,14568390,131.47772319999999
relu,10609801,1,1,10609801,97.0182677
relu,6861135,1,1,6861135,65.2837144
relu,16005793,1,1,16005793,143.19270519999998
relu,14854325,1,1,14854325,133.02469630000002
relu,8740672,1,1,8740672,81.1754286
relu,2089757,1,1,2089757,22.648678600000004
relu,471162,1,1,471162,6.714874999999999
relu,3129685,1,1,3129685,31.3784376
relu,13382298,1,1,13382298,120.82326780000001
relu,38347,1,1,38347,1.3799909999999997
relu,16561725,1,1,16561725,148.13869619999997
relu,11178161,1,1,11178161,102.1592679
relu,8184291,1,1,8184291,76.12686629999999
relu,10912048,1,1,10912048,99.82600880000001
relu,2113402,1,1,2113402,21.483589200000004
relu,6411148,1,1,6411148,61.1219644
relu,7439149,1,1,7439149,69.29983039999999
relu,8006622,1,1,8006622,74.5097056
relu,4781319,1,1,4781319,45.8305804
relu,15031365,1,1,15031365,134.60485690000002
relu,3060700,1,1,3060700,30.819875000000003
relu,2699314,1,1,2699314,27.2468483
relu,10739251,1,1,10739251,98.07597329999999
relu,16417741,1,1,16417741,146.9579911
relu,3659375,1,1,3659375,36.4895714
relu,10114876,1,1,10114876,93.7739911
relu,9767383,1,1,9767383,90.6026963
relu,4187953,1,1,4187953,41.6531606
relu,11165255,1,1,11165255,102.06097319999999
relu,6818323,1,1,6818323,63.6928573
relu,9652177,1,1,9652177,89.5623036
relu,14931355,1,1,14931355,133.7138572
relu,3074663,1,1,3074663,30.7692679
relu,12915140,1,1,12915140,116.63128569999999
relu,10638327,1,1,10638327,97.26384799999998
relu,8123769,1,1,8123769,75.59456249999998
relu,9741842,1,1,9741842,90.33085720000001
relu,6169611,1,1,6169611,58.9182768
relu,6354919,1,1,6354919,60.5510179
relu,6265604,1,1,6265604,59.759008900000005
relu,1106371,1,1,1106371,12.447705300000003
relu,8726039,1,1,8726039,81.10315169999998
relu,15989727,1,1,15989727,143.01140170000002
relu,2318117,1,1,2318117,23.646009
relu,3014006,1,1,3014006,30.2681339
relu,4369608,1,1,4369608,42.0126878
relu,5018077,1,1,5018077,48.102009
relu,1296596,1,1,1296596,14.499402
relu,2692687,1,1,2692687,27.065303600000004
relu,13129717,1,1,13129717,118.56214279999999
relu,9248747,1,1,9248747,85.88297329999997
relu,7902127,1,1,7902127,73.5673929
relu,7220958,1,1,7220958,68.632982
relu,14073509,1,1,14073509,126.96917859999999
relu,9234543,1,1,9234543,85.7207143
relu,15118390,1,1,15118390,135.3415802
relu,16530772,1,1,16530772,147.74686619999997
relu,11991266,1,1,11991266,109.4264553
relu,2763979,1,1,2763979,27.8372768
relu,10882536,1,1,10882536,99.42715159999999
relu,3870496,1,1,3870496,38.522009000000004
relu,16322359,1,1,16322359,146.0682766
relu,11249811,1,1,11249811,102.77601769999998
relu,6388055,1,1,6388055,60.8392588
relu,8154923,1,1,8154923,75.9234375
relu,543885,1,1,543885,7.6478751
relu,9094525,1,1,9094525,84.4882946
relu,3930375,1,1,3930375,39.0185625
relu,7397429,1,1,7397429,68.9750088
relu,12484269,1,1,12484269,113.74829459999998
relu,5720420,1,1,5720420,54.699169399999995
relu,11158062,1,1,11158062,101.96699100000001
relu,14298589,1,1,14298589,129.01369640000001
relu,2086833,1,1,2086833,22.594875100000003
relu,3375829,1,1,3375829,33.8003035
relu,4910976,1,1,4910976,47.0671695
relu,7340823,1,1,7340823,68.390134
relu,1517804,1,1,1517804,16.6895714
relu,2482924,1,1,2482924,25.1661338
relu,895796,1,1,895796,10.2348394
relu,4175639,1,1,4175639,41.4878839
relu,6325703,1,1,6325703,60.301285899999996
relu,4016314,1,1,4016314,39.946285599999996
relu,13126810,1,1,13126810,118.54812510000002
relu,3071300,1,1,3071300,30.7000177
relu,12419836,1,1,12419836,113.32957119999999
relu,3893863,1,1,3893863,38.7365893
relu,1221115,1,1,1221115,13.660580199999998
relu,726001,1,1,726001,8.5207588
relu,6529389,1,1,6529389,62.19741979999999
relu,6206629,1,1,6206629,59.1401515
relu,4157232,1,1,4157232,41.377732
relu,16080414,1,1,16080414,143.90269629999997
relu,7065776,1,1,7065776,67.1701429
relu,2049669,1,1,2049669,22.227124800000002
relu,764457,1,1,764457,9.011116099999999
relu,14281399,1,1,14281399,128.8881429
relu,3405783,1,1,3405783,33.9788304
relu,8721465,1,1,8721465,81.0047053
relu,2348955,1,1,2348955,23.8714016
relu,7409801,1,1,7409801,69.0549908
relu,2414970,1,1,2414970,24.4514375
relu,10101949,1,1,10101949,93.703277
relu,11753916,1,1,11753916,107.3304017
relu,14632036,1,1,14632036,132.0195802
relu,6050465,1,1,6050465,57.6994374
relu,2048245,1,1,2048245,22.1393035
relu,15674324,1,1,15674324,140.30514289999996
relu,1321331,1,1,1321331,14.668544800000001
relu,3386355,1,1,3386355,33.8522589
relu,13129051,1,1,13129051,118.57685729999999
relu,6689271,1,1,6689271,63.6842766
relu,8728624,1,1,8728624,81.08755349999998
relu,12031120,1,1,12031120,109.8429821
relu,15777837,1,1,15777837,141.3104107
relu,5684947,1,1,5684947,54.2842767
relu,6825465,1,1,6825465,63.723124999999996
relu,1947867,1,1,1947867,21.121455400000002
relu,5308601,1,1,5308601,50.78700919999999
relu,5434277,1,1,5434277,51.967267699999994
relu,11486103,1,1,11486103,104.90243759999998
relu,8411672,1,1,8411672,78.2043927
relu,3933011,1,1,3933011,39.17699970000001
relu,14841597,1,1,14841597,132.8569822
relu,5865969,1,1,5865969,56.0452588
relu,443045,1,1,443045,6.401294699999999
relu,15825123,1,1,15825123,141.5923304
relu,13754143,1,1,13754143,124.1354464
relu,10450394,1,1,10450394,96.85512490000002
relu,11984022,1,1,11984022,109.3805357
relu,13040670,1,1,13040670,117.72427679999998
relu,8419904,1,1,8419904,78.3366874
relu,5147679,1,1,5147679,49.2590089
relu,417294,1,1,417294,6.052259
relu,15366394,1,1,15366394,137.51086589999997
relu,2653277,1,1,2653277,26.648026800000004
relu,11271490,1,1,11271490,103.00185719999999
relu,1533320,1,1,1533320,16.8517053
relu,9424876,1,1,9424876,87.45926800000002
relu,4524400,1,1,4524400,43.4894642
relu,8057440,1,1,8057440,74.9235536
relu,16167435,1,1,16167435,144.652125
relu,11818729,1,1,11818729,107.92170529999999
relu,9659580,1,1,9659580,89.5841339
relu,12052793,1,1,12052793,109.99203580000001
relu,4440738,1,1,4440738,44.0273838
relu,10411860,1,1,10411860,96.47486610000001
relu,13019698,1,1,13019698,117.60270519999999
relu,13905561,1,1,13905561,125.3661517
relu,2708619,1,1,2708619,27.4059732
relu,51145,1,1,51145,1.5295984999999999
relu,6452838,1,1,6452838,61.486687700000004
relu,11220659,1,1,11220659,102.53798220000002
relu,5371387,1,1,5371387,51.3501338
relu,8033467,1,1,8033467,74.6934285
relu,7485921,1,1,7485921,71.0708569
relu,15036927,1,1,15036927,134.6390088
relu,12705321,1,1,12705321,114.85029460000001
relu,13905172,1,1,13905172,125.40927669999999
relu,1058491,1,1,1058491,11.964125
relu,13497844,1,1,13497844,121.84485709999998
relu,14033355,1,1,14033355,126.60486610000001
relu,1569666,1,1,1569666,17.2601698
relu,5559130,1,1,5559130,53.0942859
relu,14943540,1,1,14943540,133.8851251
relu,2143669,1,1,2143669,21.7881518
relu,8698213,1,1,8698213,80.8178571
relu,5291084,1,1,5291084,50.5596786
relu,14977515,1,1,14977515,134.1738929
relu,16349921,1,1,16349921,146.2435891
relu,2321,1,1,2321,0.9298930000000002
relu,1305610,1,1,1305610,14.453544599999997
relu,16595441,1,1,16595441,148.42174110000002
relu,10936863,1,1,10936863,99.9687232
relu,10470938,1,1,10470938,97.04300889999999
relu,15666304,1,1,15666304,140.2649909
relu,1672924,1,1,1672924,18.2356785
relu,13929701,1,1,13929701,125.71912499999999
relu,6308277,1,1,6308277,60.1911427
relu,2800690,1,1,2800690,28.182982100000004
relu,4379584,1,1,4379584,42.18115149999999
relu,494233,1,1,494233,7.017714199999999
relu,13482736,1,1,13482736,121.74830360000001
relu,14008475,1,1,14008475,126.4645802
relu,10609145,1,1,10609145,96.998
relu,113844,1,1,113844,2.3835804
relu,7164699,1,1,7164699,66.80241959999998
relu,479537,1,1,479537,6.932955199999999
relu,79107,1,1,79107,1.883848
relu,3281099,1,1,3281099,32.9103126
relu,6390775,1,1,6390775,60.8948482
relu,3989753,1,1,3989753,39.7377231
relu,6661105,1,1,6661105,63.38543759999999
relu,10147399,1,1,10147399,94.06058909999999
relu,9394662,1,1,9394662,87.17643759999999
relu,6114328,1,1,6114328,58.326285899999995
relu,3361507,1,1,3361507,33.6009822
relu,15958672,1,1,15958672,142.87474079999998
relu,13310915,1,1,13310915,120.1949909
relu,2729500,1,1,2729500,27.469187500000004
relu,733014,1,1,733014,8.542116
relu,9217867,1,1,9217867,85.6318928
relu,15199426,1,1,15199426,136.0345536
relu,3884912,1,1,3884912,38.7302499
relu,8606336,1,1,8606336,80.03727699999999
relu,4476851,1,1,4476851,43.062393
relu,11645167,1,1,11645167,106.3354554
relu,3862429,1,1,3862429,38.4837232
relu,5182152,1,1,5182152,49.54500889999999
relu,9341884,1,1,9341884,86.76269620000002
relu,623252,1,1,623252,8.5874553
relu,1419273,1,1,1419273,15.615705300000002
relu,1364434,1,1,1364434,15.184294799999998
relu,6903346,1,1,6903346,65.6481427
relu,8713059,1,1,8713059,80.96573219999999
relu,10560024,1,1,10560024,96.58030319999997
relu,12310913,1,1,12310913,112.3668394
relu,1409439,1,1,1409439,15.5699999
relu,16592186,1,1,16592186,148.4532768
relu,15390223,1,1,15390223,137.7129911
relu,14610963,1,1,14610963,131.8773928
relu,12497324,1,1,12497324,114.08314299999999
relu,5982364,1,1,5982364,57.173722999999995
relu,6974091,1,1,6974091,66.3456964
relu,12602338,1,1,12602338,113.8796875
relu,9765531,1,1,9765531,90.64191950000001
relu,298537,1,1,298537,4.6588481999999996
relu,4645845,1,1,4645845,44.5884197
relu,5067497,1,1,5067497,48.5345715
relu,9105782,1,1,9105782,84.5613123
relu,11187330,1,1,11187330,102.25555349999999
relu,11324993,1,1,11324993,103.428991
relu,12321237,1,1,12321237,112.49785709999999
relu,3144303,1,1,3144303,31.5284374
relu,11349987,1,1,11349987,103.60497340000002
relu,1196735,1,1,1196735,13.4248392
relu,1382542,1,1,1382542,15.336178600000002
relu,9047018,1,1,9047018,84.0778573
relu,5498248,1,1,5498248,52.542017699999995
relu,5013571,1,1,5013571,48.068401800000004
relu,9715044,1,1,9715044,90.10825890000001
relu,12110017,1,1,12110017,110.48816079999999
relu,13247021,1,1,13247021,119.68286600000002
relu,4350029,1,1,4350029,41.8567144
relu,9845106,1,1,9845106,91.26558940000001
relu,3855284,1,1,3855284,38.374133799999996
relu,16041189,1,1,16041189,143.53569650000003
relu,8043202,1,1,8043202,74.87611590000002
relu,1619215,1,1,1619215,17.701286
relu,10330731,1,1,10330731,95.7586785
relu,6025935,1,1,6025935,57.500294800000006
relu,2377764,1,1,2377764,24.2435805
relu,10155943,1,1,10155943,94.101259
relu,13528112,1,1,13528112,122.1068305
relu,11023326,1,1,11023326,100.8089553
relu,10040342,1,1,10040342,93.11885699999999
relu,13915749,1,1,13915749,125.6049822
relu,3645737,1,1,3645737,36.4252946
relu,3335322,1,1,3335322,33.363294599999996
relu,16145464,1,1,16145464,144.45512490000002
relu,15904957,1,1,15904957,142.31602700000002
relu,11310547,1,1,11310547,103.3764551
relu,11531035,1,1,11531035,105.3260003
relu,4171649,1,1,4171649,41.4315894
relu,16075477,1,1,16075477,143.85758919999998
relu,3892585,1,1,3892585,38.8154555
relu,16701200,1,1,16701200,149.42641079999999
relu,14312151,1,1,14312151,129.15515169999998
relu,1269176,1,1,1269176,14.115857200000002
relu,10130188,1,1,10130188,93.9514463
relu,11243484,1,1,11243484,102.63329449999999
relu,5223221,1,1,5223221,49.9194375
relu,5588698,1,1,5588698,53.44444639999999
relu,12602084,1,1,12602084,113.9714373
relu,2916611,1,1,2916611,29.281134
relu,2209046,1,1,2209046,22.443580500000003
relu,2841040,1,1,2841040,28.593874899999996
relu,6645130,1,1,6645130,61.99701760000001
relu,7417500,1,1,7417500,69.17670559999999
relu,2052061,1,1,2052061,22.207125199999997
relu,12912145,1,1,12912145,116.63958029999999
relu,263437,1,1,263437,4.230142899999999
relu,3290902,1,1,3290902,32.9325536
relu,13214003,1,1,13214003,119.322875
relu,9724773,1,1,9724773,90.2135536
relu,15050649,1,1,15050649,134.7133035
relu,16395327,1,1,16395327,146.691125
relu,7289820,1,1,7289820,67.8687143
relu,14194803,1,1,14194803,128.1653034
relu,2807273,1,1,2807273,28.1851518
relu,12359153,1,1,12359153,112.71768770000001
relu,7386601,1,1,7386601,70.22687499999999
relu,8754907,1,1,8754907,81.29657139999999
relu,5589535,1,1,5589535,53.4394108
relu,14469377,1,1,14469377,130.5535714
relu,6440606,1,1,6440606,60.10300880000001
relu,12029948,1,1,12029948,109.72112469999999
relu,3859176,1,1,3859176,38.386455299999994
relu,2142718,1,1,2142718,21.870705299999994
relu,926739,1,1,926739,10.658428699999998
relu,15153578,1,1,15153578,135.7091339
relu,6767524,1,1,6767524,63.14768730000001
relu,3989968,1,1,3989968,39.636812400000004
relu,16679488,1,1,16679488,149.29227660000004
relu,13353108,1,1,13353108,120.5860001
relu,8606030,1,1,8606030,79.9815806
relu,6953552,1,1,6953552,66.14700930000001
relu,1412690,1,1,1412690,15.605991200000002
relu,7244213,1,1,7244213,67.5521785
relu,4910842,1,1,4910842,47.1156072
relu,3510790,1,1,3510790,35.105839100000004
relu,6642773,1,1,6642773,63.17146419999999
relu,15381622,1,1,15381622,137.6643302
relu,12684648,1,1,12684648,114.6035714
relu,12134696,1,1,12134696,110.77784799999999
relu,5077939,1,1,5077939,48.571580299999994
relu,3514702,1,1,3514702,35.214723199999995
relu,16371255,1,1,16371255,146.5242859
relu,4979546,1,1,4979546,47.63214270000001
relu,13619975,1,1,13619975,123.0214286
relu,14201541,1,1,14201541,128.15915179999996
relu,16623065,1,1,16623065,148.63058940000005
relu,10819973,1,1,10819973,98.8642946
relu,16724901,1,1,16724901,149.61285730000003
relu,16731804,1,1,16731804,149.6678393
relu,6777704,1,1,6777704,63.2573127
relu,7340808,1,1,7340808,68.3917411
relu,325635,1,1,325635,4.956544600000001
relu,11415900,1,1,11415900,104.30115169999999
relu,10679015,1,1,10679015,97.6874285
relu,10798652,1,1,10798652,98.68541969999998
relu,1190118,1,1,1190118,13.305178699999999
relu,4978367,1,1,4978367,47.73030369999999
relu,8619527,1,1,8619527,80.1033838
relu,5231316,1,1,5231316,50.069964399999996
relu,12717302,1,1,12717302,114.9627054
relu,9877833,1,1,9877833,91.58856260000002
relu,15785058,1,1,15785058,141.2637231
relu,2226643,1,1,2226643,22.6522588
relu,2840153,1,1,2840153,28.590000100000005
relu,1322576,1,1,1322576,14.6391339
relu,2226494,1,1,2226494,22.6629733
relu,7552790,1,1,7552790,70.38100890000001
relu,4378658,1,1,4378658,42.1114464
relu,1363385,1,1,1363385,15.078973199999998
relu,10081372,1,1,10081372,93.4434553
relu,512885,1,1,512885,7.237580400000001
relu,15052153,1,1,15052153,134.7444464
relu,11092907,1,1,11092907,101.3527321
relu,5391864,1,1,5391864,51.618134
relu,4993554,1,1,4993554,47.832723099999995
relu,15459705,1,1,15459705,138.4026966
relu,12459495,1,1,12459495,113.61802660000001
relu,12825597,1,1,12825597,115.93330370000001
relu,1128034,1,1,1128034,12.7371338
relu,3041605,1,1,3041605,30.5095985
relu,2562153,1,1,2562153,25.874142800000005
relu,14306492,1,1,14306492,128.9470179
relu,6915731,1,1,6915731,65.7756965
relu,9719516,1,1,9719516,88.9332947
relu,14020406,1,1,14020406,126.38986599999998
relu,16180403,1,1,16180403,144.7285803
relu,13038209,1,1,13038209,117.78785740000001
relu,7837346,1,1,7837346,72.9052679
relu,687255,1,1,687255,9.336009
relu,8077,1,1,8077,0.9806965999999999
relu,6105864,1,1,6105864,58.216134
relu,10148272,1,1,10148272,92.83114259999999
relu,8538241,1,1,8538241,79.3424288
relu,11163084,1,1,11163084,102.0074378
relu,2201871,1,1,2201871,22.4404288
relu,16559449,1,1,16559449,148.14229440000003
relu,8791514,1,1,8791514,81.69953579999999
relu,10160446,1,1,10160446,92.89898219999999
relu,13692664,1,1,13692664,123.62431240000001
relu,12890262,1,1,12890262,116.469607
relu,12874146,1,1,12874146,116.4010176
relu,2089058,1,1,2089058,22.6027142
relu,5496063,1,1,5496063,52.544000000000004
relu,4272178,1,1,4272178,41.097142999999996
relu,8017889,1,1,8017889,74.53214299999999
relu,9633087,1,1,9633087,89.35756269999999
relu,11208008,1,1,11208008,102.47400880000002
relu,1863179,1,1,1863179,20.246875199999998
relu,1205740,1,1,1205740,13.538276999999999
relu,16150769,1,1,16150769,144.480723
relu,14021258,1,1,14021258,126.63600900000002
relu,4727984,1,1,4727984,45.4495626
relu,16503109,1,1,16503109,147.61998220000004
relu,2738701,1,1,2738701,27.5929733
relu,5079261,1,1,5079261,48.715464299999994
relu,11837059,1,1,11837059,108.10358950000003
relu,13795576,1,1,13795576,124.5939909
relu,1180438,1,1,1180438,13.212134099999997
relu,15645726,1,1,15645726,139.92071430000001
relu,12974929,1,1,12974929,117.24099110000002
relu,15397537,1,1,15397537,137.80817859999996
relu,1578163,1,1,1578163,17.327312499999998
relu,3405121,1,1,3405121,34.027875
relu,15800420,1,1,15800420,141.4364375
relu,5079060,1,1,5079060,48.63825919999999
relu,678742,1,1,678742,9.3212948
relu,1089361,1,1,1089361,12.2431252
relu,4452739,1,1,4452739,42.7809731
relu,10868662,1,1,10868662,99.34826809999998
relu,3533041,1,1,3533041,35.2744553
relu,11632248,1,1,11632248,106.22429459999998
relu,6542230,1,1,6542230,62.35401770000001
relu,12865242,1,1,12865242,116.2675714
relu,16452399,1,1,16452399,147.1917055
relu,3724439,1,1,3724439,37.1352678
relu,2018663,1,1,2018663,21.923151600000004
relu,15676242,1,1,15676242,140.25256270000003
relu,11336881,1,1,11336881,103.566134
relu,4171615,1,1,4171615,41.3807143
relu,9945077,1,1,9945077,92.2205893
relu,4265075,1,1,4265075,41.1175628
relu,13007231,1,1,13007231,117.5665716
relu,9858411,1,1,9858411,91.4468572
relu,4078622,1,1,4078622,40.54398189999999
relu,6346065,1,1,6346065,60.441294799999994
relu,1281257,1,1,1281257,14.250178600000002
relu,13154223,1,1,13154223,118.7880447
relu,14917617,1,1,14917617,133.60027680000002
relu,12468211,1,1,12468211,113.7762679
relu,6391367,1,1,6391367,60.88983929999999
relu,15283046,1,1,15283046,136.8402857
relu,11963961,1,1,11963961,109.22157160000002
relu,2527977,1,1,2527977,25.524857199999996
relu,1497901,1,1,1497901,16.482580300000002
relu,1341529,1,1,1341529,14.8719912
relu,16312994,1,1,16312994,145.94758039999996
relu,8569344,1,1,8569344,79.6070179
relu,894427,1,1,894427,10.248134
relu,7247066,1,1,7247066,67.4963035
relu,7705952,1,1,7705952,71.79827689999999
relu,3136542,1,1,3136542,31.340705399999997
relu,14096590,1,1,14096590,127.2785714
relu,10244557,1,1,10244557,93.70974979999998
relu,3806580,1,1,3806580,37.9142943
relu,4888560,1,1,4888560,46.89315190000001
relu,14293190,1,1,14293190,129.0172945
relu,14161867,1,1,14161867,127.78498220000002
relu,2819648,1,1,2819648,28.326410499999998
relu,3515318,1,1,3515318,35.114116100000004
relu,13946605,1,1,13946605,125.86856239999997
relu,2111340,1,1,2111340,21.4561606
relu,3328969,1,1,3328969,33.1992591
relu,13930507,1,1,13930507,125.7612678
relu,5239759,1,1,5239759,50.166571700000006
relu,1030150,1,1,1030150,11.6881515
relu,14989389,1,1,14989389,134.18271430000001
relu,14464857,1,1,14464857,130.46657150000001
relu,13992853,1,1,13992853,126.3581518
relu,1011138,1,1,1011138,11.4203037
relu,16663963,1,1,16663963,149.1137053
relu,10888384,1,1,10888384,99.56848210000001
relu,8475378,1,1,8475378,78.743
relu,2635317,1,1,2635317,26.5351429
relu,11828039,1,1,11828039,107.9723036
relu,2359866,1,1,2359866,24.0571605
relu,4072770,1,1,4072770,40.484268
relu,12054541,1,1,12054541,110.0524465
relu,985746,1,1,985746,11.1843125
relu,11591215,1,1,11591215,105.8732945
relu,11672840,1,1,11672840,106.47516060000001
relu,5969591,1,1,5969591,56.9645983
relu,334345,1,1,334345,5.1447324000000005
relu,7734080,1,1,7734080,72.03428579999999
relu,12274295,1,1,12274295,111.9842679
relu,2366179,1,1,2366179,24.002419600000003
relu,4808053,1,1,4808053,46.08740160000001
relu,6978586,1,1,6978586,66.33171430000002
relu,108452,1,1,108452,2.3211874999999997
relu,6871639,1,1,6871639,65.3627141
relu,4133508,1,1,4133508,41.0743124
relu,241075,1,1,241075,3.8922857
relu,9840272,1,1,9840272,91.2534465
relu,12385953,1,1,12385953,112.94829469999999
relu,827118,1,1,827118,9.5582946
relu,7813590,1,1,7813590,74.0918575
relu,4760953,1,1,4760953,45.6808751
relu,6274401,1,1,6274401,59.740553399999996
relu,15235326,1,1,15235326,136.3251609
relu,3771218,1,1,3771218,37.5761607
relu,15995194,1,1,15995194,143.1496963
relu,11557811,1,1,11557811,105.5554377
relu,8664387,1,1,8664387,80.5250179
relu,4367368,1,1,4367368,43.283437500000005
relu,937385,1,1,937385,10.692857100000001
relu,6983353,1,1,6983353,65.1152947
relu,12154754,1,1,12154754,110.94441979999999
relu,11241177,1,1,11241177,102.6727233
relu,15883675,1,1,15883675,142.1144197
relu,9819101,1,1,9819101,91.09112510000001
relu,9943744,1,1,9943744,92.24683940000001
relu,10971768,1,1,10971768,100.2587145
relu,6175544,1,1,6175544,58.88941960000001
relu,2711501,1,1,2711501,27.3438571
relu,3442029,1,1,3442029,34.3649822
relu,10326796,1,1,10326796,95.7031249
relu,5248016,1,1,5248016,50.1914196
relu,12636228,1,1,12636228,114.15873210000002
relu,4930048,1,1,4930048,47.177839299999995
relu,4202223,1,1,4202223,40.3768749
relu,7476513,1,1,7476513,71.02625909999999
relu,10599558,1,1,10599558,96.97044639999999
relu,8148315,1,1,8148315,75.7865892
relu,7940898,1,1,7940898,73.81340180000001
relu,6172151,1,1,6172151,58.891026800000006
relu,9766337,1,1,9766337,90.58185710000001
relu,12497749,1,1,12497749,114.11772339999997
relu,14085660,1,1,14085660,127.1253929
relu,1552083,1,1,1552083,17.1305805
relu,4437031,1,1,4437031,42.582125
relu,689531,1,1,689531,9.399249999999999
relu,13213775,1,1,13213775,119.3325714
relu,2614599,1,1,2614599,26.4391338
relu,2456559,1,1,2456559,24.854142799999998
relu,4429866,1,1,4429866,42.581991099999996
relu,14100637,1,1,14100637,127.24699989999999
relu,10045750,1,1,10045750,91.95341970000001
relu,13983787,1,1,13983787,126.19430360000001
relu,4774242,1,1,4774242,45.8471428
relu,14166304,1,1,14166304,127.89056249999999
relu,10000164,1,1,10000164,92.7509909
relu,11897198,1,1,11897198,108.6471431
relu,2837219,1,1,2837219,28.5601427
relu,8323463,1,1,8323463,77.39487510000001
relu,14925386,1,1,14925386,133.48628580000002
relu,12390177,1,1,12390177,113.08244649999999
relu,1941363,1,1,1941363,21.1014375
relu,12630954,1,1,12630954,114.1699735
relu,13711221,1,1,13711221,123.82000889999999
relu,282784,1,1,282784,4.440142900000001
relu,13999764,1,1,13999764,126.3552948
relu,10759934,1,1,10759934,98.3134286
relu,14807484,1,1,14807484,132.59488400000004
relu,6844778,1,1,6844778,65.10900889999999
relu,12468713,1,1,12468713,113.82471419999999
relu,9841906,1,1,9841906,89.97316049999999
relu,15800365,1,1,15800365,141.4531339
relu,3055349,1,1,3055349,30.6763035
relu,6222945,1,1,6222945,59.3095714
relu,3644524,1,1,3644524,36.3505446
relu,9293580,1,1,9293580,86.2611608
relu,3763423,1,1,3763423,37.5014642
relu,5163317,1,1,5163317,49.40840190000001
relu,14970793,1,1,14970793,133.9908927
relu,13380733,1,1,13380733,120.8513931
relu,6220344,1,1,6220344,59.32558039999999
relu,14150049,1,1,14150049,127.73133030000001
relu,14486002,1,1,14486002,130.7472946
relu,5863208,1,1,5863208,55.92702680000001
relu,8320079,1,1,8320079,77.4248659
relu,15215158,1,1,15215158,136.17657149999997
relu,11421523,1,1,11421523,104.3085893
relu,4783772,1,1,4783772,45.8215266
relu,11924153,1,1,11924153,108.8751339
relu,15516756,1,1,15516756,138.9119731
relu,2902439,1,1,2902439,29.143384000000005
relu,16216454,1,1,16216454,145.0411608
relu,6833022,1,1,6833022,65.05000880000001
relu,9889442,1,1,9889442,91.690143
relu,61847,1,1,61847,1.6992857999999997
relu,15068906,1,1,15068906,134.8951606
relu,15502512,1,1,15502512,138.8065711
relu,260942,1,1,260942,4.1923215
relu,7339502,1,1,7339502,68.43525910000001
relu,10018016,1,1,10018016,92.8993125
relu,3840548,1,1,3840548,38.1828485
relu,10105219,1,1,10105219,93.6888304
relu,5241911,1,1,5241911,50.1554288
relu,14234095,1,1,14234095,128.4109643
relu,15818732,1,1,15818732,141.5281429
relu,3105565,1,1,3105565,31.0964019
relu,37551,303,1,11377953,103.2397053
relu,6892157,1,1,6892157,65.57557139999999
relu,6823,2147,1,14648981,132.56415170000002
relu,55,56989,1,3134395,31.8708304
relu,45261,261,1,11813121,108.512714
relu,59,276021,1,16285239,155.1666786
relu,7733141,1,1,7733141,73.3798928
relu,3658520,1,1,3658520,36.4742679
relu,2733,953,1,2604549,26.815535699999998
relu,4053,3251,1,13176303,118.3090087
relu,1,2968487,1,2968487,213.8731337
relu,29,500230,1,14506670,143.3335712
relu,74473,89,1,6628097,67.4454464
relu,4523,1782,1,8059986,76.28384809999999
relu,65,232252,1,15096380,148.8168213
relu,1,2659469,1,2659469,191.80348220000002
relu,3498847,3,1,10496541,246.61445529999997
relu,9,1314799,1,11833191,185.1964105
relu,8837,1231,1,10878347,98.6842496
relu,8,1666080,1,13328640,120.34599089999999
relu,1,13148539,1,13148539,937.6610178000001
relu,5,1553231,1,7766155,113.40000890000002
relu,1,8072913,1,8072913,576.6938213999999
relu,2,1483927,1,2967854,105.40941079999997
relu,823066,15,1,12345990,118.95755350000002
relu,154,55937,1,8614298,83.2175804
relu,9868619,1,1,9868619,91.5055715
relu,1,11740486,1,11740486,837.4645714000001
relu,7901545,1,1,7901545,73.4891337
relu,19,640563,1,12170697,136.54742849999997
relu,5082481,2,1,10164962,354.55771430000004
relu,4280137,3,1,12840411,300.69699099999997
relu,2,658925,1,1317850,47.822991200000004
relu,605,25598,1,15486790,137.4627142
relu,304248,9,1,2738232,46.7171694
relu,3,2968671,1,8906013,210.014732
relu,407551,1,1,407551,5.9012946
relu,2,8351325,1,16702650,580.8837050999999
relu,106,48806,1,5173436,52.0104105
relu,3967,717,1,2844339,28.4299821
relu,1,2631409,1,2631409,189.67816059999998
relu,2035669,2,1,4071338,143.4650179
relu,3,2658863,1,7976589,188.539277
relu,1,11316226,1,11316226,806.9967141999999
relu,6017,925,1,5565725,53.819571499999995
relu,817169,1,1,817169,9.4458572
relu,562,22739,1,12779318,115.1798751
relu,1142765,1,1,1142765,12.8115982
relu,13728,733,1,10062624,91.97613410000001
relu,928,14502,1,13457856,120.2105536
relu,15084097,1,1,15084097,135.0741516
relu,3082039,1,1,3082039,30.9104019
relu,9531,948,1,9035388,84.3325624
relu,812,5689,1,4619468,45.99683029999999
relu,3,1303085,1,3909255,94.4821249
relu,3665,2371,1,8689715,81.6686964
relu,6622997,1,1,6622997,63.1353216
relu,1,10536893,1,10536893,751.4322946
relu,1,179207,1,179207,14.393455399999999
relu,20508,687,1,14088996,126.59172299999997
relu,1,6117490,1,6117490,437.4768212
relu,7841,726,1,5692566,55.17571449999999
relu,81766,122,1,9975452,98.14610710000001
relu,1,14966423,1,14966423,1065.9298572
relu,5,1271429,1,6357145,93.05794660000001
relu,554839,12,1,6658068,82.38409820000001
relu,3,429676,1,1289028,32.9752947
relu,78007,149,1,11623043,107.3904106
relu,1,12703993,1,12703993,905.4473126
relu,1027,3826,1,3929302,39.019009
relu,8,1821627,1,14573016,131.54183930000002
relu,467,13487,1,6298429,61.2754197
relu,13430125,1,1,13430125,121.26970539999999
relu,1,9732787,1,9732787,694.5800001
relu,922829,17,1,15688093,193.27943739999998
relu,42292,241,1,10192372,95.99342870000001
relu,77,48957,1,3769689,38.6061252
relu,2958,4515,1,13355370,121.7686874
relu,6,2064755,1,12388530,147.830277
relu,14300401,1,1,14300401,129.04503560000003
relu,2,6518163,1,13036326,453.9527141
relu,1,8136222,1,8136222,581.2570088
relu,5,209065,1,1045325,18.2271518
relu,114,41683,1,4751862,48.937714299999996
relu,18026,246,1,4434396,43.262277
relu,1,8263982,1,8263982,590.0938839
relu,733678,1,1,733678,8.689178599999998
relu,119379,103,1,12296037,112.0897322
relu,3,3462641,1,10387923,244.17671420000002
relu,50597,56,1,2833432,28.1585894
relu,1281427,7,1,8969989,95.061393
relu,123,109117,1,13421391,129.3331161
relu,1399,261,1,365139,5.559875
relu,53904,100,1,5390400,53.313839200000004
relu,91207,23,1,2097761,22.420277000000002
relu,1844,5203,1,9594332,86.618982
relu,4,2323327,1,9293308,165.73988400000002
relu,166757,67,1,11172719,108.81941959999999
relu,755330,8,1,6042640,57.68611589999999
relu,27077,599,1,16219123,142.60899099999997
relu,7,1773064,1,12411448,128.0303035
relu,19709,281,1,5538229,53.60356250000001
relu,61,41177,1,2511797,26.415268100000002
relu,1476827,2,1,2953654,104.9187143
relu,82865,79,1,6546335,62.41641979999999
relu,15847983,1,1,15847983,141.81316959999998
relu,371,16508,1,6124468,57.99499999999999
relu,1460509,9,1,13144581,204.9841429
relu,5089,3273,1,16656297,149.5414465
relu,154,90676,1,13964104,128.8740002
relu,8,695443,1,5563544,53.19972320000001
relu,309826,2,1,619652,23.2794018
relu,6,1299741,1,7798446,96.3872858
relu,121001,86,1,10406086,96.3581875
relu,76,131867,1,10021892,95.41699109999999
relu,1,7398282,1,7398282,528.5850178
relu,4,3034109,1,12136436,214.77617850000001
relu,655757,17,1,11147869,140.20443740000002
relu,70867,53,1,3755951,39.2338303
relu,22739,361,1,8208779,77.7135803
relu,1,11591889,1,11591889,826.9078571
relu,137,18563,1,2543131,26.906187799999998
relu,6604,2452,1,16193008,145.4015536
relu,60443,206,1,12451258,113.73511590000001
relu,16236433,1,1,16236433,145.15700009999998
relu,1,3481217,1,3481217,250.26940160000004
relu,6,1014578,1,6087468,75.5252949
relu,137887,47,1,6480689,62.6176964
relu,7,1047212,1,7330484,77.93301800000002
relu,1298573,10,1,12985730,183.6878573
relu,8229524,1,1,8229524,76.515268
relu,140177,82,1,11494514,111.74570530000001
relu,6761,1523,1,10297003,93.9832859
relu,1384,10984,1,15201856,136.3658572
relu,3658,3551,1,12989558,117.15755390000001
relu,887,12043,1,10682141,100.5805359
relu,6404275,2,1,12808550,446.1317230000001
relu,1,3171099,1,3171099,227.99540180000002
relu,2687,5729,1,15393823,136.89685709999998
relu,8450809,1,1,8450809,78.56640180000001
relu,3,1360578,1,4081734,98.5281339
relu,1,10226813,1,10226813,729.5103124
relu,116,136156,1,15794096,143.6457502
relu,2,7175076,1,14350152,499.0806964
relu,4426045,1,1,4426045,42.528428500000004
relu,2383,1760,1,4194080,41.160276700000004
relu,4221971,2,1,8443942,295.1504377
relu,4,3445931,1,13783724,242.9497144
relu,802359,17,1,13640103,168.99329469999998
relu,758899,15,1,11383485,110.92327680000001
relu,5523107,3,1,16569321,386.47258039999997
relu,1237,6978,1,8631786,80.95358949999999
relu,363211,41,1,14891651,154.8606966
relu,31511,397,1,12509867,112.8176874
relu,245961,9,1,2213649,39.1582769
relu,1066771,1,1,1066771,12.070446500000001
relu,786908,2,1,1573816,56.8891251
relu,13201967,1,1,13201967,119.19029479999999
relu,4019,1642,1,6599198,63.23214300000001
relu,2,3265993,1,6531986,228.7685712
relu,925387,11,1,10179257,132.624866
relu,60,251925,1,15115500,144.4011252
relu,10,1190356,1,11903560,168.3306161
relu,1,9711731,1,9711731,693.1945535000001
relu,1478,7457,1,11021446,103.1188574
relu,1,347731,1,347731,26.662571599999996
relu,610,6373,1,3887530,37.209276599999995
relu,20029,697,1,13960213,126.02944640000001
relu,23,653833,1,15038159,139.4395804
relu,4391,2980,1,13085180,120.602875
relu,2761580,1,1,2761580,27.819276600000002
relu,3506723,1,1,3506723,34.9247322
relu,2688863,6,1,16133178,189.31414289999998
relu,519922,2,1,1039844,38.1881697
relu,3,2842849,1,8528547,201.64828589999996
relu,60661,199,1,12071539,108.77241959999999
relu,3480098,3,1,10440294,245.39658020000002
relu,11,911730,1,10029030,131.67374060000003
relu,164200,8,1,1313600,14.6174465
relu,912075,9,1,8208675,131.5961429
relu,14,512999,1,7181986,76.35644629999999
relu,1709,3683,1,6294247,60.36084820000001
relu,4,2608222,1,10432888,185.281107
relu,2273106,3,1,6819318,162.1645623
relu,12913,1265,1,16334945,145.90544640000002
relu,194,457,1,88658,2.2117233999999995
relu,14486,208,1,3013088,30.154589500000004
relu,175,3511,1,614425,8.5695803
relu,10317273,1,1,10317273,95.66858930000001
relu,2,2659453,1,5318906,186.80770539999997
relu,1,5880758,1,5880758,420.67699089999996
relu,1,13364162,1,13364162,952.4914107000001
relu,3,451443,1,1354329,34.521571400000006
relu,10,298863,1,2988630,45.8192501
relu,5,52862,1,264310,6.145303499999999
relu,83,193243,1,16039169,149.3882501
relu,2,3462836,1,6925672,242.54572330000002
relu,1,1294973,1,1294973,94.83556250000001
relu,39673,252,1,9997596,93.0152859
relu,10049227,1,1,10049227,91.92216069999999
relu,9689,346,1,3352394,32.66300030000001
relu,7932521,1,1,7932521,73.85797310000001
relu,6301,281,1,1770581,19.8800089
relu,1,8276131,1,8276131,591.0723035999999
relu,324211,34,1,11023174,115.7380358
relu,457,34359,1,15702063,140.74783039999997
relu,1,4229873,1,4229873,303.343009
relu,2308045,1,1,2308045,23.4007589
relu,1,6431441,1,6431441,459.69555360000004
relu,166153,22,1,3655366,39.6822949
relu,853,9511,1,8112883,76.3442948
relu,19,652672,1,12400768,139.0969908
relu,1,4371079,1,4371079,313.54441959999997
relu,7472396,1,1,7472396,69.59399119999998
relu,1581357,4,1,6325428,113.73426810000001
relu,3929,2922,1,11480538,104.57698210000001
relu,254,28309,1,7190486,66.77015180000001
relu,1233,109,1,134397,2.6667140999999996
relu,965,14635,1,14122775,125.26203569999998
relu,59,136315,1,8042585,80.05629479999999
relu,84,78787,1,6618108,65.23541049999999
relu,157,97627,1,15327439,138.2253125
relu,108651,144,1,15645744,139.3951605
relu,232777,4,1,931108,18.8590001
relu,9,1226483,1,11038347,173.6872768
relu,5,2426055,1,12130275,171.557616
relu,1,5406701,1,5406701,387.06130360000003
relu,1042,10401,1,10837842,99.7380089
relu,17,301192,1,5120264,66.955839
relu,1,7730708,1,7730708,552.1917322
relu,7000,2221,1,15547000,138.0775805
relu,1636849,5,1,8184245,118.311991
relu,777002,5,1,3885010,59.37042849999999
relu,1774,6892,1,12226408,110.8273126
relu,667,1858,1,1239286,14.215437499999998
relu,503,12952,1,6514856,59.2542946
relu,1556,4247,1,6608332,62.6051698
relu,4533797,2,1,9067594,316.5501521
relu,23,418786,1,9632078,91.91046410000001
relu,145732,2,1,291464,11.725598199999999
relu,58418,43,1,2511974,28.2380269
relu,1,14426177,1,14426177,1028.2859912
relu,5188151,1,1,5188151,49.632000000000005
relu,260,28223,1,7337980,70.8730178
relu,6526491,1,1,6526491,62.0636877
relu,169,84799,1,14331031,132.30572349999997
relu,104,115195,1,11980280,107.9481517
relu,3,4115563,1,12346689,289.53643739999995
relu,85,61942,1,5265070,53.3619018
relu,75716,77,1,5830132,57.17786600000001
relu,7,144164,1,1009148,12.9481605
relu,11531296,1,1,11531296,105.3073125
relu,7873,119,1,936887,12.508857299999999
relu,2516546,3,1,7549638,178.875116
relu,5319339,1,1,5319339,50.95787489999999
relu,71202,7,1,498414,7.8975802
relu,1005581,3,1,3016743,73.636
relu,3059515,4,1,12238060,216.55156230000003
relu,1017,12671,1,12886407,115.0304285
relu,6537,1828,1,11949636,111.1152678
relu,9,1770218,1,15931962,246.86270530000002
relu,4,625379,1,2501516,46.6550892
relu,759787,11,1,8357657,111.00129459999998
relu,126067,115,1,14497705,133.823875
relu,8131118,2,1,16262236,565.663982
relu,1,9593929,1,9593929,684.455866
relu,674902,4,1,2699608,50.3207321
relu,11,99347,1,1092817,17.4061517
relu,81,201363,1,16310403,156.5504555
relu,89,35059,1,3120251,33.62673219999999
relu,4013815,3,1,12041445,282.1092857
relu,559,28907,1,16159013,141.8818392
relu,3082231,2,1,6164462,216.17373229999998
relu,8503,346,1,2942038,31.844857
relu,90,34178,1,3076020,32.852964300000004
relu,9,772313,1,6950817,112.80799980000002
relu,1415982,10,1,14159820,199.3138838
relu,891443,4,1,3565772,66.0638391
relu,11935631,1,1,11935631,108.9134195
relu,1,14146874,1,14146874,1008.3284287999999
relu,4108,3501,1,14382108,131.30658920000002
relu,1,2526910,1,2526910,182.3208752
relu,11,142180,1,1563980,23.182035499999998
relu,51607,26,1,1341782,18.049178599999998
relu,149365,37,1,5526505,56.38416980000001
relu,1,13053598,1,13053598,930.2932678999999
relu,2,8197559,1,16395118,570.1114018000001
relu,11137702,1,1,11137702,101.7615535
relu,2,2866621,1,5733242,201.253723
relu,16019583,1,1,16019583,143.36500890000002
relu,23,410015,1,9430345,90.14572319999999
relu,31183,251,1,7826933,73.38571429999999
relu,13706,1092,1,14966952,133.40926810000002
relu,3,958933,1,2876799,70.2987229
relu,239,42019,1,10042541,92.9093213
relu,48,256663,1,12319824,112.50543760000001
relu,1377455,11,1,15152005,194.0405712
relu,1609693,3,1,4829079,115.8052588
relu,1,3068363,1,3068363,220.8094377
relu,2,2107943,1,4215886,148.4418213
relu,3010258,4,1,12041032,212.6885803
relu,337089,26,1,8764314,98.5815626
relu,7,222188,1,1555316,19.3261429
relu,221,8341,1,1843361,20.345999900000002
relu,55897,153,1,8552241,83.08140180000001
relu,22199,91,1,2020109,21.751134
relu,90,43777,1,3939930,41.8551249
relu,1786231,7,1,12503617,128.91384820000002
relu,2,3462971,1,6925942,242.56055380000004
relu,773471,2,1,1546942,55.95227679999999
relu,1,6123337,1,6123337,437.9592858
relu,68,64336,1,4374848,44.013419600000006
relu,839913,15,1,12598695,121.34489290000002
relu,258463,20,1,5169260,57.5850093
relu,49158,218,1,10716444,100.02214289999999
relu,28009,197,1,5517773,52.1194466
relu,2621319,1,1,2621319,26.476419699999997
relu,2,5432149,1,10864298,378.7941426
relu,947347,12,1,11368164,135.8114285
relu,7064138,1,1,7064138,65.953009
relu,9,1440877,1,12967893,202.84714279999997
relu,13,268237,1,3487081,41.2044465
relu,37,395124,1,14619588,139.7035626
relu,802,16223,1,13010846,117.1510536
relu,14091209,1,1,14091209,127.1598661
relu,2922841,2,1,5845682,205.00257119999998
relu,1839952,5,1,9199760,131.86499990000002
relu,10996891,1,1,10996891,100.44173220000002
relu,528585,25,1,13214625,150.4865534
relu,6935285,2,1,13870570,482.93986610000013
relu,1,8262851,1,8262851,590.0491609
relu,8,235713,1,1885704,20.5952768
relu,750297,18,1,13505346,159.9735715
relu,11,503969,1,5543659,75.02941050000001
relu,4,1148991,1,4595964,83.8892769
relu,100558,104,1,10458032,96.1289999
relu,241,60213,1,14511333,134.0946963
relu,3760046,2,1,7520092,263.1594196
relu,42003,202,1,8484606,80.5951426
relu,216,18517,1,3999672,39.690392700000004
relu,1949617,1,1,1949617,21.1698752
relu,3843759,1,1,3843759,38.339446300000006
relu,14,556978,1,7797692,82.84313399999999
relu,16371,970,1,15879870,141.1748751
relu,131293,16,1,2100688,22.822134
relu,1,6367638,1,6367638,455.1827050999999
relu,1206323,12,1,14475876,170.8124108
relu,9947,1039,1,10334933,94.9630089
relu,1959,887,1,1737633,18.013160600000003
relu,1,2950202,1,2950202,212.46658040000003
relu,1224637,10,1,12246370,173.3351697
relu,2,6785875,1,13571750,472.51470520000004
relu,79,35609,1,2813111,28.425723299999998
relu,2,3837137,1,7674274,268.3706873
relu,1,9731131,1,9731131,694.5470090000001
relu,94649,172,1,16279628,145.88687489999998
relu,13,348001,1,4524013,53.2632947
relu,1492,3766,1,5618872,53.87527660000001
relu,14227,26,1,369902,6.585437300000001
relu,3,5238935,1,15716805,367.575143
relu,547,4088,1,2236136,22.6794371
relu,1591351,6,1,9548106,115.11039280000003
relu,3,3043193,1,9129579,215.4314464
relu,251607,23,1,5786961,57.1468572
relu,730627,4,1,2922508,54.2808573
relu,7165,2292,1,16422180,145.61983060000003
relu,1096738,8,1,8773904,81.5485535
relu,2692517,4,1,10770068,190.8673035
relu,2,6755734,1,13511468,470.04214279999997
relu,1,7233043,1,7233043,517.0902502
relu,13,508987,1,6616831,75.78000899999999
relu,3934369,4,1,15737476,276.64711580000005
relu,5001985,2,1,10003970,348.8118841
relu,15851,357,1,5658807,52.7980091
relu,1867,99,1,184833,3.4797053
relu,1,6366353,1,6366353,455.15083930000003
relu,193,58234,1,11239162,105.2034197
relu,4777,272,1,1299344,14.526732200000001
relu,5271722,1,1,5271722,50.4581696
relu,4,2357131,1,9428524,168.0887142
relu,135189,101,1,13654089,126.02658040000001
relu,1084,4579,1,4963636,47.442883900000005
relu,2923,2069,1,6047687,56.624143000000004
relu,6,1567967,1,9407802,114.48627680000001
relu,81459,163,1,13277817,122.78114289999999
relu,170466,9,1,1534194,27.4598393
relu,1,16126403,1,16126403,1148.4571431
relu,2,2896235,1,5792470,203.15815179999998
relu,6,42932,1,257592,5.2078124
relu,188969,85,1,16062365,145.7761339
relu,13575275,1,1,13575275,122.4255537
relu,438252,8,1,3506016,35.016018100000004
relu,633,19239,1,12178287,110.92814290000001
relu,1017620,14,1,14246680,145.7037231
relu,79934,72,1,5755248,56.4311429
relu,2029,2797,1,5675113,53.2981611
relu,17,582827,1,9908059,125.3951519
relu,1654878,1,1,1654878,18.176053600000003
relu,868379,1,1,868379,9.9945894
relu,2,6863027,1,13726054,477.67489270000004
relu,168,98338,1,16520784,144.57915180000003
relu,3,1353728,1,4061184,98.0768305
relu,42652,1,1,42652,1.4219998999999999
relu,13778,993,1,13681554,122.22052689999998
relu,19,53915,1,1024385,14.377276700000001
relu,6,654909,1,3929454,50.10874120000001
relu,1,8517571,1,8517571,608.3538659999999
relu,14330347,1,1,14330347,129.2994643
relu,96,41603,1,3993888,39.7958571
relu,12770051,1,1,12770051,115.3451341
relu,1,8382567,1,8382567,598.6995802999999
relu,157,15923,1,2499911,27.2205804
relu,37,196642,1,7275754,73.2735803
relu,14,144826,1,2027564,23.4873121
relu,977,12377,1,12092329,110.7742944
relu,2980549,4,1,11922196,210.81756259999997
relu,5,3104347,1,15521735,217.71140180000003
relu,7814,1101,1,8603214,79.4289999
relu,1,11094133,1,11094133,791.0077322
relu,2,1945164,1,3890328,137.3008662
relu,1819,8693,1,15812567,140.6171696
relu,221,74581,1,16482401,147.85927670000004
relu,1,11370185,1,11370185,810.9758484000001
relu,53,84199,1,4462547,46.283115900000006
relu,2863,193,1,552559,8.305866
relu,84,124546,1,10461864,97.7668573
relu,127,119437,1,15168499,140.5228125
relu,6,2125346,1,12752076,151.2186964
relu,15963,541,1,8635983,80.09312509999998
relu,350967,39,1,13687713,125.11571450000001
relu,3289045,1,1,3289045,32.9874463
relu,4081481,2,1,8162962,285.2712856
relu,14226240,1,1,14226240,128.4272858
relu,16073933,1,1,16073933,143.8578214
relu,2607847,1,1,2607847,26.2932677
relu,7878502,2,1,15757004,547.977866
relu,8685758,1,1,8685758,80.7619908
relu,23,459443,1,10567189,100.86041079999998
relu,35723,227,1,8109121,76.3446607
relu,173,58676,1,10150948,94.8174195
relu,134,8238,1,1103892,12.081276699999998
relu,12602,67,1,844334,10.383848100000002
relu,4024970,3,1,12074910,282.94028579999997
relu,3,3709009,1,11127027,261.08884830000005
relu,37,36571,1,1353127,16.077839100000002
relu,1,12387937,1,12387937,883.4867323000001
relu,5461331,1,1,5461331,52.232571500000006
relu,2,4989881,1,9979762,348.0924462
relu,7911172,2,1,15822344,550.2405713999999
relu,659026,11,1,7249286,96.53258029999998
relu,4843,619,1,2997817,30.073134
relu,332,38387,1,12744484,115.480152
relu,49133,313,1,15378629,138.86215190000001
relu,22,459001,1,10098022,100.70557139999998
relu,13548833,1,1,13548833,122.3450268
relu,62207,43,1,2674901,29.9151519
relu,1,13034507,1,13034507,929.2891604999999
relu,4356,22,1,95832,2.2811517
relu,23,87019,1,2001437,22.4774018
relu,1806227,2,1,3612454,127.59883920000001
relu,515,10669,1,5494535,51.751455299999996
relu,1,3373595,1,3373595,242.47813380000002
relu,130,101658,1,13215540,123.7558841
relu,1,6540607,1,6540607,467.44427669999993
relu,1,2735891,1,2735891,197.26798209999998
relu,5779691,1,1,5779691,55.21272329999999
relu,11723503,1,1,11723503,107.1068841
relu,2113,7741,1,16356733,147.4605536
relu,127161,109,1,13860549,128.46958920000003
relu,249,39679,1,9880071,92.9563036
relu,306531,33,1,10115523,110.6624466
relu,903967,13,1,11751571,130.3814374
relu,1,9340151,1,9340151,666.6189911000001
relu,1,8448343,1,8448343,603.5437231
relu,6690797,1,1,6690797,63.66326780000001
relu,1189543,3,1,3568629,86.8790268
relu,373,22805,1,8506265,79.4348571
relu,5,2503153,1,12515765,176.9971608
relu,308138,30,1,9244140,90.31943730000002
relu,61,109799,1,6697739,66.8172769
relu,3697,2909,1,10754573,96.8891339
relu,565193,11,1,6217123,84.0183126
relu,5392441,1,1,5392441,51.568
relu,11460388,1,1,11460388,104.66431240000001
relu,851,3067,1,2610017,26.307687299999998
relu,2,3289423,1,6578846,230.49512489999998
relu,13931089,1,1,13931089,125.72758930000002
relu,1175,2140,1,2514500,27.366874799999998
relu,54,294642,1,15910668,145.77825900000002
relu,1,8547178,1,8547178,610.1394286999999
relu,5170461,2,1,10340922,360.57772309999996
relu,1,6778155,1,6778155,484.5697320000001
relu,14974715,1,1,14974715,133.94743750000004
relu,2024509,8,1,16196072,144.92343730000002
relu,125,101159,1,12644875,120.00098190000001
relu,5,2804531,1,14022655,197.3335802
relu,2,1489207,1,2978414,105.70615190000001
relu,2,7078508,1,14157016,492.6861072
relu,9617406,1,1,9617406,89.24958939999999
relu,83,146383,1,12149789,115.17530349999997
relu,8,1985127,1,15881016,142.1358569
relu,1,7351391,1,7351391,525.4201516999999
relu,11,220889,1,2429779,35.255437799999996
relu,13725879,1,1,13725879,123.8721427
relu,4,963965,1,3855860,70.58085710000002
relu,1,6455863,1,6455863,461.45656240000005
relu,7081327,1,1,7081327,66.03411620000001
relu,603,8212,1,4951836,47.1004284
relu,7220731,1,1,7220731,68.65412469999998
relu,5483026,2,1,10966052,382.2057231
relu,6222742,2,1,12445484,433.47286590000004
relu,1,15794343,1,15794343,1125.3855805
relu,8731211,1,1,8731211,81.1351338
relu,5407511,3,1,16222533,379.05726790000006
relu,9754445,1,1,9754445,90.46027669999998
relu,1557728,1,1,1557728,17.1683125
relu,23,452479,1,10407017,99.25744660000001
relu,6911,2207,1,15252577,134.38532130000002
relu,1,15716819,1,15716819,1120.0554018
relu,2,2271692,1,4543384,159.71685710000003
relu,293713,28,1,8223964,87.1868571
relu,2742039,3,1,8226117,194.2998661
relu,109495,31,1,3394345,35.093571299999994
relu,3343,1858,1,6211294,60.20356250000001
relu,104,66796,1,6946784,65.865018
relu,8158522,2,1,16317044,567.2937319999999
relu,22,280344,1,6167568,63.5631251
relu,12977,797,1,10342669,95.473732
relu,274,28358,1,7770092,73.1001162
relu,810903,11,1,8919933,117.2588483
relu,9,1217913,1,10961217,172.4177321
relu,3,1921273,1,5763819,137.49856240000003
relu,2,4409102,1,8818204,308.1595535
relu,1508548,9,1,13576932,211.79341050000002
relu,198,75174,1,14884452,132.0019644
relu,1330,2822,1,3753260,38.940830399999996
relu,1,16268659,1,16268659,1158.7652945000002
relu,2,7802077,1,15604154,542.6985803
relu,498826,17,1,8480042,109.3700446
relu,20,752077,1,15041540,160.5131516
relu,15631346,1,1,15631346,139.9760179
relu,33,89504,1,2953632,35.402982099999996
relu,5429,1291,1,7008839,63.423
relu,503,31148,1,15667444,138.3593929
relu,10105,1394,1,14086370,125.7431518
relu,65129,172,1,11202188,103.63172339999998
relu,39,76261,1,2974179,30.368857100000003
relu,1,13173977,1,13173977,939.5128483000001
relu,2329383,1,1,2329383,23.6316964
relu,421222,2,1,842444,31.211009100000002
relu,999,3831,1,3827169,38.18483019999999
relu,2,7933531,1,15867062,551.8951428
relu,12,818877,1,9826524,118.28384829999997
relu,4614271,2,1,9228542,322.2949909
relu,1,15028035,1,15028035,1070.4014018000003
relu,11003,112,1,1232336,13.671553399999999
relu,423,21768,1,9207864,85.8228483
relu,1319,6326,1,8343994,77.6329465
relu,1,1166267,1,1166267,85.57584829999999
relu,2,1366265,1,2732530,97.2328575
relu,8,273390,1,2187120,22.2678661
relu,14,49067,1,686938,9.142017999999998
relu,32,398196,1,12742272,115.271884
relu,2979997,1,1,2979997,30.025865999999997
relu,7453777,1,1,7453777,69.42386610000001
relu,1,13242129,1,13242129,944.0964105999999
relu,8431328,1,1,8431328,78.3695893
relu,3,4671529,1,14014587,328.1345625
relu,7127048,2,1,14254096,496.22370540000003
relu,15790702,1,1,15790702,141.26772350000002
relu,1438,3946,1,5674348,52.910133900000005
relu,1,3287343,1,3287343,236.3488393
relu,59,30466,1,1797494,21.231848199999998
relu,7738851,2,1,15477702,538.4100179999999
relu,716,20369,1,14584204,130.3141251
relu,20386,85,1,1732810,19.4564553
relu,113188,146,1,16525448,150.2484374
relu,2,2867933,1,5735866,201.31825899999998
relu,50,155847,1,7792350,80.17600900000001
relu,908,6247,1,5672276,55.76642879999999
relu,5056955,1,1,5056955,48.492857
relu,1,2501245,1,2501245,180.45987509999998
relu,476,16165,1,7694540,71.661982
relu,6428834,1,1,6428834,61.2685714
relu,3,1208731,1,3626193,88.17097319999999
relu,369,27583,1,10178127,93.84802690000001
relu,619489,8,1,4955912,47.438848300000004
relu,46113,81,1,3735153,40.4271162
relu,1,5423199,1,5423199,388.15857139999997
relu,929177,8,1,7433416,69.1872678
relu,226081,1,1,226081,3.7328661
relu,15173689,1,1,15173689,135.95797319999997
relu,2,8158534,1,16317068,567.3378749999999
relu,10803143,1,1,10803143,98.7704374
relu,1714340,1,1,1714340,18.719857100000002
relu,6639851,1,1,6639851,63.271160800000004
relu,2677,2811,1,7525047,69.5658751
relu,3,996242,1,2988726,72.918277
relu,13,638521,1,8300773,94.72984820000002
relu,9504526,1,1,9504526,88.2498391
relu,3,4410689,1,13232067,310.1897055
relu,1,10392869,1,10392869,741.1078660000001
relu,26,78359,1,2037334,25.455982
relu,480113,17,1,8161921,105.2654374
relu,8,650569,1,5204552,49.856312200000005
relu,2,8234343,1,16468686,572.9614199
relu,131,98081,1,12848611,118.4087055
relu,458,223,1,102134,2.3182589
relu,2018,5755,1,11613590,104.0792946
relu,18,197236,1,3550248,45.05957169999999
relu,39,89587,1,3493893,35.4528662
relu,2089,133,1,277837,4.6242681
relu,433739,1,1,433739,6.311285600000001
relu,4,976309,1,3905236,71.505009
relu,14,1114527,1,15603378,158.49359850000002
relu,1,12152277,1,12152277,865.7937054
relu,401,2481,1,994881,11.7979909
relu,2,7925227,1,15850454,551.3044555999999
relu,11,1024531,1,11269841,146.7425804
relu,6855854,1,1,6855854,65.21288390000001
relu,157123,95,1,14926685,133.91086610000002
relu,229,29173,1,6680617,61.6312767
relu,10254523,1,1,10254523,95.0475892
relu,159,54493,1,8664387,80.98528569999999
relu,2069985,1,1,2069985,21.1805714
relu,187673,73,1,13700129,132.181982
relu,7131497,1,1,7131497,67.8061429
relu,1,2059735,1,2059735,149.0514642
relu,1,8496953,1,8496953,606.5460177
relu,6143,618,1,3796374,37.686848100000006
relu,73,135683,1,9904859,98.16590180000001
relu,7943834,2,1,15887668,552.1372767
relu,1,6938791,1,6938791,495.82658929999997
relu,1,12514303,1,12514303,892.1188394999999
relu,1,5541266,1,5541266,396.4167143000001
relu,12,856378,1,10276536,123.6914017
relu,736,11192,1,8237312,77.7171787
relu,1318056,3,1,3954168,95.52811609999999
relu,126757,1,1,126757,2.4731163999999994
relu,1,11283107,1,11283107,804.6288303000001
relu,23,279478,1,6427994,63.3165893
relu,2,189985,1,379970,14.868866
relu,79,2685,1,212115,3.5701428000000006
relu,3841991,1,1,3841991,38.2964732
relu,4559493,1,1,4559493,43.79814270000001
relu,316,15413,1,4870508,46.909580299999995
relu,9373183,1,1,9373183,87.02958910000001
relu,271,59626,1,16158646,142.9884111
relu,391,16177,1,6325207,60.32912489999999
relu,2761911,1,1,2761911,27.8401518
relu,2636,1171,1,3086756,31.8415981
relu,1497913,2,1,2995826,106.4594643
relu,14164,17,1,240788,5.121839200000001
relu,41,318127,1,13043207,135.6908751
relu,866455,19,1,16462645,182.36516969999997
relu,4,3202536,1,12810144,226.13315199999997
relu,1829,3342,1,6112518,58.718142799999995
relu,1101931,5,1,5509655,81.8627054
relu,1,13526417,1,13526417,964.4891073000001
relu,163,15665,1,2553395,26.5870178
relu,2622971,1,1,2622971,26.368999999999993
relu,5096251,3,1,15288753,357.5765267
relu,371,9185,1,3407635,34.2104194
relu,3,3541042,1,10623126,249.96240189999997
relu,5545,977,1,5417465,54.01941059999999
relu,1,12033092,1,12033092,857.7128396
relu,1,674527,1,674527,50.127160700000005
relu,14021353,1,1,14021353,126.615259
relu,587,12905,1,7575235,70.3782766
relu,42508,47,1,1997876,20.9053838
relu,7239311,1,1,7239311,67.43160689999999
relu,1,16600421,1,16600421,1182.8644464
relu,905038,12,1,10860456,130.7101161
relu,422913,35,1,14801955,148.71471430000003
relu,162,59509,1,9640458,90.19469649999999
relu,1,13749923,1,13749923,980.0539998999999
relu,1727609,2,1,3455218,122.28755369999999
relu,45358,359,1,16283522,143.972125
relu,3967005,1,1,3967005,39.3861786
relu,1,278071,1,278071,21.5411161
relu,2,8084218,1,16168436,562.2560001
relu,1,2425494,1,2425494,174.97786610000003
relu,3,4123187,1,12369561,290.1775981
relu,321,1593,1,511353,7.6732947
relu,2940646,1,1,2940646,29.6069912
relu,11097,1101,1,12217797,108.71758929999999
relu,1559,7899,1,12314541,110.8672857
relu,101,142921,1,14435021,131.69285689999998
relu,379,24699,1,9360921,85.68913389999999
relu,137576,10,1,1375760,22.423464199999994
relu,442439,5,1,2212195,35.336848200000006
relu,10752542,1,1,10752542,98.33656260000001
relu,15,208913,1,3133695,33.44299120000001
relu,56687,107,1,6065509,59.93658039999999
relu,1,15598719,1,15598719,1111.3504465
relu,1,786757,1,786757,58.4212679
relu,1,1999549,1,1999549,144.89498220000002
relu,6544601,1,1,6544601,62.2875803
relu,2363747,5,1,11818735,167.27996439999998
relu,1270678,6,1,7624068,94.28772339999998
relu,2,3139577,1,6279154,219.97958020000002
relu,115509,17,1,1963653,27.994000000000007
relu,829,16681,1,13828549,124.43312489999998
relu,854806,11,1,9402866,123.5676964
relu,5,1680326,1,8401630,121.36230360000002
relu,647,18244,1,11803868,107.5827053
relu,66191,122,1,8075302,80.756875
relu,2003819,1,1,2003819,21.6962856
relu,9148,1151,1,10529348,96.5080893
relu,7107347,2,1,14214694,494.7252591
relu,327923,2,1,655846,24.5804553
relu,321,31341,1,10060461,95.8567144
relu,5705,1372,1,7827260,73.20585710000002
relu,1,4719565,1,4719565,338.3185983
relu,8761,367,1,3215287,32.3579911
relu,7,2328331,1,16298317,165.51527680000004
relu,8524,601,1,5122924,49.9415358
relu,118,86470,1,10203460,95.4027054
relu,22,177594,1,3907068,42.286419800000004
relu,8,955025,1,7640200,71.2007143
relu,4,1201259,1,4805036,87.62316990000002
relu,1,5333182,1,5333182,381.9750268000001
relu,95,62358,1,5924010,56.66598220000001
relu,251249,39,1,9798711,93.15866950000002
relu,1,15589115,1,15589115,1110.2634377000002
relu,636093,17,1,10813581,135.63409810000002
relu,538031,17,1,9146527,115.85858929999999
relu,4,217237,1,868948,17.749598099999996
relu,17075,301,1,5139575,51.3285981
relu,2687914,4,1,10751656,190.48701780000002
relu,607933,3,1,1823799,45.3946965
relu,8,1602110,1,12816880,115.8629823
relu,419952,1,1,419952,6.129553400000001
relu,7317607,1,1,7317607,68.25899109999999
relu,2079044,1,1,2079044,22.5650357
relu,4,1300451,1,5201804,94.7320268
relu,1,8041299,1,8041299,574.4843126000001
relu,1,13179755,1,13179755,939.5439821
relu,1466,4483,1,6572078,63.69955349999999
relu,1,2618953,1,2618953,188.93072310000002
relu,15737615,1,1,15737615,140.8462946
relu,13317245,1,1,13317245,120.16113399999999
relu,13876002,1,1,13876002,125.17483920000002
relu,4123235,4,1,16492940,290.22241959999997
relu,1,3023309,1,3023309,217.74287489999998
relu,1,15425191,1,15425191,1099.2678481
relu,8,440906,1,3527248,35.2919822
relu,1,16528799,1,16528799,1177.1350088000004
relu,1,3080488,1,3080488,221.64271440000002
relu,1,15824707,1,15824707,1127.6601605
relu,13233971,1,1,13233971,119.5291428
relu,2,5662963,1,11325926,394.7347499000001
relu,1,4851223,1,4851223,347.6161785
relu,1,1819954,1,1819954,132.150741
relu,47,257717,1,12112699,112.8532678
relu,1,2520457,1,2520457,181.71687500000002
relu,274441,45,1,12349845,118.19396429999999
relu,1,8895556,1,8895556,635.3071699
relu,3,4552990,1,13658970,320.04328580000004
relu,143,26961,1,3855423,38.405866
relu,14418578,1,1,14418578,130.11472329999998
relu,10090699,1,1,10090699,93.5778214
relu,12053807,1,1,12053807,109.93129470000001
relu,871,10124,1,8818004,81.9020087
relu,507347,32,1,16235104,145.1161696
relu,335,43427,1,14548045,130.6840358
relu,2,8058073,1,16116146,560.6594111
relu,4368376,3,1,13105128,307.0647055
relu,1,12188398,1,12188398,868.3320179
relu,1,11261043,1,11261043,802.7658751
relu,3770947,3,1,11312841,265.5918483
relu,2130868,3,1,6392604,151.8895981
relu,3357836,4,1,13431344,237.1075715
relu,3341573,2,1,6683146,234.24728570000002
relu,1,16725021,1,16725021,1191.0987143000002
relu,1307,9203,1,12028321,109.011241
relu,230,12575,1,2892250,31.427991
relu,219,57356,1,12560964,116.26429460000001
relu,5697878,2,1,11395756,397.12316979999997
relu,2,3297429,1,6594858,230.9853303
relu,34,108662,1,3694508,42.7197051
relu,30201,519,1,15674319,137.7067142
relu,803,18599,1,14934997,135.1688661
relu,36362,398,1,14472076,130.85500910000002
relu,1,7651921,1,7651921,546.7067233000001
relu,3,5336757,1,16010271,374.13697329999997
relu,110459,147,1,16237473,147.5161607
relu,11399906,1,1,11399906,104.11201770000002
relu,630389,19,1,11977391,134.3457144
relu,5832094,1,1,5832094,55.5899821
relu,23,173609,1,3993007,41.4915715
relu,135183,109,1,14734947,133.8242945
relu,11756989,1,1,11756989,107.36427690000001
relu,611,17132,1,10467652,94.6159018
relu,169319,23,1,3894337,40.391035599999995
relu,1787127,6,1,10722762,129.04227699999998
relu,2625965,1,1,2625965,26.463419899999998
relu,6,1758065,1,10548390,126.97688380000002
relu,22,142969,1,3145318,34.3475537
relu,1527797,2,1,3055594,108.484268
relu,1,9865817,1,9865817,704.1641336
relu,35791,273,1,9770943,91.84154459999999
relu,11,1219864,1,13418504,172.725875
relu,618,7845,1,4848210,48.353169600000015
relu,1,15993865,1,15993865,1139.406393
relu,14,232049,1,3248686,37.0518574
relu,1,16542839,1,16542839,1178.3231163
relu,2026639,1,1,2026639,21.991151499999997
relu,6439,1999,1,12871561,117.21773220000003
relu,1304157,9,1,11737413,184.4047056
relu,2,5613507,1,11227014,391.3455805
relu,9999037,1,1,9999037,92.75258920000002
relu,3236377,4,1,12945508,228.42586620000003
relu,150,82259,1,12338850,111.75083040000001
relu,9,1263097,1,11367873,178.7207231
relu,1,4511231,1,4511231,323.20010740000004
relu,483614,15,1,7254210,72.00384840000001
relu,3,734329,1,2202987,54.543437399999995
relu,2021191,4,1,8084764,144.61783020000001
relu,74,118996,1,8805704,88.2820267
relu,7,2035113,1,14245791,145.6924195
relu,6387139,1,1,6387139,60.861999900000015
relu,2,8222011,1,16444022,571.9357233000001
relu,12840974,1,1,12840974,116.00189289999999
relu,1,11297131,1,11297131,805.4311606000001
relu,14659679,1,1,14659679,132.1935804
relu,4190,661,1,2769590,28.139705300000003
relu,7,1149054,1,8043378,85.3571251
relu,865091,3,1,2595273,64.1232856
relu,778991,20,1,15579820,166.2565803
relu,13570243,1,1,13570243,122.52631249999999
relu,513781,25,1,12844525,147.13242859999997
relu,288,27951,1,8049888,73.4398482
relu,1,6485646,1,6485646,463.83027649999997
relu,1,1624208,1,1624208,118.0428391
relu,5199,2018,1,10491582,95.2335804
relu,1111316,4,1,4445264,81.258857
relu,1,6775817,1,6775817,484.6065804
relu,4454212,1,1,4454212,42.8034019
relu,4,1758737,1,7034948,126.36215159999999
relu,7371766,1,1,7371766,68.6808927
relu,189991,41,1,7789631,83.9740357
relu,139619,119,1,16614661,147.2357232
relu,1195,11441,1,13671995,121.85800009999998
relu,3,5094379,1,15283137,357.15098220000004
relu,61,206499,1,12596439,118.7371252
relu,1534648,1,1,1534648,16.8795447
relu,3063257,1,1,3063257,30.788410500000005
relu,64682,29,1,1875778,22.4365627
relu,1,7024564,1,7024564,502.13231239999993
relu,16719131,1,1,16719131,149.51884809999999
relu,13111163,1,1,13111163,118.4298303
relu,6,2742213,1,16453278,193.0242857
relu,2067586,5,1,10337930,147.9552767
relu,79,61499,1,4858421,46.215419399999995
relu,7831220,1,1,7831220,72.95626789999999
relu,67217,80,1,5377360,50.47301780000001
relu,77,16857,1,1297989,14.8774553
relu,1151,8214,1,9454314,86.9805894
relu,288967,2,1,577934,21.776455500000004
relu,233407,63,1,14704641,133.6908482
relu,474,8822,1,4181628,41.659419699999994
relu,434593,23,1,9995639,95.34883950000001
relu,76305,86,1,6562230,63.5111697
relu,1,9985790,1,9985790,712.6867319
relu,13819483,1,1,13819483,124.6607144
relu,15497199,1,1,15497199,138.6580001
relu,6963,402,1,2799126,28.876312299999995
relu,3,2794435,1,8383305,198.25901779999998
relu,469,25903,1,12148507,111.30829469999999
relu,1353,11425,1,15458025,137.8417053
relu,5096645,3,1,15289935,357.6667054
relu,19938,27,1,538326,8.7391518
relu,1,2811155,1,2811155,202.6818305
relu,266218,21,1,5590578,60.3920177
relu,552733,5,1,2763665,42.5328663
relu,1571227,1,1,1571227,17.2941427
relu,10585724,1,1,10585724,96.822268
relu,7939609,2,1,15879218,552.5141518
relu,60,138923,1,8335380,81.46128569999999
relu,7059343,1,1,7059343,67.1103035
relu,1,2518637,1,2518637,181.48141980000003
relu,1,6245933,1,6245933,446.6490001
relu,43,186083,1,8001569,82.3242945
relu,5769832,1,1,5769832,55.1103034
relu,3,3165431,1,9496293,223.6157414
relu,2449,2858,1,6999242,67.09286580000001
relu,1081403,4,1,4325612,79.1199912
relu,9258,1069,1,9896802,93.46459829999999
relu,2020227,8,1,16161816,144.6244377
relu,2700227,1,1,2700227,27.168839300000002
relu,515,4109,1,2116135,22.315437300000003
relu,2,2426621,1,4853242,170.4427055
relu,17591,331,1,5822621,57.7615981
relu,1799,7718,1,13884682,125.8305536
relu,48714,189,1,9206946,85.67462499999999
relu,6,2571850,1,15431100,181.93302649999998
relu,1,14831897,1,14831897,1056.98975
relu,8794817,1,1,8794817,81.69714280000001
relu,1468331,7,1,10278317,107.1486967
relu,76,195718,1,14874568,137.74414289999999
relu,65,203939,1,13256035,130.9062857
relu,10,514696,1,5146960,76.61343719999999
relu,5,1105249,1,5526245,82.152446
relu,232561,21,1,4883781,53.049124899999995
relu,1124,7397,1,8314228,77.12170520000001
relu,2247892,3,1,6743676,160.2149911
relu,10688421,1,1,10688421,97.68217849999999
relu,192197,56,1,10763032,97.5493037
relu,124567,38,1,4733546,47.302999799999995
relu,3962275,1,1,3962275,39.3728304
relu,16783,1,1,16783,1.1550087000000002
relu,248077,1,1,248077,4.0425892
relu,6175197,1,1,6175197,58.846705099999994
relu,2032649,1,1,2032649,20.7324194
relu,12,490115,1,5881380,72.98274119999999
relu,13,342683,1,4454879,52.454410900000006
relu,2653,1134,1,3008502,30.488142899999996
relu,2049,1813,1,3714837,38.9574286
relu,258133,2,1,516266,19.894151700000002
relu,14750066,1,1,14750066,132.1497055
relu,9,1562044,1,14058396,218.90401809999997
relu,4420427,2,1,8840854,308.6274195
relu,11,206729,1,2274019,33.10925
relu,15003463,1,1,15003463,134.2999731
relu,8321223,2,1,16642446,578.6575804
relu,3,1503781,1,4511343,108.78824990000001
relu,6563079,1,1,6563079,61.18916079999999
relu,34198,358,1,12242884,111.2840088
relu,263,25418,1,6684934,63.625151800000005
relu,5,148435,1,742175,13.3146965
relu,47,73874,1,3472078,35.3382589
relu,6823243,2,1,13646486,475.2842944000001
relu,5,405415,1,2027075,32.4713035
relu,114169,56,1,6393464,60.336294300000006
relu,7,2366359,1,16564513,167.4742679
relu,1,16641033,1,16641033,1185.2968839999999
relu,4,3082333,1,12329332,218.33654470000002
relu,1342325,2,1,2684650,95.41656250000001
relu,1986421,5,1,9932105,142.17358910000002
relu,15032003,1,1,15032003,134.58858930000002
relu,2028757,6,1,12172542,145.21817869999998
relu,571173,11,1,6282903,84.8758659
relu,271,31123,1,8434333,78.30925909999999
relu,1814213,9,1,16327917,253.1150267
relu,1,6602891,1,6602891,472.28742869999996
relu,4969,2202,1,10941738,99.4602857
relu,56392,127,1,7161784,68.908598
relu,11498619,1,1,11498619,104.99486610000001
relu,7,749811,1,5248677,57.234731999999994
relu,13309,919,1,12230971,107.4951786
relu,1,6635001,1,6635001,474.1845894
relu,1417964,9,1,12761676,199.6594196
relu,5214283,1,1,5214283,49.9581429
relu,6203,827,1,5129881,49.3624196
relu,6,752198,1,4513188,57.3692857
relu,18,264614,1,4763052,58.9084108
relu,4402736,3,1,13208208,309.544536
relu,6,2727063,1,16362378,192.07299099999997
relu,535862,18,1,9645516,114.57883920000002
relu,193,70759,1,13656487,124.83899999999998
relu,11316993,1,1,11316993,103.3528661
relu,1043813,10,1,10438130,149.4327322
relu,4734866,2,1,9469732,330.46341960000007
relu,6582,1460,1,9609720,88.33484829999999
relu,110,14104,1,1551440,17.380000099999997
relu,148,109347,1,16183356,145.66500880000004
relu,19687,605,1,11910635,107.13258069999999
relu,312,36953,1,11529336,105.1135447
relu,1700663,5,1,8503315,122.87683040000002
relu,154188,40,1,6167520,57.696857
relu,753,18753,1,14121009,128.9715894
relu,2,1447252,1,2894504,102.871545
relu,1,7827692,1,7827692,559.208875
relu,159613,79,1,12609427,113.30641090000002
relu,17,261586,1,4446962,59.4555625
relu,416382,7,1,2914674,33.33584830000001
relu,1,6637255,1,6637255,474.64987499999995
relu,218355,8,1,1746840,19.055437400000002
relu,7039617,2,1,14079234,490.0444375000001
relu,28122,83,1,2334126,26.335160699999996
relu,13,570697,1,7419061,84.7594553
relu,1,12626364,1,12626364,900.1198929999998
relu,295,5667,1,1671765,17.961883899999997
relu,269,11185,1,3008765,29.478893000000006
relu,30779,487,1,14989373,132.4396963
relu,850711,19,1,16163509,179.19300900000002
relu,6,711261,1,4267566,54.4155979
relu,449047,33,1,14818551,157.6848751
relu,10662,10,1,106620,3.0117321
relu,48481,266,1,12895946,115.92883940000002
relu,26563,23,1,610949,8.6622858
relu,144,16166,1,2327904,23.484669499999995
relu,22218,326,1,7243068,69.26942839999998
relu,257,10351,1,2660207,27.5681339
relu,15018785,1,1,15018785,134.46601809999999
relu,131770,35,1,4611950,49.90731280000001
relu,1,16157693,1,16157693,1150.1165534000002
relu,1022038,9,1,9198342,146.40643740000002
relu,122,45599,1,5563078,57.072017900000006
relu,102387,83,1,8498121,82.5792855
relu,4700239,2,1,9400478,328.2909912
relu,148727,71,1,10559617,95.9012769
relu,12,270628,1,3247536,41.71687490000001
relu,246787,1,1,246787,4.0025534
relu,3,4736606,1,14209818,332.11985730000004
relu,3847019,3,1,11541057,271.0402858
relu,7760,83,1,644080,9.364857299999999
relu,4363,3647,1,15911861,140.55230369999998
relu,101,845,1,85345,2.1497321
relu,14006866,1,1,14006866,126.4488661
relu,2521,470,1,1184870,13.4897319
relu,64192,82,1,5263744,53.5291427
relu,1621701,4,1,6486804,116.4961519
relu,2510,439,1,1101890,12.7467322
relu,1065094,1,1,1065094,12.0252769
relu,127,129919,1,16499713,148.6685535
relu,22,51436,1,1131592,13.781285800000001
relu,17,456587,1,7761979,100.0904639
relu,10206257,1,1,10206257,94.6420001
relu,73,147484,1,10766332,105.7281428
relu,82544,35,1,2889040,32.767571499999995
relu,3,4939861,1,14819583,346.7804106
relu,11251607,1,1,11251607,102.7718482
relu,2,7261853,1,14523706,505.7205717
relu,3,2261803,1,6785409,161.1588573
relu,315943,46,1,14533378,134.82052689999998
relu,6951915,1,1,6951915,64.89370509999999
relu,15251284,1,1,15251284,136.48499109999997
relu,1,5398303,1,5398303,386.5370088
relu,507817,11,1,5585987,75.5975714
relu,469106,34,1,15949604,164.7145714
relu,1,16729679,1,16729679,1192.1980358
relu,9,803514,1,7231626,116.1254465
relu,612065,5,1,3060325,46.8941606
relu,7717051,1,1,7717051,71.8674556
relu,652,2806,1,1829512,20.009839399999997
relu,84754,67,1,5678518,57.667134
relu,9491925,1,1,9491925,88.0156784
relu,13919,254,1,3535426,35.1926965
relu,1,9843538,1,9843538,702.1886787
relu,994499,14,1,13922986,142.47016989999997
relu,5,854951,1,4274755,65.06188390000001
relu,12668,721,1,9133628,85.28700899999998
relu,3712,1153,1,4279936,43.4606875
relu,578,16424,1,9493072,89.20399119999999
relu,59,283873,1,16748507,159.66426779999998
relu,1,4030121,1,4030121,289.0285626
relu,2323669,1,1,2323669,23.602009
relu,461,35758,1,16484438,146.9408661
relu,109,142387,1,15520183,140.383027
relu,7003,349,1,2444047,26.3589821
relu,662,15177,1,10047174,93.24116940000002
relu,250,49225,1,12306250,112.5446788
relu,3,1332569,1,3997707,96.5447054
relu,3457,2697,1,9323529,86.941
relu,6,907141,1,5442846,67.6528394
relu,4110074,1,1,4110074,40.7871787
relu,919,10421,1,9576899,88.549009
relu,3041,113,1,343633,5.3500356
relu,639,2807,1,1793673,19.549134000000002
relu,19,96497,1,1833443,23.476999800000005
relu,67,90453,1,6060351,60.26700039999999
relu,1,10798537,1,10798537,770.3874108
relu,1,13054183,1,13054183,930.2556875
relu,4,3617163,1,14468652,255.223018
relu,239833,62,1,14869646,137.3723124
relu,376,14312,1,5381312,50.9781519
relu,12,1369453,1,16433436,192.8478663
relu,11602820,1,1,11602820,105.99071430000001
relu,5872,412,1,2419264,26.009428500000002
relu,7748786,1,1,7748786,72.1288661
relu,422563,15,1,6338445,64.3884285
relu,1,7223711,1,7223711,516.1018571000001
relu,252401,15,1,3786015,38.88652689999999
relu,93,28571,1,2657103,27.763741099999997
relu,330068,43,1,14192924,140.8294284
relu,470122,13,1,6111586,70.0905625
relu,27,61234,1,1653318,21.304750300000002
relu,771283,20,1,15425660,164.6262678
relu,67,128585,1,8615195,84.36183930000001
relu,2,6851107,1,13702214,477.1625713999999
relu,11645421,1,1,11645421,106.31013379999999
relu,337,22993,1,7748641,72.86173219999999
relu,9745,1090,1,10622050,97.8297056
relu,2,1183773,1,2367546,84.5402767
relu,152,39671,1,6029992,55.8048215
relu,4758,2848,1,13550784,123.96456260000002
relu,10463791,1,1,10463791,96.94028570000002
relu,911,3237,1,2948907,30.0585624
relu,24451,463,1,11320813,102.832277
relu,311253,31,1,9648843,91.15013400000001
relu,117,105359,1,12327003,113.1880269
relu,145,109156,1,15827620,145.5747054
relu,317,44194,1,14009498,125.57354489999997
relu,2,4337427,1,8674854,303.0171608
relu,147,68147,1,10017609,94.70314290000002
relu,11285590,1,1,11285590,103.1501428
relu,594596,14,1,8324344,88.3424374
relu,5405,2122,1,11469410,104.72786589999998
relu,49293,222,1,10943046,100.2800268
relu,8,945244,1,7561952,70.52628569999999
relu,132,54257,1,7161924,69.3178303
relu,10,1124242,1,11242420,159.75617860000003
relu,2,4117837,1,8235674,287.8914375
relu,398135,26,1,10351510,115.2995895
relu,2023,809,1,1636607,18.055401699999997
relu,3901977,3,1,11705931,275.0694196
relu,302435,42,1,12702270,129.9162858
relu,2710535,5,1,13552675,190.8860088
relu,1898641,7,1,13290487,136.0504375
relu,1,2675261,1,2675261,192.9781696
relu,1,16117477,1,16117477,1148.2601518
relu,292577,13,1,3803501,44.9917052
relu,2,4527484,1,9054968,316.0934197
relu,14709049,1,1,14709049,131.7117234
relu,223,31604,1,7047692,66.7897053
relu,59518,199,1,11844082,107.94201799999999
relu,529953,17,1,9009201,113.98772340000001
relu,23725,533,1,12645425,116.0605804
relu,2968961,3,1,8906883,209.98601789999998
relu,2273076,3,1,6819228,162.12045530000006
relu,295923,25,1,7398075,86.77797330000001
relu,1,10100522,1,10100522,720.5325892999999
relu,7,808193,1,5657351,61.619437100000006
relu,1,10948011,1,10948011,781.0111251999999
relu,166973,2,1,333946,13.227437500000002
relu,21501,54,1,1161054,13.2690179
relu,27,344393,1,9298611,100.7083125
relu,409,29917,1,12236053,112.1574106
relu,11203,1187,1,13297961,120.2473213
relu,5964802,1,1,5964802,56.960035500000004
relu,54868,253,1,13881604,125.24441040000002
relu,1,5504647,1,5504647,393.84715159999996
relu,9957901,1,1,9957901,92.346714
relu,1,15405206,1,15405206,1097.180732
relu,729,17209,1,12545361,112.59999990000001
relu,1,11851242,1,11851242,845.1508393
relu,7,854149,1,5979043,65.0588304
relu,1,13546234,1,13546234,965.4844463
relu,106861,26,1,2778386,34.2549645
relu,7620128,1,1,7620128,70.99242849999999
relu,6884,1288,1,8866592,79.79187499999999
relu,326,39563,1,12897538,114.36914279999999
relu,147,22889,1,3364683,34.555857
relu,6,1345452,1,8072712,98.33413399999999
relu,8,689807,1,5518456,52.710178500000005
relu,643,2258,1,1451894,15.379285500000003
relu,2,1452277,1,2904554,103.1524373
relu,2,6062816,1,12125632,422.3206071000001
relu,33,437583,1,14440239,153.61441080000003
relu,2,4813944,1,9627888,335.90586600000006
relu,5,2012557,1,10062785,144.0908305
relu,1,15896878,1,15896878,1132.1009911
relu,4454413,2,1,8908826,311.1268483
relu,25951,397,1,10302547,95.07311589999998
relu,252,16462,1,4148424,41.4032856
relu,2416039,5,1,12080195,170.90812499999998
relu,11995042,1,1,11995042,109.55754449999999
relu,86,89508,1,7697688,72.4387055
relu,3,2747796,1,8243388,194.6629823
relu,1,6886003,1,6886003,492.32500889999994
relu,1,9602485,1,9602485,685.0949912
relu,7956943,1,1,7956943,74.04774110000001
relu,5,1239211,1,6196055,90.74947340000001
relu,1,7610902,1,7610902,543.9554195
relu,1,2097764,1,2097764,151.71701770000004
relu,64,126472,1,8094208,74.4801516
relu,7,1696927,1,11878489,122.50756230000002
relu,4695116,1,1,4695116,45.069008800000006
relu,1,3031983,1,3031983,218.1904376
relu,71649,142,1,10174158,94.3947498
relu,11574061,1,1,11574061,105.6273033
relu,534833,14,1,7487662,79.5024373
relu,227306,14,1,3182284,36.28984810000001
relu,1,3670651,1,3670651,263.5124465999999
relu,913,5623,1,5133799,47.9898482
relu,9229705,1,1,9229705,85.7054373
relu,1,7197893,1,7197893,514.5104552
relu,10330045,1,1,10330045,95.7008749
relu,1,13167698,1,13167698,938.5681519
relu,1,3941356,1,3941356,282.9458569
relu,51306,258,1,13236948,119.82815190000001
relu,5426331,3,1,16278993,380.527009
relu,162,29207,1,4731534,48.2849822
relu,6956,775,1,5390900,51.270589199999996
relu,1,12833993,1,12833993,915.2190269
relu,9,391411,1,3522699,59.7392861
relu,11879,1316,1,15632764,138.6835537
relu,8261023,1,1,8261023,76.767839
relu,745307,4,1,2981228,55.4905624
relu,14,1031308,1,14438312,147.71729499999998
relu,224258,53,1,11885674,113.6304552
relu,1509,6727,1,10151043,94.34817849999999
relu,6827633,1,1,6827633,63.7338215
relu,1258963,1,1,1258963,13.985883999999999
relu,2214785,2,1,4429570,155.9291786
relu,347304,18,1,6251472,76.97169650000001
relu,1,1625006,1,1625006,118.0887233
relu,38,159023,1,6042874,59.438741199999996
relu,19898,332,1,6606136,63.186580100000015
relu,134,109103,1,14619802,132.42768770000004
relu,4976953,2,1,9953906,347.3478749
relu,5380069,1,1,5380069,51.42409829999999
relu,2580,5089,1,13129620,117.70826800000002
relu,1,10657173,1,10657173,760.3364375
relu,571652,2,1,1143304,41.6417409
relu,315,30804,1,9703260,90.4013036
relu,4737782,3,1,14213346,332.38401790000006
relu,1,10052779,1,10052779,716.9852678
relu,7320717,1,1,7320717,68.1778749
relu,7269289,1,1,7269289,67.67931239999999
relu,131,66823,1,8753813,82.95900889999999
relu,125198,11,1,1377178,21.740294499999997
relu,1,3900143,1,3900143,279.98002690000004
relu,1883263,1,1,1883263,20.4787321
relu,43,178783,1,7687669,78.79883019999998
relu,727,9974,1,7251098,65.4127231
relu,1593518,8,1,12748144,115.1987142
relu,10,1033816,1,10338160,148.0356874
relu,32771,67,1,2195657,23.884152
relu,1,5883091,1,5883091,420.9936966
relu,57,146342,1,8341494,85.967125
relu,4100,2558,1,10487800,95.6582944
relu,1,9812653,1,9812653,700.066982
relu,5,155549,1,777745,13.838759
relu,14,672565,1,9415910,98.3758574
relu,26931,476,1,12819156,115.574143
relu,2183,2779,1,6066557,59.988571300000004
relu,1529,5879,1,8988991,82.7647231
relu,1796393,1,1,1796393,19.6625802
relu,4726,407,1,1923482,21.0034646
relu,938,12829,1,12033602,111.3155715
relu,1,15923363,1,15923363,1134.2762948
relu,570,20435,1,11647950,106.21901779999999
relu,206419,56,1,11559464,104.70500900000002
relu,2,1189605,1,2379210,84.9834196
relu,2291,2658,1,6089478,59.90826800000001
relu,3390842,4,1,13563368,239.5574106
relu,11948819,1,1,11948819,109.11497349999999
relu,461015,7,1,3227105,36.8402945
relu,3,1191187,1,3573561,87.0181607
relu,866,3400,1,2944400,30.331455399999992
relu,274,56051,1,15357974,138.06756260000003
relu,159,68683,1,10920597,99.24775000000001
relu,1,11205785,1,11205785,798.8471517999999
relu,1,4388037,1,4388037,314.8738392
relu,151,39531,1,5969181,55.7818483
relu,10433,1277,1,13322941,120.3327145
relu,4733294,2,1,9466588,330.5796963
relu,42021,223,1,9370683,86.6495358
relu,50715,34,1,1724310,21.9082589
relu,202,21471,1,4337142,42.469419699999996
relu,89627,151,1,13533677,120.43356259999999
relu,331,22923,1,7587513,71.1767231
relu,2,7737362,1,15474724,538.3011607000001
relu,1750,970,1,1697500,18.9537141
relu,733,1079,1,790907,9.5239911
relu,265606,62,1,16467572,149.4622948
relu,2249,6087,1,13689663,122.7992768
relu,46,137913,1,6343998,62.69328560000001
relu,2371173,3,1,7113519,168.58804479999998
relu,3,2159698,1,6479094,153.9589821
relu,19,543859,1,10333321,117.0197412
relu,18,911075,1,16399350,190.90341070000002
relu,8794,590,1,5188460,51.18441990000001
relu,34273,90,1,3084570,32.94242870000001
relu,407509,24,1,9780216,89.5115714
relu,4,3085603,1,12342412,218.43240180000004
relu,45712,158,1,7222496,68.2376874
relu,5,3233059,1,16165295,226.09313379999998
relu,1,10369997,1,10369997,739.6987320000001
relu,1,8636978,1,8636978,616.6881160999999
relu,16113038,1,1,16113038,144.1281247
relu,1,6593017,1,6593017,471.40326780000004
relu,1493,11207,1,16732051,146.83825900000002
relu,3412936,1,1,3412936,34.1747321
relu,1,12827959,1,12827959,914.4388483
relu,1640953,2,1,3281906,116.22600910000001
relu,129998,38,1,4939924,49.2174555
relu,623,9049,1,5637527,55.27474110000001
relu,31,166190,1,5151890,50.872160699999995
relu,2152631,7,1,15068417,153.1945624
relu,1,16561613,1,16561613,1179.4897232999997
relu,834049,1,1,834049,9.6621341
relu,1627,1786,1,2905822,29.0952855
relu,590123,1,1,590123,8.246152200000001
relu,11134274,1,1,11134274,101.7590181
relu,9,1014037,1,9126333,145.3110269
relu,3,3253013,1,9759039,229.67755340000002
relu,1329,7459,1,9913011,91.5675446
relu,2,6228276,1,12456552,433.8374196
relu,2204549,6,1,13227294,156.7735359
relu,7409,896,1,6638464,62.865750000000006
relu,2,2923876,1,5847752,205.13685689999997
relu,3259,9,1,29331,1.5499911000000002
relu,36857,185,1,6818545,66.7158928
relu,482,32119,1,15481358,138.3581163
relu,4916,3284,1,16144144,145.3990002
relu,63002,114,1,7182228,70.0452947
relu,327,47925,1,15671475,139.6367053
relu,8,187440,1,1499520,16.4607141
relu,5,115731,1,578655,10.570607400000002
relu,880732,1,1,880732,10.172571399999999
relu,1,8981572,1,8981572,641.1910895
relu,12327935,1,1,12327935,112.465884
relu,2754619,6,1,16527714,194.0323214
relu,7,1382555,1,9677885,101.1265984
relu,1,1934965,1,1934965,140.1434107
relu,335419,29,1,9727151,98.1345447
relu,628880,26,1,16350880,177.96453579999996
relu,613,12253,1,7511089,71.08584820000002
relu,1,13408859,1,13408859,955.9664376000001
relu,970521,17,1,16498857,204.32344640000002
relu,226353,37,1,8375061,84.143125
relu,19,661358,1,12565802,140.83930329999998
relu,249,28855,1,7184895,69.40669659999999
relu,149,1113,1,165837,3.1479999999999997
relu,27,546129,1,14745483,155.6168215
relu,1,16692467,1,16692467,1188.7565891999998
relu,2873981,2,1,5747962,201.66957129999997
relu,743571,3,1,2230713,55.334116099999996
relu,4099902,2,1,8199804,286.50714289999996
relu,158500,102,1,16167000,145.159152
relu,16,570218,1,9123488,84.7155532
relu,1252149,1,1,1252149,13.904607099999998
relu,11707214,1,1,11707214,106.9061428
relu,123441,75,1,9258075,91.59014280000001
relu,382,41198,1,15737636,141.6665804
relu,92692,13,1,1204996,16.411856899999997
relu,4,816281,1,3265124,60.57611609999999
relu,23,68351,1,1572073,17.8309823
relu,5967,200,1,1193400,13.5120001
relu,234074,26,1,6085924,69.7942588
relu,368717,41,1,15117397,157.45281260000002
relu,1,1875278,1,1875278,135.89959840000003
relu,19,67934,1,1290746,17.7417146
relu,85,194331,1,16518135,149.71186600000001
relu,165065,39,1,6437535,61.6000268
relu,9634358,1,1,9634358,89.387875
relu,67265,143,1,9618895,87.9945802
relu,2223542,3,1,6670626,158.4865891
relu,76,66853,1,5080828,50.685017900000005
relu,451391,12,1,5416692,68.68524120000001
relu,161,3971,1,639331,9.344964300000001
relu,57181,102,1,5832462,56.164991099999995
relu,3,5104777,1,15314331,358.24226769999996
relu,1301,3599,1,4682299,46.90471439999999
relu,7033,711,1,5000463,49.3505893
relu,3118,212,1,661016,8.281732
relu,2436204,4,1,9744816,173.0764198
relu,1539,1489,1,2291571,23.8538478
relu,49917,87,1,4342779,43.0894286
relu,94,12353,1,1161182,13.3257321
relu,14,1894,1,26516,1.3297411000000001
relu,15,941662,1,14124930,134.966143
relu,1114,4657,1,5187898,49.089419899999996
relu,10,1191107,1,11911070,168.6456071
relu,43,229002,1,9847086,100.5047233
relu,1,1202965,1,1202965,88.1388837
relu,10387447,1,1,10387447,96.322732
relu,39,118710,1,4629690,45.0339912
relu,2274,3397,1,7724778,72.2605803
relu,1,1176611,1,1176611,86.2347142
relu,1254894,6,1,7529364,91.8081875
relu,2,241079,1,482158,18.534732
relu,119243,94,1,11208842,104.51799999999999
relu,5888561,1,1,5888561,56.146758999999996
relu,3907,3645,1,14241015,125.97742850000002
relu,7716479,1,1,7716479,71.85144640000001
relu,1,2001656,1,2001656,144.99170529999998
relu,13180919,1,1,13180919,119.00745549999999
relu,7,643134,1,4501938,49.3024018
relu,22,246005,1,5412110,56.02114290000001
relu,398914,19,1,7579366,88.12971430000002
relu,1119,948,1,1060812,12.374169499999999
relu,165602,33,1,5464866,61.819562700000006
relu,3,3349315,1,10047945,236.7300087
relu,3,4840169,1,14520507,339.984
relu,1,4858695,1,4858695,347.98698210000003
relu,108,163,1,17604,1.1664374999999998
relu,1163,10259,1,11931217,107.23842859999999
relu,20243,229,1,4635647,44.9747321
relu,312,9612,1,2998944,30.0382767
relu,5470994,1,1,5470994,52.3287053
relu,3,5180549,1,15541647,363.3230089
relu,2223407,3,1,6670221,158.5292768
relu,15300783,1,1,15300783,136.93957160000002
relu,25,299967,1,7499175,89.1043035
relu,1,3863518,1,3863518,277.4632944
relu,165,39358,1,6494070,60.2901606
relu,45229,199,1,9000571,83.0834375
relu,1,3374375,1,3374375,242.51056249999996
relu,644803,7,1,4513621,49.288990999999996
relu,2300,4175,1,9602500,87.4312679
relu,2299,4126,1,9485674,85.93124979999999
relu,5,3068873,1,15344365,215.05615199999997
relu,3,179767,1,539301,14.867562600000003
relu,129,104578,1,13490562,125.18710720000001
relu,13,1160031,1,15080403,164.7622948
